replicate	true_T	stratum	sites	mean_width	mean_d0	mean_mutation_age	carried_fraction	map_T_exact	map_T_edge	mean_T_exact	mean_T_edge	ci95_width_exact	ci95_width_edge
1	5457.129834083312	0k-3k	2421	1851.860456162073	1.9454770755885997	3587.970230928588	0.01982651796778191	4650.0	4550.0	4603.44883790535	4544.848476271699	2970.4757863142536	2923.92758834042
1	5457.129834083312	3k-10k	9236	6487.534531236201	2.4370939800779556	7906.073934386286	0.04125162407968817	5450.0	5400.0	5400.480344703822	5394.643778981834	827.5911022620539	1061.3489993205594
1	5457.129834083312	10k-30k	16650	18765.156142626616	3.761861861861862	20155.369127980077	0.1114114114114114	5400.0	5550.0	5363.559000329442	5546.823923014044	808.2475174972142	1301.2469041365111
1	5457.129834083312	30k-100k	22648	58632.64488765193	6.69012716354645	55193.14903561602	0.2429795125397386	5850.0	7900.0	5818.788527230026	7890.17303526009	1244.5055357951214	2428.063781823572
1	5457.129834083312	100k-300k	21749	183317.18228799678	10.092234125706929	134624.57428300328	0.3747298726378224	4100.0	4800.0	4119.760796415798	4812.7147013714675	2025.160891969364	2468.973487324558
1	5457.129834083312	300k-inf	317	300000.0	1.0	156926.5480729853	0.10725552050473186	6050.0	6000.0	6687.700134132567	6969.864123936759	10833.86654744677	12330.118581024275
1	5457.129834083312	all	73021	79248.7039600496	6.315785869818272	63611.890989533764	0.21871790306898015	5400.0	5550.0	5363.081639665933	5570.709661843049	533.3825667025858	717.6359684421377
2	4613.21094924136	0k-3k	2384	1833.3329842276921	1.973993288590604	3708.9361076446035	0.024328859060402684	3600.0	3350.0	3535.6953018201557	3347.952944558911	2229.5823108205864	2204.5238659585407
2	4613.21094924136	3k-10k	9260	6467.283813725757	2.456047516198704	8108.023122580464	0.04460043196544276	4450.0	4500.0	4412.137489765255	4480.261861037115	708.9739458041763	980.6530771236485
2	4613.21094924136	10k-30k	16925	18814.28017867223	3.7041063515509602	20142.515901107916	0.11338257016248153	4200.0	4950.0	4187.286165423911	4912.428167369596	809.0096076069503	1376.976652052791
2	4613.21094924136	30k-100k	22708	58628.44077287872	6.586093006869826	55407.81482920068	0.24506781750924783	4500.0	7150.0	4434.17511387786	7176.213455809358	1021.6138809064905	2299.2295482164345
2	4613.21094924136	100k-300k	22395	183215.94863130723	9.931011386470194	134404.06458568698	0.3812011609734316	3750.0	4650.0	3759.247778553004	4698.045666807527	1827.943075549662	2284.768970760544
2	4613.21094924136	300k-inf	353	300000.0	1.0	155784.97720305942	0.11331444759206799	7500.0	7050.0	8009.041866902834	7958.450597689905	10773.217127694481	12425.906925092346
2	4613.21094924136	all	74025	80014.11967095146	6.247294832826748	64140.577668525504	0.22332995609591355	4300.0	4750.0	4289.774136158681	4722.818151783842	483.49556053756123	631.1063313728273
3	306.71710297720864	0k-3k	2567	1873.7476637027714	1.8936501753019088	3612.3955632939014	0.03856641994546163	600.0	500.0	562.728748914191	506.3684336676472	842.9740637295334	894.6518643792946
3	306.71710297720864	3k-10k	8675	6383.092442498451	2.465014409221902	8145.6555833271	0.06743515850144093	350.0	200.0	348.8033182891777	297.1454186875727	648.3981823607081	698.0025038466525
3	306.71710297720864	10k-30k	16540	18876.21846112127	3.73186215235792	20242.764723317785	0.13367593712212816	0.0	0.0	105.26051483095645	214.93366283637295	348.09949104317167	686.2428360586222
3	306.71710297720864	30k-100k	23329	58694.22651180432	6.626773543658108	55340.84816781195	0.24938917227485105	0.0	0.0	152.80528898440727	354.88057509787336	500.8492480861406	1045.0396534386132
3	306.71710297720864	100k-300k	22561	182685.1892905676	9.995833518017818	134106.49025609557	0.3866849873675812	0.0	0.0	214.03664025198867	265.6074715342677	675.2581834070072	820.558612171668
3	306.71710297720864	300k-inf	303	300000.0	1.0	135130.14481937725	0.0627062706270627	0.0	0.0	1952.5676600723698	1696.0746050442376	5905.237753635317	5297.2903580211305
3	306.71710297720864	all	73975	80488.4630809966	6.3316661034133155	64512.59908854265	0.2359716120310916	50.0	150.0	127.56620904409434	183.56960201078036	325.2382684199135	433.1817257138912
4	4574.385947143199	0k-3k	2352	1868.269652286081	1.9668367346938775	3812.6959845870597	0.020833333333333332	3850.0	4000.0	3816.223333702301	3940.5320753687447	2302.0981054843037	2451.266743146056
4	4574.385947143199	3k-10k	9168	6411.509002101359	2.4456806282722514	8084.536266898457	0.042648342059336826	4500.0	4600.0	4473.394628409322	4582.885054987733	697.2479450606406	928.2039882151139
4	4574.385947143199	10k-30k	17010	18845.705775065264	3.650970017636684	19684.599191762107	0.11246325690770136	4900.0	5450.0	4865.482197297817	5429.963319444037	810.3749351163287	1344.9661424494425
4	4574.385947143199	30k-100k	22370	58822.08497190703	6.604291461779169	55105.698466051406	0.24550737594993294	3700.0	5000.0	3703.326706156283	4997.599390869323	1559.7499394706815	2448.1599625940694
4	4574.385947143199	100k-300k	21993	184249.2913267427	10.11480925749102	135779.4513392487	0.38216705315327604	4500.0	6950.0	4506.966580520958	6992.703761071393	1798.0234546694014	2592.2134333971635
4	4574.385947143199	300k-inf	345	300000.0	1.0	152002.75146018268	0.1391304347826087	10800.0	11950.0	10698.439570276521	13127.46850816942	9264.67942579502	15757.651971959305
4	4574.385947143199	all	73238	79948.72941584855	6.2766460034408365	64027.887421092564	0.22253474972009066	4500.0	4950.0	4515.531148211647	4944.359449513671	487.6922512116598	576.829307107354
5	6305.238944828257	0k-3k	2493	1871.272727712358	1.9001203369434416	3622.8999088799424	0.01684717208182912	4800.0	4800.0	4795.343302711299	4771.33806045351	2841.626156085477	2892.8532234222253
5	6305.238944828257	3k-10k	9096	6488.446214288572	2.4499780123131045	8100.217068721453	0.038808267370272646	6100.0	5900.0	6091.124031021045	5888.694282266946	930.3350785634275	1104.197245207607
5	6305.238944828257	10k-30k	16879	18808.123708153846	3.712779193080159	19943.512541135802	0.11161798684756206	5700.0	5500.0	5675.534625599974	5498.2323575103865	917.5310240120161	1316.1451936837866
5	6305.238944828257	30k-100k	22569	58369.47757756181	6.636847002525588	55231.83126778317	0.23957641012007622	5750.0	8500.0	5730.096479007754	8473.172970238391	1420.582778318494	2549.4994428631417
5	6305.238944828257	100k-300k	22427	183836.4645558085	9.977437909662461	135289.19665623497	0.3728987381281491	4950.0	5850.0	4945.180651369334	5878.481237058393	2021.4759049629283	2513.9395735754997
5	6305.238944828257	300k-inf	321	300000.0	1.0	147417.57833463562	0.0529595015576324	0.0	0.0	1167.236739019937	1198.1725809186269	3842.1354486347186	4002.730374860846
5	6305.238944828257	all	73785	80201.76783609668	6.282604865487565	64339.86674865023	0.2177407332113573	5750.0	5850.0	5714.968758895669	5864.266375691313	594.0860668177693	734.241708880465
6	3590.973940471097	0k-3k	2517	1843.804259602942	1.920937624155741	3675.9777946886634	0.01986491855383393	3350.0	3200.0	3241.1978170335688	3101.820172026263	1764.2941554814474	1750.7942413155224
6	3590.973940471097	3k-10k	8865	6467.2429412914125	2.481895093062606	7945.9942573536855	0.04952058657642414	3300.0	3300.0	3279.6789821939283	3296.0835599028596	651.3722670996995	845.5913876681752
6	3590.973940471097	10k-30k	16526	18963.118868451536	3.7341159385211182	20309.369564067645	0.11878252450683771	3550.0	3750.0	3495.970538169067	3716.747678237008	723.4640168557762	1387.7149241199795
6	3590.973940471097	30k-100k	22889	58779.99379385627	6.645069684127747	55588.55621690082	0.24269299663593866	3300.0	5200.0	3293.1991523773227	5197.871808668419	1242.1008727358821	2284.64618929589
6	3590.973940471097	100k-300k	22636	182418.94878822475	9.90687400600813	133618.76871386275	0.38186958826647815	3500.0	5450.0	3530.519948314887	5498.493430678894	1716.7840619947397	2354.607065939418
6	3590.973940471097	300k-inf	308	300000.0	1.0	149927.6069508378	0.03896103896103896	0.0	0.0	853.9082804224801	854.1947546885754	3006.954298251238	3022.303128627287
6	3590.973940471097	all	73741	80584.85875067914	6.308647834990032	64529.433170325225	0.22596655863088377	3400.0	3650.0	3366.3888418222723	3622.281392163409	442.40417492337565	550.5886827061877
7	5526.5449055494155	0k-3k	2466	1883.4618906862206	1.9355231143552312	3807.4434320574355	0.017437145174371452	5100.0	5100.0	5021.966400890834	5011.0010222546125	2916.6408098922257	2902.709162973348
7	5526.5449055494155	3k-10k	8713	6408.0773877871125	2.4978767359118557	8296.098812846623	0.04108802938138414	5450.0	5600.0	5411.488884956554	5597.390816228963	773.2648660611139	1147.0040774031313
7	5526.5449055494155	10k-30k	16863	18848.064425293698	3.644072822155014	19754.04064983939	0.10733558678764159	5750.0	6150.0	5694.106564828428	6116.057721299074	675.9038300809207	1297.3527935379007
7	5526.5449055494155	30k-100k	22804	58775.40445371886	6.542229433432731	55074.21441865278	0.24013330994562357	5500.0	7450.0	5485.187061849226	7427.023190898742	1298.253663601059	2492.030269068946
7	5526.5449055494155	100k-300k	22462	183675.5854995872	10.132668506811504	136087.77512320076	0.3843379930549372	4550.0	5600.0	4578.33325709854	5618.027852781481	1990.9748470102109	2483.601131165926
7	5526.5449055494155	300k-inf	315	300000.0	1.0	138071.52149339247	0.13968253968253969	10600.0	12050.0	10647.255028466316	13309.738307318361	9864.917625019993	16300.453483786809
7	5526.5449055494155	all	73623	80665.667391444	6.317197071567309	64803.03670902762	0.22226749792863643	5500.0	5950.0	5514.481244965211	5921.219491138784	487.5975587614812	737.1011714726847
8	7115.247700782428	0k-3k	2543	1860.802329394231	1.9264648053480142	3772.8649455533964	0.01533621706645694	7100.0	6950.0	6835.816139413028	6794.841500005604	2674.0197394871966	2979.1339352074674
8	7115.247700782428	3k-10k	9053	6454.31199176103	2.551971722081078	8472.425972796353	0.03788799293052027	7000.0	6950.0	6949.90012072037	6935.982229737924	1066.3868188958504	1254.1060884625822
8	7115.247700782428	10k-30k	17054	18961.68570393915	3.706989562565967	20067.699036962014	0.09704468159962472	7150.0	7600.0	7084.315170624075	7609.544249443574	611.3305933601368	1251.9234867924015
8	7115.247700782428	30k-100k	22700	58368.9939741789	6.540352422907489	55237.55869767137	0.23215859030837005	6600.0	9200.0	6563.82902786411	9208.026240902334	1327.6676416291539	2530.01160988652
8	7115.247700782428	100k-300k	22720	183377.36502468694	10.07781690140845	135254.70557510646	0.375	6250.0	8450.0	6202.170748391423	8468.177125395794	1712.0918628292775	2790.0906045638585
8	7115.247700782428	300k-inf	401	300000.0	1.0	150445.6484642393	0.0798004987531172	2100.0	1750.0	2878.9618887090814	2716.5157352812903	6862.534284066758	6808.407204583122
8	7115.247700782428	all	74471	80543.37112909439	6.298505458500625	64665.950576765936	0.2129553786037518	6900.0	7500.0	6897.516745412898	7486.745762585221	533.2662987825925	750.152517511844
9	4722.197404517951	0k-3k	2428	1880.0156261253828	1.8657331136738056	3703.6056579549045	0.018945634266886325	4350.0	4100.0	4281.249993705682	4058.137223053548	2520.12326396525	2446.6329845110195
9	4722.197404517951	3k-10k	9106	6355.314128048417	2.3971008126509994	7917.037895918394	0.04063254996705469	4750.0	4750.0	4762.844178024456	4725.57191676629	802.1310772160514	1003.6073050068508
9	4722.197404517951	10k-30k	17055	18937.50099676394	3.778422749926708	20516.7847825474	0.11023160363529756	5050.0	5550.0	5015.665978843353	5520.934630012942	739.9062621657176	1287.1619297896323
9	4722.197404517951	30k-100k	23370	58392.32256333367	6.561959777492512	55118.18916737135	0.23697047496790757	4900.0	7150.0	4816.126219031133	7138.481859713289	1046.5423084598424	2518.421546890758
9	4722.197404517951	100k-300k	21838	182195.65582859787	9.877736056415422	134950.00069617972	0.3723326311933327	4450.0	4750.0	4464.157564699511	4797.253695963538	2026.200364501531	2433.6891558622588
9	4722.197404517951	300k-inf	310	300000.0	1.0	146607.21812925785	0.07419354838709677	1250.0	1000.0	2532.508625807654	2470.6279914486013	6758.281839292133	6878.149649710552
9	4722.197404517951	all	74107	78559.81969557637	6.209561849757782	63578.300292129	0.21574210263537857	4850.0	5050.0	4846.965604337111	5059.763990631692	488.71549427212904	675.0030208371145
10	1769.7967554172012	0k-3k	2494	1842.9528916946533	1.9943865276663995	4018.4717623330735	0.03207698476343224	1950.0	1900.0	1976.745901710896	1924.8442691840291	1412.836174579888	1437.443765211923
10	1769.7967554172012	3k-10k	9289	6382.994940393093	2.456884487027667	8130.302220570188	0.05727204220045215	2100.0	1950.0	2102.3184922111086	1953.9770649366396	672.9735745303815	869.9333171731962
10	1769.7967554172012	10k-30k	16780	18857.222824704753	3.778843861740167	20132.127907586153	0.1293802145411204	2000.0	1950.0	1982.5611704867774	1947.1215395998888	970.9488208358091	1523.2040552019198
10	1769.7967554172012	30k-100k	22680	58997.18629807361	6.718871252204585	55303.90925749498	0.24845679012345678	1600.0	1850.0	1547.698374637881	1852.4275595924862	1250.5663689991973	2212.6034950081694
10	1769.7967554172012	100k-300k	21897	183497.0340996244	10.064849066082111	134456.09979735478	0.3808740923414166	2000.0	3550.0	2024.599244651883	3589.228058359087	1665.5817877697773	2264.5689627925985
10	1769.7967554172012	300k-inf	380	300000.0	1.0	153735.44568518654	0.034210526315789476	0.0	0.0	581.6350267364111	626.1261159781169	2071.9912707105823	2245.6710811427306
10	1769.7967554172012	all	73520	79575.66518541252	6.316090859630033	63659.66948822723	0.22811479869423287	1950.0	2050.0	1958.4838014893858	2032.8559970707167	470.2912806623781	614.2673903734903
11	3697.8608422624284	0k-3k	2240	1822.3403615882385	1.949107142857143	3573.1356691070496	0.019642857142857142	3950.0	3700.0	3729.8957077537953	3597.9600025478294	1831.1728604912068	1951.725611069307
11	3697.8608422624284	3k-10k	8594	6443.000693224262	2.5183849197114268	8207.136920998188	0.05143123109145916	3650.0	3450.0	3586.3351664378342	3440.7323689594277	704.3712750594591	956.9900641763556
11	3697.8608422624284	10k-30k	16510	18841.067559666306	3.7071471835251364	19973.72015901862	0.11041792852816475	4150.0	5550.0	4119.64135886075	5519.435573612871	614.4020813297761	1274.1702106359808
11	3697.8608422624284	30k-100k	23222	58536.62799506179	6.535139092240117	54811.698290081345	0.2391266902075618	5000.0	8750.0	4918.724035450823	8768.782672159603	624.4484448666844	2337.0274940090185
11	3697.8608422624284	100k-300k	23039	184883.30690285622	10.18611918920092	136355.06072778127	0.38413125569686185	5600.0	7700.0	5578.404326352618	7715.578330743924	1862.5111367007048	2590.792307883352
11	3697.8608422624284	300k-inf	339	300000.0	1.0	150266.87940348877	0.07669616519174041	1650.0	1350.0	2828.3681537237544	2587.9053872656445	7269.74135113004	6924.236130508024
11	3697.8608422624284	all	73944	82374.27375870722	6.410121172779401	65908.8506483374	0.22636048901871686	3950.0	4550.0	3922.0713293324275	4514.79461331528	192.39169002767767	459.2195705609747
12	9982.416264788046	0k-3k	2400	1846.385948235405	1.96375	3820.0446899200388	0.01375	9150.0	9450.0	8942.287081755589	9305.650033860353	3535.0986776057534	4190.092700393847
12	9982.416264788046	3k-10k	9320	6488.112235458343	2.388948497854077	7962.331195134751	0.027467811158798282	9900.0	9800.0	9813.304527550397	9781.31976308619	1560.170070744618	1773.1123441986874
12	9982.416264788046	10k-30k	16799	18792.920144044612	3.7668313590094646	20260.26547419872	0.08631466158699923	10200.0	10850.0	10189.161937383322	10844.510228299068	659.9821544826536	1108.3205493719106
12	9982.416264788046	30k-100k	22751	58328.45079578539	6.570788097226496	55089.21978570457	0.22917673948397874	9500.0	12150.0	9479.335208959099	12114.181351404004	1256.145726630828	2396.29250664505
12	9982.416264788046	100k-300k	22717	183242.7138172338	10.04617687194612	135223.42619299755	0.37804287537967163	10250.0	11900.0	10260.815590654149	11944.844925911275	2093.9972818820897	3138.4550325261916
12	9982.416264788046	300k-inf	314	300000.0	1.0	153608.1750857033	0.12101910828025478	8150.0	8450.0	8822.178208638352	9549.112857909056	11861.276274681904	14433.368312972689
12	9982.416264788046	all	74301	80275.61017551656	6.302499293414624	64563.971048079155	0.20967416320103363	10000.0	10800.0	9983.474163550405	10766.457687482673	557.1843953241023	813.5555616702532
13	1256.6563259747154	0k-3k	2560	1846.7014614969648	1.885546875	3587.112704815915	0.028125	1250.0	1100.0	1193.9462562119447	1094.8326001855437	866.5864762104989	946.4040297890874
13	1256.6563259747154	3k-10k	8890	6423.037353006812	2.504386951631046	8197.808714524834	0.06254218222722159	1150.0	1150.0	1146.4906754978088	1148.093982217265	675.861448230582	912.7322871681729
13	1256.6563259747154	10k-30k	16771	18840.8625214011	3.7716295987120625	20127.252707770753	0.13123844731977818	1250.0	1450.0	1233.5871060109996	1417.6477368992853	877.5332962791123	1486.6590442730826
13	1256.6563259747154	30k-100k	22319	58749.984765576955	6.729064922263542	55407.910654867235	0.2511761279627223	1450.0	3050.0	1413.4915058108481	3052.0570595890995	1090.3816149858205	2251.7758740605977
13	1256.6563259747154	100k-300k	22899	182907.77158963826	9.98506484999345	135554.98517999877	0.3778330931481724	0.0	500.0	331.035529281943	622.2852247967235	922.7903978538022	1430.1922103820955
13	1256.6563259747154	300k-inf	300	300000.0	1.0	142660.23022471275	0.13	8500.0	10100.0	8854.215902815858	11390.51156380455	10674.25401820863	15964.639740924726
13	1256.6563259747154	all	73739	80926.70682773185	6.36676656857294	65136.99013776516	0.2322515900676711	1200.0	1300.0	1174.101991873869	1276.468211920624	433.804671332039	540.7792560105341
14	6330.208425442493	0k-3k	2467	1859.8531838993677	1.9959464937170652	3932.967873302025	0.018646128901499796	5400.0	5500.0	5348.302533082213	5437.548045527809	2979.6450065478625	3075.3320056959014
14	6330.208425442493	3k-10k	9387	6455.650806498543	2.413657185469266	7804.129620443547	0.035048471290082026	6300.0	6250.0	6229.372790785406	6220.986026502293	992.3047869753091	1176.9390137571663
14	6330.208425442493	10k-30k	16696	18820.50242462708	3.690584571154768	19982.29283599136	0.10343794920939148	6200.0	6400.0	6183.5918133099485	6396.379465333097	864.8884379996207	1295.0238045915785
14	6330.208425442493	30k-100k	22595	58553.87766297136	6.6092055764549675	54471.72190191918	0.23841557866784688	6650.0	10550.0	6586.464020226568	10547.539942194297	843.7724543583063	2274.144205962817
14	6330.208425442493	100k-300k	22239	183512.17209763135	10.035613112100364	135051.9781755218	0.3812221772561716	6600.0	7900.0	6598.055872172017	7940.807901189882	1980.875724549438	2559.4173021090155
14	6330.208425442493	300k-inf	353	300000.0	1.0	147436.76795920348	0.15864022662889518	14250.0	16300.0	14645.075680061007	16908.176353872113	12466.025276737337	14871.524765677039
14	6330.208425442493	all	73737	79871.2535291769	6.266446966922983	63778.55128075652	0.2172993205582001	6350.0	6850.0	6342.871139525036	6865.334652425888	522.7109176019649	716.6367305422291
15	4617.853147106985	0k-3k	2446	1866.579288685092	1.98323793949305	4133.902594772646	0.024529844644317254	4050.0	3900.0	4014.3557766520175	3872.3169031735274	2493.0014410579724	2413.2875496905117
15	4617.853147106985	3k-10k	8955	6422.154466631966	2.4691233947515356	7898.250314114322	0.04321608040201005	4600.0	5100.0	4553.746529517636	5082.700541307817	587.0467830810121	1072.1296308646952
15	4617.853147106985	10k-30k	16888	18874.259499011823	3.697240644244434	19944.191581709038	0.11262434864992894	4300.0	4900.0	4275.8398994170875	4860.162831127551	867.7705614528595	1392.711613598206
15	4617.853147106985	30k-100k	22463	58516.01216387091	6.616257846236032	55467.364156061565	0.2407514579530784	4100.0	5050.0	4074.7077626422524	5040.327583733235	1390.1268494923625	2490.7084881515557
15	4617.853147106985	100k-300k	22260	183291.88443490415	9.949326145552561	133720.22666904452	0.37506738544474394	2700.0	3000.0	2695.60075393039	3008.282340223688	1833.0185649677444	2125.615651757797
15	4617.853147106985	300k-inf	364	300000.0	1.0	145616.99107963382	0.07967032967032966	2200.0	1750.0	3197.3411587347236	2804.3556677514657	7683.688580749861	7143.3238479878
15	4617.853147106985	all	73376	80197.16350531677	6.267144570431749	63961.48735533606	0.21989478848669866	4250.0	4700.0	4281.714230220225	4678.1342028097215	532.1327856322114	741.2435680056988
16	6791.025341926732	0k-3k	2413	1868.1596568993996	1.9502693742229589	3602.9835065968073	0.020306672192291753	5200.0	5250.0	5216.55926264398	5251.919444737935	3203.8927002851647	3232.280777144074
16	6791.025341926732	3k-10k	9559	6413.521602434582	2.4694005649126476	7936.252296129104	0.034940893398891094	7050.0	7050.0	7041.591635801546	7009.144355377805	1017.0311938077311	1208.3363273033365
16	6791.025341926732	10k-30k	16605	18813.239360324143	3.634929238181271	19560.32725703588	0.09617585064739537	6900.0	7200.0	6871.354554191331	7195.105129453695	767.5351610738871	1239.4397249693966
16	6791.025341926732	30k-100k	22454	58374.50477186024	6.594459784448206	54293.213093451785	0.24280751759152044	5600.0	6250.0	5579.343635303609	6262.241151037884	1606.0907963193122	2522.9978718746215
16	6791.025341926732	100k-300k	22125	183754.40509263385	10.15832768361582	135557.8692835482	0.38187570621468925	5950.0	6800.0	5956.560284996375	6832.013208725975	1988.1416062036542	2515.9037531993554
16	6791.025341926732	300k-inf	344	300000.0	1.0	148427.11671974548	0.10174418604651163	6600.0	5100.0	7511.242728745026	5941.456450812104	12564.149767948069	10999.940310621652
16	6791.025341926732	all	73500	79696.81502924934	6.283510204081633	63656.22397079809	0.21654421768707482	6650.0	6900.0	6614.56035247909	6887.466891045524	590.55216854431	769.2323247953418
17	2196.6400491452187	0k-3k	2439	1867.5651080627476	1.9237392373923738	3576.2249026706663	0.024190241902419023	2250.0	2150.0	2169.325960964512	2132.5024008171767	1107.6117094204471	1264.3647906992414
17	2196.6400491452187	3k-10k	9154	6446.363247486446	2.4690845532007866	8231.75194977149	0.04915883766659384	2900.0	3250.0	2857.1857650034863	3232.8948872024807	545.0551904876147	885.8854362731872
17	2196.6400491452187	10k-30k	16843	18861.58785049997	3.7300955886718516	20304.71260093797	0.11369708484236775	2700.0	4200.0	2648.277525169334	4187.786905090919	458.67978665874034	1347.6095527031084
17	2196.6400491452187	30k-100k	23247	58659.33137911875	6.4937841441906485	54965.61139583204	0.23689078160622876	2950.0	6300.0	2865.791125665761	6275.679222799434	813.3087126923292	2470.811761844414
17	2196.6400491452187	100k-300k	21840	182027.23824431258	10.000137362637362	134952.7553615981	0.38044871794871793	3050.0	4600.0	3035.5322885636815	4614.358267435384	1680.450002350302	2370.0236452127015
17	2196.6400491452187	300k-inf	284	300000.0	1.0	145375.10038588513	0.06690140845070422	250.0	0.0	2207.165179767189	2030.0453004387734	6534.893055145021	6128.307878419383
17	2196.6400491452187	all	73807	78658.92238484407	6.229327841532646	63578.094461896864	0.22029075832915576	2700.0	2950.0	2680.1234308354665	2924.379477162682	264.3953746731395	245.7798947595693
18	761.8827357512791	0k-3k	2546	1823.1742406050987	1.9992144540455616	4179.491868584395	0.03456402199528672	650.0	650.0	636.8718355378381	640.8149479333471	733.0028702702339	903.9238967252409
18	761.8827357512791	3k-10k	9270	6465.936674227965	2.3916936353829557	7865.4848682253605	0.05868392664509169	700.0	1150.0	669.2765913717923	1150.1751758187922	437.20106668973074	916.5680678187141
18	761.8827357512791	10k-30k	16425	18894.773456468964	3.7471537290715373	20182.232212911687	0.1249923896499239	1000.0	2350.0	949.9000679142471	2315.1899649781935	664.101576045376	1438.0931946372252
18	761.8827357512791	30k-100k	22754	58389.930359807346	6.662037443965896	54925.32941081886	0.24373736485892591	1650.0	4400.0	1575.205077657786	4412.598330532938	860.7422168014027	2346.231797380539
18	761.8827357512791	100k-300k	22517	182454.14072742505	9.952657991739574	133635.75135090758	0.38073455611315893	1500.0	4400.0	1423.8000920394852	4428.778507277677	627.8030147724446	2281.6282530426724
18	761.8827357512791	300k-inf	302	300000.0	1.0	148953.23830486764	0.08278145695364239	2550.0	2200.0	3440.3037727509163	3367.30244124839	7959.836224025911	8472.096980267943
18	761.8827357512791	all	73814	79963.855783126	6.296935540683339	63929.31194181548	0.22799197984122252	800.0	1450.0	804.456025269068	1451.5185357993191	209.1316445550441	443.2246041428366
19	7856.869586366289	0k-3k	2453	1820.3603978095375	2.0334284549531185	3837.5089977629955	0.014268242967794538	7150.0	7350.0	7077.442153609588	7220.255161410449	3471.0187108295904	3580.1109844066004
19	7856.869586366289	3k-10k	8580	6444.159575240082	2.5184149184149183	8393.833892127906	0.03076923076923077	8800.0	8750.0	8591.728731164447	8707.770152421663	863.3640898500589	1367.8355737915726
19	7856.869586366289	10k-30k	16885	19040.375722819765	3.758246964761623	20153.637940866756	0.09517323067811667	8050.0	8050.0	7998.459110832324	8042.631361796865	700.1011583967274	1209.128656207543
19	7856.869586366289	30k-100k	23152	58370.790174132526	6.51926399447132	54526.6665499911	0.22494816862474085	8550.0	11850.0	8515.158731630581	11861.085870512006	942.4662025154676	2430.2220763647856
19	7856.869586366289	100k-300k	22217	184552.6032314081	10.009497231849485	136031.3305410629	0.3734977719764145	8100.0	9600.0	8091.095638529079	9623.370655578205	2097.313431354175	2903.045760750474
19	7856.869586366289	300k-inf	235	300000.0	1.0	156374.93166453968	0.11914893617021277	9150.0	8100.0	10411.797562042917	9544.683597386109	16375.520574453909	16569.182020797947
19	7856.869586366289	all	73522	80293.77189677794	6.30565000952096	64512.448580491015	0.2100051685209869	8200.0	8750.0	8211.163047574819	8713.552801519116	478.4507385429297	766.3649541286795
20	4209.700425605032	0k-3k	2319	1834.366815702531	1.973695558430358	3816.079296219073	0.02414833980163864	3400.0	3500.0	3361.8176488867994	3492.4898267623385	2207.9877710650903	2438.4375194625622
20	4209.700425605032	3k-10k	8655	6385.197117212863	2.522472559214327	8197.969272230976	0.04725592143269786	4150.0	4050.0	4133.834094783984	4025.709164357068	796.8497570069512	985.0477870936629
20	4209.700425605032	10k-30k	16681	18870.099687059457	3.7925783825909716	20232.285912001782	0.11492116779569571	4000.0	4150.0	3988.3222803972776	4148.516535363884	895.9352133970501	1377.7826859739948
20	4209.700425605032	30k-100k	22758	58383.07918953598	6.53611916688637	54611.991258765214	0.23916864399332102	4450.0	5800.0	4408.880044969607	5828.151364515609	1314.0273627210486	2306.882148884377
20	4209.700425605032	100k-300k	22429	182834.17833028932	10.041107494761247	133737.74032803832	0.38508181372330463	3000.0	3750.0	2996.584044100272	3762.0486373311883	1775.0229021208743	2158.352940506299
20	4209.700425605032	300k-inf	379	300000.0	1.0	151892.96090905147	0.06860158311345646	300.0	200.0	1801.1558533160617	1805.0561298206676	5161.0218007915455	5280.526079148524
20	4209.700425605032	all	73221	80816.42988405579	6.337157372884828	64425.89667317127	0.22518130044659318	4000.0	4150.0	3992.6674410684914	4134.335560087148	538.8106773303439	687.6478339984619
21	6088.305737095105	0k-3k	2412	1921.9773178022253	1.906301824212272	3542.0562675760157	0.013681592039800995	5550.0	5450.0	5433.005862631532	5366.929025713547	2618.8094200807504	2736.768656888929
21	6088.305737095105	3k-10k	9063	6446.473506861052	2.5596380889330246	8390.463379502036	0.04534922211188348	5700.0	5500.0	5670.750686991438	5540.324300494949	1016.468270044159	1142.5710872380187
21	6088.305737095105	10k-30k	16468	18897.488831564435	3.778175856205975	20183.96577141463	0.10456643186786495	6200.0	6500.0	6174.9409190738725	6475.076452775704	681.0522773257317	1271.9702124971454
21	6088.305737095105	30k-100k	22507	58680.418122112555	6.6424223574887815	55087.02495900603	0.23552672501888303	5950.0	8950.0	5906.761211537668	8912.428339678449	1138.1608709361744	2484.579404238727
21	6088.305737095105	100k-300k	21860	181984.47968481085	9.879734675205855	133316.66096234543	0.37479414455626714	7050.0	9200.0	7057.003229389489	9229.306864049642	1931.7109747294598	2805.059321545694
21	6088.305737095105	300k-inf	359	300000.0	1.0	142743.25956912772	0.0947075208913649	5550.0	4000.0	6332.250586239016	4776.866351089957	11161.309633122495	9720.822181844236
21	6088.305737095105	all	72669	79550.632888106	6.272908668070292	63608.50523915304	0.21596554239084065	6050.0	6400.0	6049.104993193629	6396.828685429455	503.62018256673764	704.9694225878957
22	4340.002403204779	0k-3k	2526	1869.778072631464	1.9362628661916073	3718.9855409725287	0.01979414093428345	4950.0	5100.0	4854.8818541254	5071.678509207988	2704.110014296443	3083.819067355966
22	4340.002403204779	3k-10k	8999	6486.172780519672	2.3735970663407047	7818.170650758685	0.03855983998222025	4600.0	5050.0	4512.098455995283	5023.219835882127	452.9334506162495	955.5248241871022
22	4340.002403204779	10k-30k	16622	18811.315108246006	3.7478041150282757	20142.950974729472	0.11099747322825171	5050.0	5800.0	5010.14490073999	5781.588410506929	640.2150818886194	1297.4491681552663
22	4340.002403204779	30k-100k	23104	58643.73303618635	6.658673822714682	55477.37520672433	0.24220914127423823	5400.0	7750.0	5355.270251952167	7738.3981153522645	1124.2574940491058	2425.707856649681
22	4340.002403204779	100k-300k	21941	182326.44142692522	9.982042751014083	133322.44356199287	0.37582607903012627	4900.0	6400.0	4801.246639403089	6431.82930497261	1304.9075521795858	2527.8629753004316
22	4340.002403204779	300k-inf	326	300000.0	1.0	152080.15057894948	0.0950920245398773	4900.0	4050.0	5773.964121644293	4931.1392333024505	10925.964441396532	10278.645876015684
22	4340.002403204779	all	73518	79285.38680879302	6.280516336135368	63537.1085492425	0.21919801953263146	4650.0	5550.0	4622.454686968946	5485.754204114857	191.18637697239592	532.1032007393842
23	4155.374331216571	0k-3k	2346	1880.9553614028298	2.0468883205456097	4203.077435297376	0.026427962489343565	3150.0	3050.0	3096.941386135611	3024.0276299584266	1904.8552411238466	1857.3956875234135
23	4155.374331216571	3k-10k	9043	6421.860626233833	2.4125843193630434	7919.0453598879385	0.04854583655866416	3900.0	3650.0	3881.769296204712	3650.708771656554	843.7341707419328	972.710913025051
23	4155.374331216571	10k-30k	16563	18824.4331687964	3.7778180281349996	20280.242063334263	0.11260037432832216	4400.0	4900.0	4351.645191080095	4889.222868368438	733.866234625662	1357.7267967791186
23	4155.374331216571	30k-100k	22683	58640.15744482964	6.568487413481462	54586.53206846919	0.24278093726579378	4200.0	5850.0	4161.620508826669	5879.802098039833	1261.2039525378736	2324.921332752755
23	4155.374331216571	100k-300k	22818	182476.0525117566	10.136252081689895	134140.908181378	0.3856166184591112	2900.0	4350.0	2914.888889677294	4355.421850390189	1658.3455438292872	2273.80002793313
23	4155.374331216571	300k-inf	365	300000.0	1.0	151436.21304682846	0.16164383561643836	6550.0	17050.0	6055.880528413509	17433.711938133216	3123.252428666393	14420.03633122371
23	4155.374331216571	all	73818	80978.18893806377	6.364816169497955	64640.89739225584	0.22665203608875883	4000.0	4100.0	3973.4326469045973	4088.2896388940107	506.32888250207407	579.1969276343507
24	7937.567624899795	0k-3k	2417	1878.086626746049	1.9317335539925526	3699.287972056715	0.014894497310715763	8650.0	8700.0	8590.422836809517	8750.159029910888	4565.268887007305	4653.150325599374
24	7937.567624899795	3k-10k	9018	6514.149455081033	2.4966733200266136	8491.43428928253	0.036371701042359726	7750.0	7700.0	7677.2916601810875	7674.2276438735	1000.5737373642232	1370.6686118670195
24	7937.567624899795	10k-30k	17246	18843.091109076035	3.7023657659747187	19907.937361251363	0.09579032819204453	7950.0	8050.0	7933.142694295757	8045.623313320396	806.1678217040508	1192.04781698013
24	7937.567624899795	30k-100k	22703	58302.75441644402	6.56014623618024	54376.913888796116	0.2337576531735894	7650.0	10300.0	7596.4532166118515	10309.500423352756	1081.88996864836	2381.5435863710445
24	7937.567624899795	100k-300k	22533	184378.96202144708	10.060311543070164	135605.99011345077	0.37988727643900055	6750.0	7800.0	6744.2668784829875	7812.625807697212	2017.5152179356364	2627.831171585828
24	7937.567624899795	300k-inf	368	300000.0	1.0	154369.7342514257	0.12228260869565218	8600.0	8650.0	8662.64481764134	9629.840237552298	9330.065234947771	13369.813278777583
24	7937.567624899795	all	74285	80459.18380797855	6.286962374638217	64290.04690892644	0.21441744632159926	7750.0	8150.0	7740.809819931281	8165.5247817255895	545.3462574703044	774.242213080608
25	6605.768490948629	0k-3k	2512	1879.4648698007518	1.936703821656051	3818.265917812726	0.01751592356687898	6050.0	6100.0	6039.844385865314	6063.365798106328	3466.995997855852	3473.337700863187
25	6605.768490948629	3k-10k	9016	6377.7827689210135	2.4717169476486247	8085.068593194019	0.03515971606033718	6650.0	6650.0	6571.814910304987	6613.810260586755	912.6720542414687	1202.5691383223684
25	6605.768490948629	10k-30k	16125	18798.372477041572	3.7471007751937986	19652.517888799066	0.1013953488372093	7050.0	7600.0	6999.3952083996965	7604.937609905836	564.309897056266	1221.516722467105
25	6605.768490948629	30k-100k	22267	58485.52884052	6.6913369560335925	54942.48667769913	0.24287061570934568	7150.0	9150.0	7129.811739729274	9133.711869247396	1366.2538435432998	2358.5744309324646
25	6605.768490948629	100k-300k	22133	183867.1079199951	10.127863371436316	134709.42809685905	0.3821894908055844	6300.0	7350.0	6300.259126928993	7364.136098986098	1959.197450787683	2560.7937398367267
25	6605.768490948629	300k-inf	366	300000.0	1.0	149818.74698955263	0.07923497267759563	2250.0	1700.0	3220.712660989817	2752.7925689787307	7843.052817255541	7049.436119471538
25	6605.768490948629	all	72419	80738.13545719958	6.367030751598337	64335.94909757042	0.21944517322802026	6850.0	7250.0	6828.212250583914	7226.066855872369	460.4988555434138	722.0194779142539
26	6596.212207693646	0k-3k	2395	1842.2126262287497	1.98580375782881	3889.651253076993	0.016701461377870562	6400.0	6400.0	6295.143042112105	6291.291609758782	3176.4512030797987	3101.342971253067
26	6596.212207693646	3k-10k	8921	6478.794497393195	2.4736016141688153	8156.573854717166	0.03508575271830512	6450.0	6600.0	6433.681652243671	6600.255247320329	843.8867564483944	1159.7290904220927
26	6596.212207693646	10k-30k	16357	18873.869399778185	3.8168979641743594	20090.195069203324	0.10099651525340833	6400.0	7250.0	6364.132981601768	7216.522838001625	610.2706306187911	1184.3186358170396
26	6596.212207693646	30k-100k	22401	58474.873542770125	6.6942547207713945	55026.13073416707	0.23525735458238473	8350.0	11950.0	8320.289274383318	11936.768375645846	1042.3072570196055	2215.2211945655054
26	6596.212207693646	100k-300k	22262	183338.31924075092	10.016395651783307	134879.46048486867	0.37966040786991284	6900.0	12300.0	6725.931529560835	12330.718444167731	708.094286817548	3074.6640535205734
26	6596.212207693646	300k-inf	307	300000.0	1.0	148585.87740774828	0.20846905537459284	16450.0	25000.0	15576.420920231632	21748.344695521853	6335.859818153303	9289.519893047693
26	6596.212207693646	all	72643	80591.42122286283	6.366835070137522	64584.86845408934	0.2173781369161516	6650.0	7600.0	6606.7891115371685	7528.357199735428	288.12801924906125	395.42029189434743
27	8286.089581278371	0k-3k	2497	1877.5878995956737	1.9106928313976772	3703.144410877418	0.011613936724068883	7800.0	7750.0	7563.64621141706	7516.989852914264	2959.2940402514587	3075.3075273382965
27	8286.089581278371	3k-10k	9115	6361.53328558069	2.3948436642896325	7664.338517451683	0.028743828853538125	8600.0	8650.0	8507.79042896415	8666.663765022126	1178.7805893824616	1592.9938095405932
27	8286.089581278371	10k-30k	16518	18983.33419415256	3.808330306332486	20104.694722831813	0.09880130766436615	8000.0	8300.0	7976.113648923084	8305.238411540853	772.2044014121684	1177.1343757169907
27	8286.089581278371	30k-100k	22613	58550.362220731244	6.641754742847035	55214.836725751775	0.23265378322204042	7200.0	9150.0	7194.566952762639	9151.100601101654	1303.5516986766424	2445.873480767221
27	8286.089581278371	100k-300k	22188	182727.25119041224	10.174012979989183	135589.26348125504	0.38155759870200107	7100.0	8000.0	7121.097633549676	8041.796719000006	2082.0807129803607	2656.392438165074
27	8286.089581278371	300k-inf	332	300000.0	1.0	147785.65619035985	0.12349397590361445	7850.0	8900.0	7405.520504253658	9975.345572004131	6936.585992249778	14342.77629027468
27	8286.089581278371	all	73263	79906.52877185801	6.357492868159917	64388.42339883679	0.2141735937649291	7850.0	8450.0	7829.348744711975	8418.595667382018	561.9595335289932	791.0312123438271
28	4625.6943584920955	0k-3k	2316	1833.4147038753888	1.8773747841105355	3635.4915924047214	0.022020725388601035	3650.0	3600.0	3658.2085799806946	3601.09152806223	2557.1187618500276	2520.587396477559
28	4625.6943584920955	3k-10k	9160	6442.741445884945	2.45971615720524	8068.156072221184	0.0462882096069869	4350.0	4350.0	4308.777426726876	4350.806738611531	765.6633742375893	953.7908816823747
28	4625.6943584920955	10k-30k	16768	18849.803610299812	3.792223282442748	20136.385689960112	0.10979246183206107	4600.0	5350.0	4566.413740432636	5348.185178755935	642.5424491846834	1314.2306283723874
28	4625.6943584920955	30k-100k	22645	58021.219754090205	6.595495694413778	54555.101442496154	0.24067122985206446	3500.0	4500.0	3491.816075134042	4501.707835180555	1528.0169442270094	2506.5033974080206
28	4625.6943584920955	100k-300k	22269	183794.8604803613	10.010013920696933	135053.6233238896	0.3797655934258386	3100.0	4050.0	3119.597769992092	4088.1789332952435	1812.0376179514578	2282.2593127824625
28	4625.6943584920955	300k-inf	362	300000.0	1.0	147101.81579957527	0.06077348066298342	0.0	0.0	1218.0761224167059	1402.1192588163692	3772.9550681646183	4435.586266321889
28	4625.6943584920955	all	73520	80178.91017960456	6.298925462459195	64147.59644563759	0.22096028291621328	4200.0	4500.0	4204.743934407573	4507.686513211007	539.1766293112155	682.8483615590985
29	2991.844945926866	0k-3k	2591	1897.4305160972553	1.902354303357777	3665.2658799625265	0.030876109610189117	2100.0	2100.0	2151.286494267306	2129.2301393825132	1590.6824258379602	1578.7579537592233
29	2991.844945926866	3k-10k	8957	6407.783731344928	2.4917941274980464	8425.118451514772	0.050909902869264265	2900.0	2800.0	2868.54989939332	2787.0839331784086	601.2589434724887	832.4126450024905
29	2991.844945926866	10k-30k	16862	18762.76195533645	3.713082671094769	19867.47058826808	0.11700865852212075	3300.0	3750.0	3215.0628174676012	3765.0337419154216	621.7929061570599	1363.7372976747515
29	2991.844945926866	30k-100k	22875	58654.986525557775	6.5605683060109286	54415.27358492397	0.2401311475409836	2550.0	4250.0	2522.9900271110446	4251.06155563307	1226.2549973236828	2334.116306978513
29	2991.844945926866	100k-300k	21510	182905.55213490393	9.975732217573222	134497.11870635088	0.38456531845653186	1600.0	2050.0	1596.4786319253597	2084.7578709363447	1699.4790239668237	2006.3470191411234
29	2991.844945926866	300k-inf	358	300000.0	1.0	148373.60380098128	0.10614525139664804	4700.0	5850.0	4973.435169754146	6656.178302540594	7789.515977144414	11361.065005135395
29	2991.844945926866	all	73153	78768.05731321566	6.218022500786024	63030.4421652437	0.22298470329309802	2850.0	2950.0	2825.1670182864323	2936.1320252362857	459.145528994497	603.4094808039549
30	5481.45052326514	0k-3k	2571	1875.3929751956896	1.9661610268378062	4020.6980916694206	0.021003500583430573	4950.0	5050.0	4892.8461854167335	5039.698027841114	2841.799273562812	2948.3049027586185
30	5481.45052326514	3k-10k	9028	6462.37659810247	2.457022596366859	8244.616056432695	0.04131590607000443	5500.0	5500.0	5519.803194049474	5506.103031836892	859.7771904320434	1102.4746702068533
30	5481.45052326514	10k-30k	16954	18838.186172266698	3.7693169753450513	20256.426337482586	0.10634658487672526	5400.0	5850.0	5343.79795206982	5817.877939507145	841.2128880248047	1277.3681944243808
30	5481.45052326514	30k-100k	22552	58369.13274321055	6.600124157502661	54597.98244811781	0.23199716211422491	5700.0	9600.0	5626.397283136832	9588.57047170813	1076.7321105035435	2533.019717045956
30	5481.45052326514	100k-300k	21887	182496.72324401632	9.997989674235848	134351.645934789	0.37853520354548365	3900.0	4600.0	3913.6584537907206	4649.425163638852	1947.7997276202568	2391.0024200388884
30	5481.45052326514	300k-inf	343	300000.0	1.0	146807.71524767805	0.08746355685131195	2700.0	2900.0	3299.5876466494924	3793.1998813192986	7107.3991011301905	8730.468594936927
30	5481.45052326514	all	73335	79035.8361341539	6.261089520692711	63413.10808960891	0.21513601963591736	5400.0	5800.0	5353.531993601595	5829.324511390066	549.285948375983	729.190464521489
31	2025.7722245047105	0k-3k	2588	1872.1778236583293	1.9594281298299845	3848.4580399599963	0.02511591962905719	2450.0	2600.0	2388.687827062289	2603.5597334613976	1362.470542237665	1633.608431523613
31	2025.7722245047105	3k-10k	8856	6426.834325030015	2.4529132791327912	8039.4641238213	0.0526196928635953	2250.0	2650.0	2174.25669324936	2614.2864524717397	390.80495248479315	859.5140239614025
31	2025.7722245047105	10k-30k	16520	18774.141448714854	3.7881961259079904	20173.729577190352	0.125363196125908	2350.0	2600.0	2322.276283842435	2592.3341565908186	859.4704031257008	1476.7437007318163
31	2025.7722245047105	30k-100k	22593	58711.83139325904	6.609834904616474	54679.310267412686	0.24742176780418715	2100.0	3400.0	2082.196889806206	3402.735391273998	1255.811899461126	2332.4366488160485
31	2025.7722245047105	100k-300k	22387	183814.4471720282	10.16384508866753	135611.808934854	0.3866529682404967	2550.0	3550.0	2539.8657242405784	3597.950914334235	1657.455995080692	2148.3657275768674
31	2025.7722245047105	300k-inf	334	300000.0	1.0	145824.69699704912	0.10778443113772455	6300.0	6100.0	6760.99393829816	7010.1006826116345	10208.568959722088	12045.046859902484
31	2025.7722245047105	all	73278	80701.44508898932	6.367299871721389	64609.35053626474	0.2304102186195038	2250.0	2800.0	2221.3020107132797	2768.5636693704805	277.4712803156831	600.8277999507727
32	5824.230549722449	0k-3k	2545	1864.1115891179077	1.893516699410609	3751.8854924288553	0.01925343811394892	4700.0	4850.0	4657.194645526535	4811.515252308002	2558.82552901913	2851.8132019786276
32	5824.230549722449	3k-10k	9204	6453.653297400071	2.408843980877879	7982.765425964516	0.039330725771403736	5050.0	5150.0	5045.806483388261	5149.5580666083415	868.3556943841459	1057.9633704103662
32	5824.230549722449	10k-30k	16876	18901.97799144886	3.7519554396776487	20036.203400383183	0.11003792367859683	6050.0	5900.0	6039.326336199011	5865.825997879491	824.5245822704637	1311.1283152451097
32	5824.230549722449	30k-100k	22431	58601.45392370492	6.705140207748205	55792.99927236204	0.23873211180954929	5500.0	8500.0	5487.3973781105715	8495.028369310885	1433.3007314329816	2483.7140953807566
32	5824.230549722449	100k-300k	21577	183500.283326055	10.040088983639986	134827.87268561948	0.3735922510080178	5550.0	6500.0	5532.984493295292	6543.463181359424	1953.1467441623045	2536.281060962816
32	5824.230549722449	300k-inf	352	300000.0	1.0	151130.84683813073	0.09659090909090909	4950.0	4300.0	5768.943177438233	5085.957302864597	10719.552570718055	10110.794511809057
32	5824.230549722449	all	72985	78956.0621472382	6.27112420360348	63506.538656527526	0.21535932040830308	5450.0	5700.0	5448.340227221502	5719.545720843826	520.4003443080428	696.8657598496029
33	3181.1789146713677	0k-3k	2355	1863.819295985775	1.8760084925690022	3820.9886639268284	0.019532908704883226	3850.0	3750.0	3750.906940780289	3690.9846392893105	2239.8809261362244	2387.6457323086584
33	3181.1789146713677	3k-10k	8984	6484.104311778049	2.502560106856634	8323.997178992455	0.05220391807658059	3200.0	3150.0	3162.6750356483967	3154.565521170148	572.4272581411519	861.7730059975293
33	3181.1789146713677	10k-30k	16825	18842.541120087702	3.7751560178306094	20173.561229002564	0.12184249628528974	3100.0	3400.0	3093.7648261517816	3399.341218838798	932.760428647136	1446.3090994272698
33	3181.1789146713677	30k-100k	22805	58407.32102948514	6.593071694803771	54945.282187956116	0.24788423591317693	2500.0	4150.0	2473.558867903225	4178.335746886693	1316.6020212283397	2282.3771238358067
33	3181.1789146713677	100k-300k	21633	181853.15267623312	9.970045763417001	134663.8230368159	0.375260019414783	600.0	1050.0	665.6243532554272	1093.9138009362482	1381.6512315563862	1834.336277927392
33	3181.1789146713677	300k-inf	306	300000.0	1.0	150604.58880459482	0.0718954248366013	150.0	650.0	1549.441898049912	2296.459421746028	4159.2473198457665	6566.380926400897
33	3181.1789146713677	all	72908	78694.74474470424	6.264895484720469	63580.07399549526	0.22436495309156745	2850.0	3100.0	2856.3274354000787	3115.9037049173935	515.7181886127983	661.8488714832779
34	5525.111892095691	0k-3k	2494	1811.633569226132	1.9117882919005613	3687.690587143517	0.01603849238171612	5700.0	5750.0	5463.538206492731	5713.048334824561	2495.7557416953255	2988.390224009415
34	5525.111892095691	3k-10k	8812	6384.244854885931	2.451202905129369	8059.111905681911	0.041080344984112574	5400.0	5250.0	5352.039665574081	5248.47063968	938.7386131290186	1111.0666086746287
34	5525.111892095691	10k-30k	16884	18770.084140931882	3.779732290926321	20341.094971005154	0.10660980810234541	5800.0	6450.0	5763.968213292092	6442.232717797677	737.9325224988479	1225.0936544622118
34	5525.111892095691	30k-100k	22784	58279.06171490646	6.550210674157303	54388.05624259012	0.23354108146067415	5450.0	9150.0	5350.6626050976665	9182.160710940358	856.733922153906	2429.0099102104414
34	5525.111892095691	100k-300k	22158	184502.53601319398	9.983256611607546	135939.66064043995	0.38387941149923277	4600.0	5650.0	4606.2851958409465	5662.465871181375	1824.4352057725387	2449.5337173231565
34	5525.111892095691	300k-inf	311	300000.0	1.0	144213.77847887904	0.06752411575562701	0.0	50.0	1687.4177357362742	1957.2249982699543	4784.984298510859	5848.172565762289
34	5525.111892095691	all	73443	80157.77699047123	6.276227822937516	64265.23972245999	0.21853682447612435	5500.0	6000.0	5459.265322428317	6002.983826446734	481.35011216047405	683.8509450978372
35	7333.636819351961	0k-3k	2569	1850.9351078268364	1.974309069676917	3818.868821906983	0.017516543402101986	5700.0	5700.0	5607.045503571695	5626.243308236871	2970.7492773415556	2974.7343178030733
35	7333.636819351961	3k-10k	8988	6439.932831523927	2.4078771695594123	7836.086796142733	0.03326657765910102	7100.0	6900.0	7096.770654200037	6863.0285794374395	1086.0151598105085	1197.604890683574
35	7333.636819351961	10k-30k	16693	18749.74452601878	3.830587671479063	20318.851129798648	0.10219852632840112	7350.0	7350.0	7304.431665623191	7321.3219941418565	850.3443310744124	1209.4120233711837
35	7333.636819351961	30k-100k	22538	58671.67555482768	6.675880734759073	55281.53109753831	0.23364983583281568	7250.0	10600.0	7159.085884418163	10592.368007450073	981.6191219360408	2355.1978307831614
35	7333.636819351961	100k-300k	21810	182175.8870188697	9.897982576799633	133645.0056227002	0.3718477762494269	5850.0	7550.0	5843.333259549325	7579.069191798514	1940.7901306951744	2645.5767574915853
35	7333.636819351961	300k-inf	319	300000.0	1.0	155715.89776881575	0.09717868338557993	4300.0	4400.0	5017.381184371182	5276.723705609439	9781.135005173428	10740.964561006442
35	7333.636819351961	all	72917	79088.89523006747	6.271692472262984	63494.522483544315	0.21198074523087895	7050.0	7300.0	7045.90414992697	7308.579034688981	576.0048174618532	676.818178871712
36	1940.2963018844832	0k-3k	2300	1854.6916846643587	1.9547826086956521	3488.0835260959016	0.022608695652173914	1950.0	1950.0	1912.18542671761	1901.832274994625	1198.1195349030013	1247.1198341403408
36	1940.2963018844832	3k-10k	8731	6482.9140886535115	2.536708280838392	8319.300297960259	0.05898522506013057	2350.0	2550.0	2302.6618818591005	2549.204843166246	554.7656738895971	917.1645682382277
36	1940.2963018844832	10k-30k	16286	18872.892056370754	3.7966351467518114	20112.865194675287	0.12077858283188014	2450.0	3450.0	2390.4021798003114	3439.096780512383	748.9651065024077	1479.3277284590395
36	1940.2963018844832	30k-100k	22421	58604.33956018605	6.732973551581107	55532.88864531705	0.2517728914856608	2950.0	5550.0	2853.22475291122	5550.75395361728	723.1750190864364	2358.1798569569455
36	1940.2963018844832	100k-300k	22408	183388.55912734443	9.97197429489468	134884.10827660025	0.3832559800071403	2250.0	3400.0	2158.8205711862197	3399.341134000508	1049.4145380291284	2121.3435873047133
36	1940.2963018844832	300k-inf	387	300000.0	1.0	143623.36332405094	0.06459948320413436	300.0	0.0	1895.1758565283733	1534.5506190083318	5548.236436624247	4681.78895433343
36	1940.2963018844832	all	72533	81448.04108498589	6.387092771566046	65230.788217185465	0.23150841685853335	2400.0	2650.0	2363.3656017382823	2644.057878472241	363.148027703091	391.45491905512654
37	6189.967076113928	0k-3k	2533	1838.3407577829453	1.927753651796289	3662.666306064588	0.01934465061192262	4700.0	4700.0	4638.8645048550015	4669.8207368267	2855.905232044435	2895.548438863673
37	6189.967076113928	3k-10k	9111	6431.499482123547	2.4779936340687083	8288.546075535034	0.04061025134452859	6100.0	5900.0	6080.105288821019	5906.069726090392	900.8867377325423	1111.5424004794113
37	6189.967076113928	10k-30k	16889	18779.775389687424	3.75729764935757	20277.631498012182	0.11036769494937533	5800.0	5900.0	5782.299501169062	5898.257418583347	884.8264146010788	1313.5846930413445
37	6189.967076113928	30k-100k	22680	58588.09703694832	6.599559082892417	55147.74968816235	0.23783068783068784	6150.0	8050.0	6118.794845822915	8022.87545983773	1332.9754803928545	2441.07349577732
37	6189.967076113928	100k-300k	22159	183147.5303812577	10.005505663612979	135045.0713610672	0.3741594837312153	3650.0	4400.0	3655.312701999894	4442.964848584039	1907.4997562698577	2296.399417813385
37	6189.967076113928	300k-inf	349	300000.0	1.0	149387.5225747293	0.12607449856733524	6300.0	9350.0	5956.70170904313	10437.805432244124	5987.613788779803	14311.431921604915
37	6189.967076113928	all	73721	79655.31805040356	6.275769455107771	64060.6386241828	0.2171972707912264	5750.0	5900.0	5737.506731523685	5901.155943737924	594.2969607897139	740.5172141444546
38	2845.151962257364	0k-3k	2408	1865.7151413566253	1.935215946843854	3873.6282531344123	0.024916943521594685	3100.0	3150.0	3012.602819183059	3169.3764221415126	1793.5873648889296	2171.988238728001
38	2845.151962257364	3k-10k	9243	6484.588334474344	2.401276641782971	8064.374312130783	0.053013090987774535	3250.0	3000.0	3193.6639494839883	3002.6921441851246	705.6352905698823	943.8349443641582
38	2845.151962257364	10k-30k	16830	18937.70462925823	3.71883541295306	20146.73248684674	0.11877599524658349	3450.0	3700.0	3394.255440380155	3686.621887173401	556.9696204307565	1422.2409212652824
38	2845.151962257364	30k-100k	22847	58515.802519224766	6.649231846631943	55738.92765466312	0.2434892983761544	3450.0	5100.0	3405.9336196787144	5119.7488558770165	1372.3488317666051	2413.4341746554337
38	2845.151962257364	100k-300k	22129	183079.00894439145	9.932938677753175	134154.02100736598	0.379502010935876	2300.0	2750.0	2302.6812779187017	2796.3253339344174	1735.5603906636502	2070.702234397154
38	2845.151962257364	300k-inf	358	300000.0	1.0	147274.61139666926	0.08379888268156424	2750.0	2350.0	3443.947850998008	3287.242446125818	7622.603119835884	7913.03551301783
38	2845.151962257364	all	73815	79642.5819959834	6.252414820835874	63914.13856576984	0.22407369775790828	3300.0	3300.0	3260.7002939999193	3305.559715802676	466.72231684751387	670.5374862831836
39	8142.664914288693	0k-3k	2332	1849.0651967366186	1.945540308747856	3781.1901754770256	0.015866209262435677	7000.0	6950.0	6882.865322797856	6896.589941572498	3672.7693614009486	3726.091864703255
39	8142.664914288693	3k-10k	9092	6508.686401620964	2.4917509898812145	8322.324803183994	0.03233611966564012	8400.0	8050.0	8359.824143133541	8051.822474384118	1253.034018126169	1363.2186176734967
39	8142.664914288693	10k-30k	16782	18850.430531997597	3.7624836133953043	20334.62841536208	0.09492313192706471	8600.0	9300.0	8588.811285008702	9275.697894152032	725.1130797056285	1207.2843952790881
39	8142.664914288693	30k-100k	22864	58579.79619242287	6.538182295311406	55369.29565986657	0.2300997200839748	8900.0	11800.0	8765.081270174376	11779.961838261086	761.0588209123707	2367.7977952335496
39	8142.664914288693	100k-300k	22650	184212.3781925116	10.081986754966888	135749.7448343152	0.3754525386313466	8500.0	13300.0	8416.21255206001	13326.6640981351	1188.8782434711102	3203.759144206715
39	8142.664914288693	300k-inf	355	300000.0	1.0	149045.73419535471	0.1323943661971831	14450.0	10600.0	15495.641549173073	11708.714774910684	15819.484238805166	14991.694251986617
39	8142.664914288693	all	74075	80973.55043124207	6.325143435707053	65060.36555882751	0.2124333445831927	8600.0	9250.0	8588.746194615025	9174.855632766732	505.69876456016937	616.0229859368847
40	5759.429868344379	0k-3k	2375	1856.7078888133626	1.9250526315789473	3672.331222859639	0.016421052631578947	5200.0	5200.0	5174.247817978761	5205.882269145261	2929.722554685234	2980.182807574048
40	5759.429868344379	3k-10k	9224	6423.828448089121	2.4936036426712924	8323.413492918256	0.03631830008673027	5750.0	6050.0	5724.569073428406	6026.626000327597	704.9314273329273	1066.5433172791018
40	5759.429868344379	10k-30k	16483	18956.686130827824	3.724928714433052	20137.439853830976	0.10683734757022387	6050.0	6200.0	6028.0991921546865	6185.422667578407	786.8372775918942	1281.0847967176387
40	5759.429868344379	30k-100k	23181	58603.1593541028	6.570898580734222	55366.39944321178	0.23808291273025323	6100.0	8900.0	6082.340669086588	8918.598208284484	1291.410064789793	2365.5063142991485
40	5759.429868344379	100k-300k	22645	182669.7084840335	10.030337822918966	136130.90939248502	0.38238021638330755	6600.0	8800.0	6586.827138882545	8825.455741813417	1851.314452084719	2723.318655981282
40	5759.429868344379	300k-inf	300	300000.0	1.0	149796.49320075428	0.13333333333333333	9950.0	10750.0	10604.17491419996	12065.032435845578	12441.629089162794	16269.840899168674
40	5759.429868344379	all	74208	80330.44305120656	6.3164079344545065	65067.031458465484	0.22036707632600258	5950.0	6500.0	5913.773667760841	6511.728836665098	433.30130416936845	678.5552460928275
41	7058.752497116681	0k-3k	2365	1843.0915501354627	1.9441860465116279	3733.876109885518	0.019027484143763214	5800.0	5800.0	5784.3526466684825	5851.995658410828	3355.33381271296	3410.629376674944
41	7058.752497116681	3k-10k	9210	6428.7915400147385	2.4384364820846907	8042.5426437407	0.03507057546145494	7200.0	7100.0	7168.335293662547	7121.457040933324	1027.3739928251152	1299.225717299426
41	7058.752497116681	10k-30k	16875	18846.480114898117	3.7093925925925926	19984.751228625748	0.10174814814814814	7050.0	6950.0	7002.532763165236	6948.700155069264	643.6465470223675	1250.0986726283854
41	7058.752497116681	30k-100k	22465	58898.85260918168	6.746806142888938	55801.14562762602	0.23912753171600268	6600.0	8700.0	6559.717634259479	8733.951311975727	1415.695606553585	2574.9805440334367
41	7058.752497116681	100k-300k	22126	181031.01366963642	10.070550483593962	133882.48071596818	0.38375666636536204	6450.0	7700.0	6442.405173124258	7703.9481329181135	2002.931372253719	2609.6426946928923
41	7058.752497116681	300k-inf	336	300000.0	1.0	142513.32041641814	0.05357142857142857	0.0	0.0	1080.7970644741677	1175.8679739177044	3550.010345594998	3914.6701058708736
41	7058.752497116681	all	73377	79194.5346070043	6.328631587554684	63833.1642372656	0.21758861768674106	6900.0	7150.0	6898.381395064964	7145.879413360476	573.6086167748645	780.1951094726746
42	3788.7428265730837	0k-3k	2364	1867.9723962715307	1.9200507614213198	3832.0112415894364	0.01988155668358714	3800.0	3650.0	3722.186742052499	3622.930196942396	2340.2732577530755	2341.9838165797164
42	3788.7428265730837	3k-10k	9172	6470.419382573037	2.3945704317488006	7991.195813410263	0.045791539467945924	3750.0	3800.0	3726.884949489663	3791.5015488779973	759.5562758825909	941.0166512347346
42	3788.7428265730837	10k-30k	17165	18724.594327610732	3.622662394407224	19777.482853044057	0.11127293912030294	3800.0	4550.0	3755.446828502301	4537.45665135274	813.596669314923	1352.0157876428675
42	3788.7428265730837	30k-100k	23043	58516.38762232687	6.491038493251747	54974.340135602186	0.238640801978909	4450.0	7200.0	4414.0746150502055	7179.007426740526	1180.118419034553	2306.423522014541
42	3788.7428265730837	100k-300k	22752	183135.48393425602	9.944708157524612	134566.14581938172	0.3803621659634318	3600.0	6050.0	3486.129008772534	6096.51720944603	1092.6035875557468	2411.6986070783005
42	3788.7428265730837	300k-inf	303	300000.0	1.0	155213.8932823292	0.12211221122112212	7950.0	8650.0	8369.337373276014	9803.8149312368	10765.041949025526	14880.973049257973
42	3788.7428265730837	all	74799	80096.81794420588	6.214294308747443	64135.71163839112	0.22148691827430847	3800.0	4400.0	3801.5204243203602	4418.833298219244	412.2161874800113	602.2920779644783
43	8124.986364640877	0k-3k	2347	1840.4021752006756	1.9808265871325097	3812.6935520361208	0.01533873029399233	7550.0	7600.0	7534.139879895995	7535.102262979419	3996.5281058952896	4062.829300536947
43	8124.986364640877	3k-10k	8763	6432.939943961091	2.4904712997831795	8064.684545989584	0.03229487618395527	8250.0	8550.0	8189.903882748695	8502.276652441176	979.4026226185051	1590.3645890367798
43	8124.986364640877	10k-30k	16535	18876.03586135391	3.7707287571817356	20196.118274372246	0.09410341699425462	8300.0	8850.0	8252.410075253929	8842.453604149763	599.8138328872747	1181.2440072655354
43	8124.986364640877	30k-100k	22594	59133.38542706389	6.5849340532884835	54983.68741920392	0.2304594140037178	8550.0	11050.0	8446.357077836481	11041.949936429775	883.7367107142909	2395.9214277031733
43	8124.986364640877	100k-300k	22374	183607.26514526823	10.00585501027979	135163.5568905927	0.3703405738803969	8400.0	12850.0	8155.353109695495	12896.807633089771	783.318861905127	3159.8231112795565
43	8124.986364640877	300k-inf	380	300000.0	1.0	143610.78407820623	0.1394736842105263	9850.0	12000.0	9426.60381558192	13121.989104189426	7016.598938920124	15189.176485707663
43	8124.986364640877	all	72993	81252.93097010572	6.327360157823353	64863.548442716616	0.2112668338059814	8350.0	9300.0	8297.11609841728	9283.155755363636	355.2372619661701	795.3239756445382
44	26.295689735018613	0k-3k	2417	1836.143714885289	1.9586263963591228	3959.7943832839555	0.03847745138601572	50.0	50.0	144.9267286485816	179.434021560031	351.3305599618843	487.60962821724684
44	26.295689735018613	3k-10k	9031	6463.193793282561	2.4756948289225997	8156.90790176317	0.06765585206510907	150.0	350.0	179.51182678804406	405.0839905996844	421.6862063279944	829.8477824998965
44	26.295689735018613	10k-30k	16822	19014.498006142803	3.7516942099631434	20151.578937426802	0.12828438948995363	300.0	1300.0	308.44455010238744	1281.3051224655107	642.51958043139	1495.2946990233202
44	26.295689735018613	30k-100k	22892	58468.94782757498	6.491700157260178	54469.54941015839	0.24069543945483138	1200.0	2100.0	1169.3124708897321	2132.9693288705294	1167.7604963003464	2138.014174939123
44	26.295689735018613	100k-300k	21855	183352.02641995475	10.132830016014642	135296.51256107626	0.38888126286890873	50.0	550.0	336.10492262461537	669.0460771567047	925.884717391743	1480.478589942108
44	26.295689735018613	300k-inf	305	300000.0	1.0	160347.44802701462	0.04918032786885246	0.0	0.0	1171.2438964446383	1122.048429605816	3950.9912684945625	3821.6588129529714
44	26.295689735018613	all	73322	79373.15729306762	6.2814571342843895	63759.22503393963	0.23029922806251876	200.0	450.0	203.3760661628831	466.3276116724369	340.130167927114	530.5824784836141
45	8503.737168999543	0k-3k	2397	1849.8705108440122	1.9778890279516061	3770.0954530549125	0.01376720901126408	9100.0	9050.0	9008.587950594809	8968.122386803832	4393.45548287789	4392.199497425079
45	8503.737168999543	3k-10k	8976	6451.70766640283	2.452874331550802	8070.224166966105	0.030971479500891266	8250.0	8600.0	8253.903067703675	8570.800158821698	1321.3529878704767	1567.9803571428993
45	8503.737168999543	10k-30k	16829	18718.72050280651	3.6688454453621726	19741.091652173815	0.0919246538712936	8650.0	8900.0	8665.408704800426	8889.095077755064	784.1384762323814	1179.177903017655
45	8503.737168999543	30k-100k	22647	58175.885041298025	6.563783282553981	54689.37633713136	0.22815383936062172	9300.0	12050.0	9235.980014602694	12026.662546020121	1088.8355167842237	2289.656096927085
45	8503.737168999543	100k-300k	21982	182933.3764029426	10.13556546265126	135388.14026128317	0.38545173323628423	8450.0	10600.0	8449.383643384217	10627.60972128121	2004.7334316572724	2895.107998286683
45	8503.737168999543	300k-inf	375	300000.0	1.0	146823.73446854274	0.16533333333333333	13050.0	18000.0	12530.414518888683	18046.540773188513	7432.119823884081	13873.7690428026
45	8503.737168999543	all	73206	79619.3312513949	6.288091140070486	63975.75865221891	0.2125508838073382	8700.0	9350.0	8723.550655780167	9356.290144131612	550.1801652676841	797.8996940362122
46	8875.641207221639	0k-3k	2440	1883.7170577383397	1.9004098360655737	3642.035208436413	0.00860655737704918	9600.0	9750.0	9240.150766490462	9404.112370447772	2621.5653982483727	2780.5362232096704
46	8875.641207221639	3k-10k	8929	6438.43126074447	2.4950162392205173	8301.345371868068	0.03214245716205622	8650.0	8300.0	8623.924358690374	8330.280218991264	1427.8979992884924	1482.4760094469557
46	8875.641207221639	10k-30k	16735	18749.317023870884	3.639139527935465	19802.43641089568	0.08640573648043023	9050.0	9550.0	8988.167789710793	9561.688553406151	669.1442542102286	1171.9119853024986
46	8875.641207221639	30k-100k	22586	58595.28228933189	6.642521916231294	55736.83422570857	0.23155937306295934	8900.0	11450.0	8872.172648059315	11442.124843564732	1316.4386976192045	2475.052816647669
46	8875.641207221639	100k-300k	23177	182243.53305013402	9.97437114380636	134516.13277013908	0.3798161970919446	8650.0	10600.0	8636.947990834298	10626.066532056035	2067.4797487844535	2899.045350270997
46	8875.641207221639	300k-inf	302	300000.0	1.0	158804.6292852559	0.16887417218543047	12000.0	18950.0	11704.894540535617	18355.208588240184	8092.693184372961	14124.665682797699
46	8875.641207221639	all	74169	81081.66827154679	6.3277380037481965	65241.73977200512	0.2135393493238415	8950.0	9500.0	8935.763619809328	9483.618585115404	561.7568619916528	761.5973848059748
47	8907.387562275959	0k-3k	2483	1828.334437128079	1.8819975835682643	3307.3221703906715	0.01369311316955296	7400.0	7650.0	7409.244558858338	7590.14189886519	4412.746098747685	4517.877213959454
47	8907.387562275959	3k-10k	8854	6348.230020111501	2.4326857917325504	8117.512140915443	0.028800542127851818	9700.0	9800.0	9657.980182800678	9761.98164398476	1449.249238287879	1688.316244831105
47	8907.387562275959	10k-30k	16513	18898.77937203699	3.7790225882637922	20293.20348349506	0.0931387391751953	9300.0	9300.0	9263.083621994188	9295.089623356129	669.8479470979892	973.2574184145942
47	8907.387562275959	30k-100k	23057	58750.386280881554	6.551155831200937	54983.56050113561	0.23199028494600338	10050.0	12200.0	10012.652562959986	12187.314621813111	1230.8208570793686	2311.8400510939173
47	8907.387562275959	100k-300k	22174	183126.68564881728	10.002209795255705	134888.34591743475	0.3702083521241093	8300.0	10700.0	8241.359673058128	10733.400297722457	1776.8439424965018	3088.426288527229
47	8907.387562275959	300k-inf	296	300000.0	1.0	145105.56274947996	0.10135135135135136	5350.0	5050.0	6209.565269963344	6032.848516875831	11643.509948019717	11878.425889899756
47	8907.387562275959	all	73377	80091.59969515057	6.292843806642408	64283.18936437068	0.21007945268953487	9300.0	9700.0	9202.974643204307	9662.080744029281	359.5548028330486	611.2044198166441
48	2596.204001529274	0k-3k	2342	1834.7446934163381	1.9709649871904356	3667.1356371886213	0.02049530315969257	2900.0	2700.0	2846.165291149195	2656.4896615650596	1605.3709631282718	1541.8546631375502
48	2596.204001529274	3k-10k	9002	6418.678429656272	2.484336814041324	7962.023990598739	0.048878027105087755	2700.0	2600.0	2670.2779643447893	2579.4324773805647	527.7729687522028	701.3528065724922
48	2596.204001529274	10k-30k	16628	18869.679193784883	3.7724320423382247	20176.546183235387	0.12418811643011787	2650.0	3350.0	2565.2785592267765	3319.0376799860846	576.0080968742914	1379.1805770982082
48	2596.204001529274	30k-100k	22886	58557.42971918412	6.712793847767194	55164.418613348	0.24250633575111422	2500.0	6350.0	2440.4451642626946	6377.689908778147	599.7341414782104	2431.4097544382566
48	2596.204001529274	100k-300k	21601	183449.6667709785	10.006851534651174	134896.55851316804	0.38456552937364014	4650.0	6300.0	4630.570770407485	6330.289464134835	1804.4658117905865	2500.988882988345
48	2596.204001529274	300k-inf	335	300000.0	1.0	150080.72495601568	0.07761194029850746	1450.0	1450.0	2280.2898932156154	2690.1017851055663	5523.8524243678685	7123.8775933814495
48	2596.204001529274	all	72794	79390.94608625925	6.316866774734182	63774.88074908364	0.2257878396571146	2650.0	2950.0	2609.77691381424	2932.0090597642456	216.28927297986456	314.2714015165525
49	789.6148883857601	0k-3k	2378	1896.4984614862042	1.934398654331371	3693.7554526849226	0.031118587047939444	1050.0	900.0	970.3415913529079	876.2640272914592	776.9080311827248	941.5548630202517
49	789.6148883857601	3k-10k	9234	6442.014492717622	2.4416287632661904	8202.014431414247	0.06606021225904267	800.0	750.0	778.20373848976	732.4209665360383	692.048198039038	946.8929509681033
49	789.6148883857601	10k-30k	16522	18778.10260392828	3.7997821087035466	20092.652610982717	0.1294032199491587	1000.0	1650.0	988.5343522195096	1650.459306976959	772.6068683481561	1546.9999676694802
49	789.6148883857601	30k-100k	22337	58179.163304435984	6.638044500156691	54532.53647832781	0.2472131441106684	1000.0	3700.0	906.8435165500273	3699.3511758374057	563.9581536124336	2329.1937998071926
49	789.6148883857601	100k-300k	22213	183309.59670923508	9.994507720704092	133682.4883137256	0.37671633727997117	1200.0	1700.0	1217.3049247081065	1745.2435778720373	1718.8645246570995	2027.2043386797573
49	789.6148883857601	300k-inf	304	300000.0	1.0	151579.47947755342	0.06907894736842106	0.0	250.0	999.0437877744373	2092.6349182829676	2642.54780969884	6164.680563952002
49	789.6148883857601	all	72988	79970.0127256905	6.309420726694799	63711.219654671884	0.22925686414205074	950.0	1150.0	940.3737261944666	1164.2700760239445	342.46291718718476	517.7218043710768
50	321.95976705287177	0k-3k	2423	1864.9442189160902	1.9364424267437061	3675.633673257018	0.035905901774659514	550.0	500.0	515.10577979137	518.0386399021108	740.0493353934465	899.250499529703
50	321.95976705287177	3k-10k	9143	6407.9189460187745	2.4226183965875534	8072.993648799233	0.06792081373728535	600.0	300.0	562.7227311563911	360.1932493780963	708.587531921004	771.980311557937
50	321.95976705287177	10k-30k	16692	18867.363887942218	3.7301701413850945	20042.16775135973	0.13024203211119098	350.0	900.0	348.34010981244654	883.5485042629639	599.0755521796052	1451.516488592252
50	321.95976705287177	30k-100k	22253	58651.40117360132	6.590976497550892	54912.18339469135	0.24724756212645485	850.0	2100.0	834.6052269887592	2140.381458638972	1287.8741637255264	2176.6380695513662
50	321.95976705287177	100k-300k	22874	183764.1204207312	10.07685581883361	135986.78491885887	0.3848911427821981	700.0	1500.0	742.673838052827	1541.2606294251116	1405.0160925916705	1952.0119551037585
50	321.95976705287177	300k-inf	345	300000.0	1.0	148005.87457053785	0.05217391304347826	0.0	0.0	1164.083389699685	1103.0335378023597	3863.5426844166723	3702.539039127412
50	321.95976705287177	all	73730	81244.14107694793	6.3287399972874	65113.8731516323	0.2333649803336498	500.0	700.0	509.29347446109784	685.4510658422921	368.26645684605745	558.1136597072336
51	9321.289038678013	0k-3k	2476	1852.7201605959474	1.9176090468497577	3738.8275065877024	0.012520193861066236	10300.0	10350.0	10095.756579083005	10204.807830971635	4640.037398720984	4890.44330805026
51	9321.289038678013	3k-10k	9006	6479.61045719387	2.457805907172996	8202.644475742563	0.024983344437041973	10050.0	10100.0	9945.670899633722	10065.107433114177	1245.4844680107672	1742.5859001037516
51	9321.289038678013	10k-30k	16577	18848.078375571262	3.747240152017856	19959.604387229534	0.0869276708692767	9250.0	9950.0	9232.928267103805	9939.433662420195	662.8369865612931	1058.0670570936818
51	9321.289038678013	30k-100k	22905	58545.02505799813	6.5661209342938225	54490.56573394574	0.23178345339445536	9200.0	12100.0	9114.172981669564	12102.366052412362	897.2813459545378	2311.847528698814
51	9321.289038678013	100k-300k	21842	183765.3879188924	10.245261422946617	135505.37355124677	0.38233678234593904	8250.0	9150.0	8253.204077863611	9200.978314154923	2151.54527804144	2783.179928945552
51	9321.289038678013	300k-inf	353	300000.0	1.0	145930.43525287797	0.07932011331444759	2450.0	1700.0	3430.6048388720897	2801.8004781826608	8253.550841940492	7203.220128680894
51	9321.289038678013	all	73159	79772.34112009272	6.335898522396424	63879.07073454501	0.21029538402657227	9250.0	10150.0	9247.153031878599	10135.246879068925	491.3952678762198	785.6653268974642
52	3090.8906253398604	0k-3k	2474	1853.2116872070815	1.8924818108326598	3532.518406020415	0.025464834276475345	2600.0	2500.0	2683.1715652733674	2557.1186925842303	2016.9609069723856	1906.0226749582048
52	3090.8906253398604	3k-10k	9038	6461.744829491649	2.433613631334366	7829.729687409959	0.052223943350298736	2650.0	2700.0	2603.874769370427	2695.466452810925	745.071534671119	938.7688203660878
52	3090.8906253398604	10k-30k	16449	18827.791789340892	3.7514742537540275	19962.622387268893	0.11617727521429874	3300.0	4150.0	3269.468908799896	4119.977429204302	651.143880151179	1382.081029047602
52	3090.8906253398604	30k-100k	22414	58762.55070120351	6.6114482020165966	54785.74810470118	0.24814847862942804	3000.0	4050.0	3014.5075916552305	4052.0296403127077	1401.6828673760374	2234.073887274928
52	3090.8906253398604	100k-300k	22525	183141.92958767212	10.079112097669256	135199.30759931388	0.37691453940066594	2200.0	2700.0	2216.139821181329	2727.789213132953	1799.257111515502	2146.9901127129583
52	3090.8906253398604	300k-inf	350	300000.0	1.0	148150.02916418982	0.08285714285714285	2300.0	2200.0	3062.9045479522597	3200.8075501003354	6962.164516935825	7842.712340766964
52	3090.8906253398604	all	73250	80819.93471679254	6.333870307167236	64615.07706485018	0.2256245733788396	2850.0	3100.0	2853.6774233592414	3085.1158885232817	473.88647137344105	655.1466025612231
53	860.649278007638	0k-3k	2351	1822.7242679975643	2.0395576350489155	4009.8327720817074	0.031475967673330496	1050.0	850.0	972.1319089010009	833.4306279558753	750.4528609317722	934.9468192923182
53	860.649278007638	3k-10k	8504	6423.427378729765	2.5380997177798683	8123.409577757073	0.06338193791157103	900.0	950.0	892.0654771012742	959.028915850399	609.9416168743784	953.6824793995343
53	860.649278007638	10k-30k	16562	18971.068484118266	3.837278106508876	20401.659161665106	0.13132471923680714	800.0	1000.0	761.6320269958353	1012.8872692143153	833.9340300612432	1510.2107179782715
53	860.649278007638	30k-100k	22574	58442.23797874178	6.63887658368034	54776.924277201106	0.24253566049437406	1150.0	3350.0	1129.3377544576565	3344.6319042640635	1064.3884749097558	2270.1709641889656
53	860.649278007638	100k-300k	21941	182287.63257782254	10.107287726174741	133906.2174798979	0.38854199899731096	2650.0	3950.0	2680.536201504187	3995.5670452229087	1668.9124188093183	2178.3357619071876
53	860.649278007638	300k-inf	371	300000.0	1.0	155143.69098844254	0.09973045822102426	4700.0	4800.0	5114.202267435321	5540.654172568842	8674.32766379136	10283.95766958672
53	860.649278007638	all	72303	80263.01694174334	6.388849701948743	64292.350063601756	0.2327012710399292	1050.0	1300.0	1027.6786127453254	1316.927766759489	349.7340971922998	499.1132165329384
54	1216.495020089119	0k-3k	2315	1869.030224442719	1.9170626349892008	3718.294357840756	0.025053995680345574	1100.0	1050.0	1035.1922621193955	1051.205410568888	757.8053874388689	1013.4655301441736
54	1216.495020089119	3k-10k	9128	6500.037337149699	2.4887160385626643	8197.823503119449	0.05882997370727432	1450.0	1400.0	1428.328897919589	1369.7572624810387	585.9402467695422	870.9320840041595
54	1216.495020089119	10k-30k	16304	19020.736400820053	3.7712217860647694	20216.809017847067	0.12113591756624141	2000.0	2950.0	1948.5715274501244	2936.9847191793842	645.6405271694607	1481.976347069056
54	1216.495020089119	30k-100k	22187	58895.947797860594	6.690043719295082	55569.65015168598	0.25163383963582275	1550.0	3400.0	1552.471599584906	3430.8739902829752	1241.954856925342	2298.6920956873614
54	1216.495020089119	100k-300k	22268	182799.15358638435	10.054697323513562	135243.1844830267	0.3815789473684211	750.0	1050.0	784.4444336237332	1066.06605735876	1493.9133218088368	1817.4172196566585
54	1216.495020089119	300k-inf	303	300000.0	1.0	144890.74199716153	0.0429042904290429	0.0	0.0	1018.3914435288287	955.6345480671607	3496.218777390193	3339.206067849682
54	1216.495020089119	all	72505	80573.32843134676	6.361961244052134	64843.436913461	0.2298186331977105	1350.0	1550.0	1329.6005147761985	1540.314445754309	266.7381024177305	523.7808186008649
55	5306.731013155382	0k-3k	2603	1861.5103406647283	1.9400691509796388	3621.294013186341	0.019976949673453707	4450.0	4600.0	4292.838090092317	4553.7244095132455	2052.8622212965133	2606.7622186942167
55	5306.731013155382	3k-10k	8928	6416.761581916948	2.4437724014336917	7943.969172019932	0.03819444444444445	5250.0	5350.0	5184.924298078341	5323.845426827001	562.1402052949943	831.8773117062983
55	5306.731013155382	10k-30k	16813	18964.79827235217	3.7712484387081426	20056.508450585745	0.1082495687860584	5450.0	6200.0	5359.3430078574675	6175.402457165768	447.52291838827296	1257.190023570245
55	5306.731013155382	30k-100k	22941	58520.944588500584	6.632709995205091	55143.089479727125	0.23904799267686674	5200.0	7800.0	5183.2190290091885	7772.688026750122	1457.5783442339425	2494.405393908679
55	5306.731013155382	100k-300k	22120	182365.72581571978	10.136528028933093	135029.5971792378	0.3853978300180832	5900.0	7650.0	5879.312486442463	7677.584304858513	1858.86906446779	2647.828645834774
55	5306.731013155382	300k-inf	296	300000.0	1.0	146063.61339252983	0.08108108108108109	2400.0	1950.0	3307.897247482394	3203.080908908351	7909.8773873685	8259.353593417538
55	5306.731013155382	all	73701	79323.86747834731	6.335748497306685	63943.3277240087	0.2204312017476018	5300.0	5700.0	5251.460634192892	5653.753877662382	328.9326486734799	415.9140850147405
56	4903.607778618312	0k-3k	2605	1856.020140755408	1.8241842610364682	3306.0297381453465	0.017658349328214973	4900.0	4950.0	4880.232655786958	4951.935056808255	3064.255740952112	3120.033512819248
56	4903.607778618312	3k-10k	8836	6480.244788697609	2.4783838841104573	8196.41132177332	0.04583521955636034	5000.0	4700.0	4979.269449094483	4694.429238615059	951.2841480334009	1027.4789265710006
56	4903.607778618312	10k-30k	16630	18847.655023471205	3.648947684906795	19904.319894877437	0.10817799158147925	5300.0	5750.0	5257.5551431617005	5761.384960813379	734.0505469511545	1301.5322037920969
56	4903.607778618312	30k-100k	22789	59029.00487247534	6.73259028478652	55875.764734560034	0.24410899995611918	5400.0	8150.0	5336.92854819178	8170.7146815652595	1023.5395837152009	2358.904008038993
56	4903.607778618312	100k-300k	22539	181947.36652525875	9.855406184835175	134644.0279627537	0.3737521629176095	4600.0	5800.0	4581.240554030097	5844.7959458848945	1803.6133241974626	2420.141475384028
56	4903.607778618312	300k-inf	294	300000.0	1.0	144180.27628105303	0.12585034013605442	6650.0	9300.0	6139.887826568422	10579.151029419307	5929.557489895165	15634.242328284305
56	4903.607778618312	all	73693	80195.6029013824	6.285359532112955	64626.60073241547	0.22083508610044372	5200.0	5400.0	5161.550298647799	5409.95970638708	519.8982801135526	660.0867352638106
57	4937.1329232790895	0k-3k	2425	1876.966649295407	1.9311340206185568	3598.969056969533	0.019381443298969073	5000.0	4850.0	5010.139335792072	4825.75253671957	3073.6741534494286	2929.5323955965114
57	4937.1329232790895	3k-10k	8931	6432.653734301709	2.52009853319897	8243.664065388071	0.044339939536446084	5350.0	5250.0	5297.983536528885	5228.965010927433	826.1727330804397	1105.7486266558462
57	4937.1329232790895	10k-30k	16659	18909.458109816285	3.775736838945915	20174.105149617266	0.110390779758689	5950.0	6100.0	5935.548828219169	6093.992278941643	852.4273338425919	1307.9436726627437
57	4937.1329232790895	30k-100k	22283	58500.06591874388	6.534577929363191	55096.23506942603	0.2390162904456312	4350.0	3650.0	4340.463748018248	3694.276919850264	1692.8187879393581	2453.3873276485356
57	4937.1329232790895	100k-300k	22310	182830.63344129053	9.936306588973554	133193.6931251175	0.36683101748095026	2750.0	3300.0	2754.2959865657695	3329.789835517573	1867.1683709899876	2241.2377540786674
57	4937.1329232790895	300k-inf	328	300000.0	1.0	153996.39620295394	0.08841463414634146	3400.0	3050.0	4213.8724621205465	3968.1550543544126	9142.25331056168	9100.700214555462
57	4937.1329232790895	all	72936	80315.93092875372	6.275460677854557	64004.10769779762	0.21691620050455193	5200.0	5150.0	5185.788142729685	5135.797440993049	615.5772650116814	769.8840115652974
58	9088.213034648175	0k-3k	2596	1894.476433977191	1.9133281972265024	3703.9049499289067	0.010400616332819723	10800.0	10700.0	10476.468121000094	10522.41914363394	4053.5387728396618	4391.6696529507135
58	9088.213034648175	3k-10k	8945	6498.485052902472	2.538960313024036	8394.698960972033	0.03242034656232532	8850.0	8650.0	8799.163984357134	8638.704953108512	1301.942183034358	1501.0194276396423
58	9088.213034648175	10k-30k	17006	18878.191393887693	3.7714924144419615	20235.323185100493	0.08926261319534282	9700.0	10600.0	9686.029171218786	10581.47597741001	632.0867369410207	1161.085974817941
58	9088.213034648175	30k-100k	22489	58474.2070437331	6.532971675041131	54593.38046187357	0.21917381831117436	9250.0	14850.0	9175.621393970767	14838.193452867006	358.9157502240341	2161.6602533406713
58	9088.213034648175	100k-300k	22354	183311.1509808702	10.237451910172677	135806.62083161314	0.3881184575467478	12750.0	17900.0	12695.443226578482	17905.644360739174	1410.5242319156077	3286.2312814314027
58	9088.213034648175	300k-inf	373	300000.0	1.0	151571.60636751752	0.13404825737265416	11150.0	10900.0	11538.740520062722	12004.095236211537	11854.553708480078	14820.466573743255
58	9088.213034648175	all	73763	80104.57063430388	6.344061385789623	64381.00090822997	0.2099968819055624	9250.0	10500.0	9239.820179476534	10456.508021288239	141.37853007909325	315.6718342517761
59	1119.168941405968	0k-3k	2580	1842.5995807835666	1.9356589147286822	3633.1383400806076	0.031007751937984496	1050.0	950.0	970.1733317681037	952.0783868768315	694.3552163055077	911.5211560529694
59	1119.168941405968	3k-10k	8977	6457.305955224405	2.3918903865433885	8000.653002481264	0.06316141249860756	1000.0	1200.0	940.8878412880088	1165.9043279685093	544.0115171592768	960.865381874277
59	1119.168941405968	10k-30k	16829	18851.73538362348	3.767306435319983	20332.465490231618	0.1267454988412859	1100.0	2050.0	1050.3481896696535	2032.192554191146	709.6918833222128	1549.9240746595083
59	1119.168941405968	30k-100k	22789	58430.67827013229	6.60349291324762	55307.77607531562	0.2448549738909123	1150.0	2600.0	1109.6411086873218	2629.8205190743797	1169.194268687551	2223.81402635888
59	1119.168941405968	100k-300k	21931	183056.15242666667	10.163968811271715	135567.40701416746	0.3946924444849756	800.0	1400.0	825.8260370557816	1418.3354060320587	1458.2010739316254	1974.0899391659334
59	1119.168941405968	300k-inf	330	300000.0	1.0	145124.14114193592	0.05757575757575758	0.0	0.0	1204.456591135098	1351.0382005338836	3831.3966404949288	4383.249904985128
59	1119.168941405968	all	73436	79322.92340564221	6.312830219510866	64066.65803476093	0.23197069557165423	1000.0	1300.0	1000.3181516502707	1288.0579763916396	361.2938496882905	531.0196618450515
60	4308.80207772411	0k-3k	2572	1881.4476985650056	1.973561430793157	4049.963348735956	0.02410575427682737	3600.0	3600.0	3609.708633041101	3589.6627959808684	2290.0696569177194	2307.1947887848864
60	4308.80207772411	3k-10k	8831	6422.686029708813	2.440720190238931	8149.35803321404	0.04688030800588835	4450.0	4250.0	4412.646439957091	4279.47782802924	862.4279220279227	1046.1827857381609
60	4308.80207772411	10k-30k	16533	18837.50887434179	3.7068287667090063	20147.15706474187	0.11474021653662372	4600.0	4850.0	4574.288690370975	4821.7208831366	851.1333932606112	1349.0203304444976
60	4308.80207772411	30k-100k	22849	58690.08212204325	6.646942973434286	55280.96266346427	0.24456212525712284	4600.0	6300.0	4502.8177049775695	6318.769626953896	1124.7714674333633	2488.024483068629
60	4308.80207772411	100k-300k	22146	183763.83133451076	10.051476564616635	135224.57705142908	0.3798428610132755	3300.0	3800.0	3308.089991592847	3824.646610827772	1759.8498153070914	2193.6751348978773
60	4308.80207772411	300k-inf	336	300000.0	1.0	150567.41804444237	0.13690476190476192	9350.0	11500.0	8832.098927362247	12690.628038045008	7258.804103737638	15788.022995657018
60	4308.80207772411	all	73267	80315.03750896313	6.315626407523169	64474.66507454946	0.2240981615188284	4400.0	4500.0	4392.200143628673	4516.427606355957	540.5069618053212	700.0153694265655
61	2554.1921710397196	0k-3k	2474	1837.8109671370598	1.9151172190784156	3645.7454603610313	0.023039611964430072	2450.0	2600.0	2431.0712819473642	2656.5494343368155	1440.2779057474818	1937.7451504454368
61	2554.1921710397196	3k-10k	8969	6470.67590937267	2.4469840561935556	8196.88178450789	0.05719701192998104	2400.0	2000.0	2368.18076102779	2015.0762474925432	780.8317319630291	944.4343666807681
61	2554.1921710397196	10k-30k	16832	18917.56461419662	3.7487523764258555	20158.158193181065	0.1126425855513308	2750.0	3700.0	2710.356000295582	3700.13184416131	588.6105427725497	1445.2403503540813
61	2554.1921710397196	30k-100k	23390	58691.46281599211	6.592176143651133	54585.571468719034	0.2407439076528431	2550.0	4650.0	2464.992513953615	4652.913701453393	898.6765405522715	2414.716166618979
61	2554.1921710397196	100k-300k	21762	181313.67526873594	9.835401157981803	133891.47346285344	0.3771712158808933	2050.0	2750.0	2045.9492488154424	2772.5411016613466	1738.4377608494176	2164.537618898171
61	2554.1921710397196	300k-inf	307	300000.0	1.0	149313.54966217274	0.026058631921824105	0.0	0.0	649.1096428821717	646.3206212226299	2351.7527644037596	2349.0483801785062
61	2554.1921710397196	all	73734	78547.80970263793	6.215856999484634	63175.48956519448	0.2212412184338297	2500.0	2650.0	2503.7183658287577	2625.410418450173	467.77293496772563	638.8730971412497
62	302.3270822973656	0k-3k	2513	1865.2115331713114	1.8885793871866294	3514.2408809142457	0.04178272980501393	100.0	0.0	170.56467628395185	148.32328743179482	412.8818462704526	404.225951697617
62	302.3270822973656	3k-10k	9179	6431.434279701803	2.4363220394378473	8059.085000889381	0.06667392962196318	350.0	0.0	316.9745261078699	183.25960519858506	561.0744658046036	521.6101637120163
62	302.3270822973656	10k-30k	16683	18745.23735153656	3.730144458430738	20355.18482684737	0.13055205898219743	550.0	0.0	543.069179464537	264.52718426758986	954.2615506987636	788.3645426469177
62	302.3270822973656	30k-100k	23325	59045.152943845	6.647374062165059	55930.02196929415	0.2512754555198285	0.0	0.0	151.98562617360778	254.71838203845266	498.4059487652846	810.4614947234745
62	302.3270822973656	100k-300k	23261	183470.1395695367	9.930097588237823	135279.94993954577	0.3808090795752547	400.0	850.0	506.2343382696616	882.8903867825107	1163.1348140672371	1676.0701755379969
62	302.3270822973656	300k-inf	344	300000.0	1.0	136296.22645111827	0.0755813953488372	2100.0	1150.0	3099.211481601059	2467.2488031958137	7718.668265367638	6684.706469626254
62	302.3270822973656	all	75305	81330.26114486561	6.3172033729500034	65342.16528650077	0.23424739393134586	200.0	0.0	210.13371741863412	106.02610207110918	373.3109223566432	295.25153827163797
63	5294.71273411345	0k-3k	2465	1862.37743067009	2.073022312373225	3817.7049519869997	0.021906693711967545	4100.0	4000.0	4119.910428869691	3938.6322882769596	2678.128388302237	2546.5759043264384
63	5294.71273411345	3k-10k	8963	6492.885876974487	2.5123284614526384	7982.846033989208	0.03882628584179404	5450.0	5650.0	5408.721273530253	5656.449169142713	774.7340975675233	1119.0697141894752
63	5294.71273411345	10k-30k	16130	18900.0809234618	3.768691878487291	19884.26559239516	0.10737755734655921	5350.0	5900.0	5297.880382822107	5899.49757406169	721.5049853645587	1320.6529325223455
63	5294.71273411345	30k-100k	22708	58544.612946799956	6.621499031178439	54680.0580262474	0.24224942751453232	4950.0	6800.0	4883.42381267856	6791.6048144418755	1138.8137216431442	2359.5707668796913
63	5294.71273411345	100k-300k	22231	183269.18878393876	10.038954612927894	134356.4033096909	0.377715802258108	6100.0	7850.0	6113.937400604384	7887.960520643745	1966.4791339913363	2658.8630417266195
63	5294.71273411345	300k-inf	345	300000.0	1.0	145327.57111478923	0.10144927536231885	5150.0	5050.0	5624.824148406458	5889.574719459655	9267.391660622126	10940.058553270312
63	5294.71273411345	all	72842	80651.7285141682	6.34659948930562	64253.920367191924	0.22057329562614975	5300.0	5850.0	5278.415187036909	5842.638309534822	461.7397470972355	705.9084653416003
64	6661.487646842277	0k-3k	2424	1871.5188425899591	1.9273927392739274	3881.2902090530474	0.015264026402640265	5800.0	5700.0	5670.477096816656	5557.819209442607	2794.5082010989854	2781.2121364297923
64	6661.487646842277	3k-10k	8797	6498.759421383526	2.436626122541776	8137.536243428107	0.03751278845060816	6100.0	6050.0	6089.426672856142	6061.938787459534	942.3495854753437	1174.4216239540629
64	6661.487646842277	10k-30k	17095	18821.416179169595	3.6995027785902312	19832.583618167675	0.10090669786487277	6700.0	7200.0	6670.523041472783	7182.616472938815	668.9193405597998	1183.0261786462916
64	6661.487646842277	30k-100k	23021	58564.8682597793	6.60540376178272	54961.71302686797	0.23283089353199252	7050.0	10350.0	6971.558569377905	10324.929653089284	883.2488597211623	2324.725223921376
64	6661.487646842277	100k-300k	21567	181429.9582440141	9.991700282839524	134243.38970023405	0.38470811888533407	7250.0	11850.0	7098.338964877252	11873.270001772147	762.3716057825914	3026.5602970840246
64	6661.487646842277	300k-inf	324	300000.0	1.0	150398.2225348004	0.11728395061728394	7250.0	7750.0	8049.8174136937805	8792.549469299094	11820.038947365858	13635.823245446161
64	6661.487646842277	all	73228	78409.62472748518	6.243895777571421	63217.1024213485	0.21558693395968756	6650.0	7150.0	6614.813880529324	7110.612780168037	440.7652884941235	513.5687307810194
65	7339.732144445932	0k-3k	2495	1855.28537105446	1.8913827655310622	3562.6896755784715	0.016833667334669337	7050.0	7000.0	6989.444568619636	6889.3982213347845	3860.2174806479643	3747.525539164938
65	7339.732144445932	3k-10k	9045	6435.116658011991	2.4808181315644	8136.442999502511	0.033056937534549476	7500.0	7400.0	7506.679710126868	7366.126402133391	997.7225594493257	1205.8263218635448
65	7339.732144445932	10k-30k	16866	18832.555865962742	3.737222815131033	19945.792218231963	0.10026087987667497	7150.0	7300.0	7142.85951703079	7290.156523904489	774.926065761777	1200.5237044532796
65	7339.732144445932	30k-100k	22266	58881.444507751796	6.759768256534627	55393.19175219977	0.24166891224288153	7250.0	8900.0	7204.048468011074	8891.169788186573	1334.5877189387274	2427.0472474845774
65	7339.732144445932	100k-300k	22044	183317.26253230718	10.138949373979314	135704.15095027958	0.37964979132643806	5700.0	6900.0	5706.8978487873865	6907.933989214757	1960.6435672905072	2563.5006565172453
65	7339.732144445932	300k-inf	391	300000.0	1.0	148971.43004869626	0.1534526854219949	8750.0	15100.0	8278.242062840252	15966.770823875771	5305.249118984367	14999.869097598292
65	7339.732144445932	all	73107	80017.84279316082	6.3550275623401316	64316.46366935112	0.21669607561519416	7150.0	7450.0	7157.960529767658	7460.37223945678	567.7913000013959	750.2709353028931
66	6231.210796999482	0k-3k	2378	1847.2619365125286	2.026492851135408	4045.142381750354	0.022708158116063918	4950.0	5000.0	4914.462595230099	4986.612380935114	2968.948389331742	3011.702978068036
66	6231.210796999482	3k-10k	9178	6497.603092533038	2.4360427108302463	8005.18311995709	0.03323164088036609	6350.0	6400.0	6302.867765656943	6382.794750740925	694.4823489830733	1043.3793227327442
66	6231.210796999482	10k-30k	16948	18880.356602157688	3.7775548737314137	20279.898350536903	0.10319801746518763	6450.0	7000.0	6384.965117948085	6975.774745142186	569.5807434767785	1213.865181515017
66	6231.210796999482	30k-100k	23105	58730.85010967913	6.586020341917334	55445.804764222834	0.23700497727764552	6250.0	9500.0	6104.336173423623	9477.80795038529	619.6148883275182	2453.2091728994565
66	6231.210796999482	100k-300k	22714	183072.55296973392	9.960773091485427	135811.11398752776	0.37637580346922606	7000.0	9550.0	6999.96561482319	9590.022131841844	1827.2652756124553	2784.0673131533586
66	6231.210796999482	300k-inf	323	300000.0	1.0	154216.90202907872	0.1021671826625387	6550.0	5200.0	7292.795165588728	6074.249963351631	12178.230072722878	11447.986983057674
66	6231.210796999482	all	74646	80328.46145406768	6.2955952093883125	64872.808429777004	0.21656887174128553	6300.0	6900.0	6245.199138854914	6918.751503306038	260.995410092014	623.683903220187
67	3262.872319198802	0k-3k	2315	1858.055344966719	1.9879049676025917	3690.2059870379567	0.01900647948164147	3800.0	3850.0	3648.3752858249027	3696.938038749444	1888.7814399912268	1873.785762553383
67	3262.872319198802	3k-10k	8786	6440.315626206972	2.4342135215114955	7775.498237844881	0.044388800364215796	3650.0	3800.0	3628.516246127114	3767.9002033898787	599.5676285827335	917.875247316817
67	3262.872319198802	10k-30k	16512	18904.621274106048	3.798449612403101	20050.86531834545	0.11785368217054264	3450.0	4600.0	3409.572142383792	4568.45280170456	675.351628889136	1352.9504057912095
67	3262.872319198802	30k-100k	22611	59007.32639389426	6.690725752952103	55264.224448172616	0.24067931537747114	4950.0	8100.0	4910.144547573322	8110.490469819148	1073.8432242396975	2345.8384639924507
67	3262.872319198802	100k-300k	22476	183476.8058217325	10.02598327104467	133763.50832810788	0.3805837337604556	4350.0	6300.0	4207.6180994744855	6349.711636614287	1070.2945702793759	2473.581759579738
67	3262.872319198802	300k-inf	324	300000.0	1.0	153569.98462548025	0.06172839506172839	0.0	0.0	1407.7519870161984	1567.102028989136	4416.681543518928	4926.79393763784
67	3262.872319198802	all	73024	81182.60383483641	6.376821319018405	64550.59856640361	0.22452892199824714	3700.0	4400.0	3673.3792261784147	4396.506474008311	284.48940388206984	553.746664013127
68	6798.808421202343	0k-3k	2490	1863.0173463842918	1.8839357429718875	3506.7836083726083	0.014056224899598393	6250.0	6250.0	6121.8713713064235	6146.6037591279855	3039.4996675170632	3038.3525701094204
68	6798.808421202343	3k-10k	8847	6417.458418420156	2.474624166384085	8111.708710712735	0.03763987792472025	6850.0	6750.0	6797.069760857466	6752.320031253505	988.590394101695	1262.8696313188502
68	6798.808421202343	10k-30k	16820	18766.70087293368	3.7127229488703923	19955.848232088872	0.1014268727705113	7000.0	7350.0	6953.6247970027025	7319.489035146494	829.4683873318454	1246.9020151422264
68	6798.808421202343	30k-100k	23235	58741.42807651104	6.484140305573488	55152.372589468694	0.23258015924252207	6700.0	9350.0	6684.756065586588	9343.402278781467	1130.9510838954548	2343.9839763425325
68	6798.808421202343	100k-300k	22788	183188.3825296006	9.960856591188344	135370.12681526228	0.3719940319466386	6000.0	6600.0	5992.5324374444135	6652.181041215114	2086.620942192898	2555.808095270161
68	6798.808421202343	300k-inf	387	300000.0	1.0	154923.14420098966	0.11369509043927649	6450.0	7100.0	6916.205733787801	7944.432999614768	9521.088772613068	11836.377752209139
68	6798.808421202343	all	74567	80900.72041178105	6.263709147478107	64940.10258157823	0.2145587190043853	6750.0	7200.0	6782.860608225994	7186.688630285175	561.1446891328624	749.8947971181442
69	2930.0421407988365	0k-3k	2446	1861.7502580880785	1.8732624693376942	3576.1998506478344	0.023712183156173343	2750.0	2850.0	2761.4978736782114	2907.5796096808685	1785.9201441545233	2111.5635415750676
69	2930.0421407988365	3k-10k	9080	6444.329850724334	2.4505506607929517	8188.029147426146	0.05462555066079295	2850.0	2650.0	2861.2534317643103	2656.913255678928	678.8867276871456	916.090333648971
69	2930.0421407988365	10k-30k	16476	18827.047201456142	3.738528769118718	20206.10977249468	0.1164117504248604	3300.0	4400.0	3240.9726799006817	4405.647152115779	675.2659879780381	1372.947561325224
69	2930.0421407988365	30k-100k	23175	58616.30641400908	6.557971952535059	55156.17753414007	0.23943905070118662	2650.0	4300.0	2629.4480223140963	4295.66375403934	1291.840499452841	2445.9427985431093
69	2930.0421407988365	100k-300k	22818	182863.3368596154	9.95297572092208	134942.2966301219	0.37961258655447455	4150.0	5500.0	4117.245972322269	5506.989918472082	1644.8390770380538	2365.2703373916
69	2930.0421407988365	300k-inf	376	300000.0	1.0	152160.10146292084	0.08776595744680851	2200.0	2950.0	2230.219973547217	3739.298153484907	4164.372883512653	8387.87739568685
69	2930.0421407988365	all	74371	80906.15034723772	6.291336676930524	64952.47463547368	0.22476502937973133	3050.0	3400.0	3041.7414792755044	3382.3835786884233	430.68385410672863	625.2170524267044
70	2700.949564196655	0k-3k	2400	1867.0876158066098	1.9666666666666666	3675.230822088834	0.02666666666666667	2200.0	2300.0	2181.426618298962	2376.0410592705593	1382.3740131484255	1776.7562331635747
70	2700.949564196655	3k-10k	8874	6477.497141505553	2.5054090601757943	8140.53087047595	0.05138607167004733	2850.0	2950.0	2798.5134643885126	2933.518797875259	674.3754547068029	769.0915585020557
70	2700.949564196655	10k-30k	16623	18925.94956902966	3.7323587800036093	20180.334600010927	0.11646513866329784	2900.0	3950.0	2853.837803259633	3957.422827184163	671.7157380255712	1379.000556246449
70	2700.949564196655	30k-100k	22612	58948.836270552325	6.732398726339996	55488.71255624229	0.25190164514417124	3250.0	5050.0	3178.446259418478	5060.6938657133305	960.1644465686495	2213.6639818216154
70	2700.949564196655	100k-300k	22527	182194.38531830598	9.908021485328717	133444.37019310062	0.37412882318994983	2500.0	3300.0	2445.2925890031493	3306.126311897632	1478.6861256437853	2120.8991343559037
70	2700.949564196655	300k-inf	427	300000.0	1.0	150666.07864752703	0.08430913348946135	2600.0	2450.0	3208.9629469518577	3176.346334030559	7044.662977089814	7327.668947942667
70	2700.949564196655	all	73463	80883.06199600948	6.327729605379579	64544.925176181496	0.22618188748077264	2800.0	3200.0	2797.663115617209	3194.5948643013558	394.2036114419102	471.08597995738273
71	3140.1926142152015	0k-3k	2488	1847.932783379693	1.9364951768488745	3628.289987992896	0.02090032154340836	4450.0	4350.0	4377.393880924936	4299.847310642793	2582.8994881059198	2630.5407151198465
71	3140.1926142152015	3k-10k	9050	6436.496003094382	2.4683977900552487	8247.904886856159	0.051270718232044196	3550.0	3500.0	3496.4529850095782	3466.576033168294	591.6040475659438	892.549158322639
71	3140.1926142152015	10k-30k	17437	18747.59999686171	3.695647187016115	19957.041358777864	0.11504272523943339	3900.0	4400.0	3865.9172548984843	4383.673548041536	693.7210902503975	1316.6343454344337
71	3140.1926142152015	30k-100k	22933	58212.999972570135	6.485239611040858	54502.89776102773	0.24240177909562638	3350.0	5850.0	3302.0102960656404	5868.736203616967	1178.2848103695578	2348.7308774112335
71	3140.1926142152015	100k-300k	22604	184081.85022144817	9.936294461157317	135882.9944105353	0.38072907450008847	4650.0	7550.0	4591.949864520543	7559.363007382355	1373.025301214081	2584.5819688420506
71	3140.1926142152015	300k-inf	309	300000.0	1.0	148211.1196351009	0.19093851132686085	15900.0	25000.0	15673.04836945108	20669.514018304344	10028.328398218337	11193.085681279586
71	3140.1926142152015	all	74821	79903.16512095396	6.217946833108352	64138.050157921156	0.2238141698186338	3750.0	4150.0	3673.692016857807	4143.649585762614	289.7433454077345	447.0619959292608
72	7687.6228540876955	0k-3k	2431	1852.7774026411928	1.9226655697243933	3534.5487080655244	0.013986013986013986	7600.0	7650.0	7452.500879088799	7497.0722045524235	3336.448138327628	3497.8191829857906
72	7687.6228540876955	3k-10k	8842	6422.028926101538	2.4486541506446504	8029.117443817774	0.03325039583804569	7100.0	7050.0	7159.3703829390415	7071.858676166079	1205.0031368269783	1367.6944610849841
72	7687.6228540876955	10k-30k	16672	18915.457862386636	3.746041266794626	19915.047066125535	0.0939299424184261	8050.0	8750.0	7999.213097023845	8728.464069986134	683.1449375151715	1153.6287481339887
72	7687.6228540876955	30k-100k	22891	58683.26065808119	6.581844392992879	55020.74469788207	0.2324931195666419	8100.0	10250.0	8046.6362026502	10237.43090855769	1022.9078198553043	2453.1821022360728
72	7687.6228540876955	100k-300k	21854	183933.93719349778	10.078017754186877	135853.07949229493	0.3791983160977395	8950.0	12150.0	8919.07756858734	12160.821646813078	2094.648211885459	3168.845568958999
72	7687.6228540876955	300k-inf	319	300000.0	1.0	145953.7509453076	0.10031347962382445	6150.0	4900.0	6767.707651420474	5779.888111697632	11099.123156813559	11240.96469931923
72	7687.6228540876955	all	73009	79926.54300514946	6.300702653097563	64191.83828965434	0.21278198578257476	7850.0	8500.0	7876.735600914288	8475.989253366122	489.06695264999325	745.6655400214768
73	3497.0480525195658	0k-3k	2527	1896.92673144582	1.9683419074000792	3784.8991968349665	0.027305104867431738	3050.0	3000.0	3100.160802819476	3058.049172233037	2104.3485348895497	2117.4339636503446
73	3497.0480525195658	3k-10k	8775	6437.856977637998	2.5283190883190882	8172.740628830978	0.04774928774928775	3300.0	3450.0	3272.2309189409634	3432.9926587680548	601.2286566220764	910.1793893772028
73	3497.0480525195658	10k-30k	16168	18786.885349511824	3.7497525977238992	20060.33420994305	0.11473280554181098	3850.0	4500.0	3804.4316818463976	4500.3983991838095	565.6301303401347	1376.4170797565694
73	3497.0480525195658	30k-100k	22754	58329.73626783945	6.632284433506197	55095.041482381035	0.24571503911400194	3400.0	5750.0	3305.167139498769	5747.805955236476	674.1593603347719	2324.3494880669577
73	3497.0480525195658	100k-300k	22752	183946.79054977777	9.980661040787624	135252.94135996568	0.3818565400843882	1900.0	2650.0	1910.1953844914947	2684.4754535771112	1714.0906553535103	2145.416223630727
73	3497.0480525195658	300k-inf	378	300000.0	1.0	147094.64041719201	0.07407407407407407	1450.0	950.0	2553.730931969276	2228.049819501228	6602.894435139831	6097.070088258265
73	3497.0480525195658	all	73354	81670.04238060646	6.3548681735147365	65328.74816076136	0.22698148703547183	3400.0	3750.0	3362.1697744628277	3733.7496353233455	384.60728780895215	639.6867829803755
74	5221.331232687574	0k-3k	2361	1852.445159367191	2.0571791613723	4025.643232954099	0.02244811520542143	4250.0	4550.0	4205.420174110153	4498.258056591895	2479.7824415108767	2696.1485121319943
74	5221.331232687574	3k-10k	9090	6481.300014921141	2.3793179317931794	7795.578087141367	0.042684268426842684	5100.0	4950.0	5055.798056404457	4942.637902372829	821.7961522386959	1041.5728887067498
74	5221.331232687574	10k-30k	16744	18900.532646646505	3.717451027233636	20118.789161452747	0.11180124223602485	5050.0	5450.0	5029.390338696552	5444.486891449841	673.7099580790273	1284.170570875688
74	5221.331232687574	30k-100k	22865	58773.59557101333	6.604417231576646	55388.7560886639	0.23363218893505358	5450.0	9250.0	5421.161154939479	9258.235724004124	1123.394058009827	2498.868796243166
74	5221.331232687574	100k-300k	22284	183009.16000382128	10.058696822832525	134207.5241635773	0.37910608508346794	4400.0	5800.0	4387.939990229594	5809.531571653562	1867.7246428447133	2455.210349546879
74	5221.331232687574	300k-inf	315	300000.0	1.0	147530.62929294148	0.13015873015873017	10950.0	10150.0	11252.10547746227	11371.528312048711	12686.399324762884	15620.670729369103
74	5221.331232687574	all	73659	80048.51468318497	6.302054059924789	64090.632222270426	0.21917213103626168	5050.0	5500.0	5055.633349352114	5472.908591447232	480.1790377589723	665.2926786741009
75	7055.243453806031	0k-3k	2229	1841.1455388724971	2.0049349484073575	3815.189660807414	0.018842530282637954	5450.0	5450.0	5435.518095049989	5407.355566106931	3243.719648901317	3167.1728651034073
75	7055.243453806031	3k-10k	8895	6415.789834689421	2.493872962338392	8154.349859563033	0.03777403035413154	7000.0	6900.0	6954.552030824296	6873.033086191233	1148.8587603357828	1290.0010187353428
75	7055.243453806031	10k-30k	16530	18840.38964526908	3.6749546279491834	19671.292308267104	0.09528130671506352	7200.0	7550.0	7190.191967278754	7543.916045731006	777.8275064496993	1225.4870029525382
75	7055.243453806031	30k-100k	22235	58597.51449366958	6.68563076231167	55415.232880263546	0.24160107937935688	6800.0	9850.0	6732.602210587852	9854.237096068324	1010.8242202474921	2378.244915835605
75	7055.243453806031	100k-300k	22677	184087.25526047786	9.992900295453543	134649.71388330177	0.37244785465449576	7600.0	11250.0	7569.668768831619	11303.08102318492	1662.3171439816724	3018.9171713293817
75	7055.243453806031	300k-inf	309	300000.0	1.0	152339.26012629675	0.20064724919093851	10100.0	25000.0	9501.804870633187	21333.089738502877	3835.464170659304	10073.549462925665
75	7055.243453806031	all	72875	81547.39522649202	6.352960548885077	65027.58912951943	0.21726243567753	7050.0	7700.0	7034.282402274355	7705.6418185684	471.46564123706503	703.5530422795209
76	4578.00074907935	0k-3k	2388	1849.6730932616083	1.9183417085427135	3755.9869149356464	0.019262981574539362	3850.0	3800.0	3816.0184815276375	3796.0409686971448	2583.9903497331866	2567.4611376421603
76	4578.00074907935	3k-10k	9036	6435.047403302841	2.4188800354139	7980.521741576969	0.04437804338202744	4700.0	4750.0	4642.527821985859	4739.389157026219	810.2136986824562	1022.4146230931519
76	4578.00074907935	10k-30k	16752	18789.415872495785	3.718541069723018	20074.12464279949	0.11479226361031519	4600.0	5100.0	4553.654374487495	5100.603966905671	740.6688215114946	1307.5280276240974
76	4578.00074907935	30k-100k	23054	58775.377322213215	6.590743471848703	54900.25174115511	0.2381799253925566	4750.0	8400.0	4739.386235449376	8383.695932963023	1118.4364046145956	2379.609809232482
76	4578.00074907935	100k-300k	22152	184983.10087854275	10.226796677500904	137109.60011978543	0.3898519321054532	3850.0	5250.0	3875.0936667427814	5289.798178865711	1734.451497196549	2331.9128215241144
76	4578.00074907935	300k-inf	351	300000.0	1.0	144392.5424004809	0.09401709401709402	4750.0	3900.0	5552.666901637486	4693.980496319441	10377.141604309958	9723.815490790337
76	4578.00074907935	all	73733	80498.25182519069	6.341380385987279	64705.99426447559	0.22418727028603203	4550.0	5100.0	4555.017974160786	5116.91068251106	489.0513445225797	671.0052828164071
77	6329.752116503336	0k-3k	2383	1887.462160877834	1.9802769618128409	3884.14921214593	0.019303399076793955	6350.0	6350.0	6256.639374743367	6306.986464409274	3370.723194668918	3511.603027548941
77	6329.752116503336	3k-10k	9171	6455.222964707346	2.505833605931741	8384.303997392131	0.042089194199105874	5900.0	5800.0	5868.359054686203	5781.3548803976455	910.3807871272966	1113.9576617705516
77	6329.752116503336	10k-30k	17192	18873.51307734508	3.6993369008841324	20112.77506932461	0.10539785946952071	6400.0	6800.0	6360.223161378027	6799.5126496437215	658.3995136764897	1262.1189347753389
77	6329.752116503336	30k-100k	23005	58686.853724151566	6.638948054770702	55493.538136328614	0.24190393392740708	6050.0	7800.0	6022.351556250888	7783.3431699136545	1306.2946792919402	2421.6832594154876
77	6329.752116503336	100k-300k	22309	183397.22672524187	10.012864763100094	135231.73039466224	0.3783226500515487	5650.0	6800.0	5640.382935194664	6850.317719800952	1856.7966018900515	2503.2690698086362
77	6329.752116503336	300k-inf	367	300000.0	1.0	155984.79884900723	0.1226158038147139	9700.0	8700.0	9943.763243584664	9698.103977146871	10921.548663809233	13437.30011115969
77	6329.752116503336	all	74427	79806.68184801143	6.284977226006691	64260.109206374036	0.21892592741881306	6100.0	6400.0	6117.742537726472	6413.3755830750415	520.4375508350886	715.5981270002703
78	9784.504749224841	0k-3k	2557	1868.6796625440677	1.9370355885803676	3532.170276582866	0.011732499022291749	7750.0	7750.0	7622.53381352447	7639.641434222343	3688.343179884736	3799.722495420712
78	9784.504749224841	3k-10k	8901	6456.611141858515	2.471969441635771	8255.260777110792	0.02673856870014605	9950.0	9950.0	9838.129319574304	9931.941596731162	1224.3856003061755	1676.7749720489846
78	9784.504749224841	10k-30k	16743	18849.636738608548	3.6636206175715222	19958.87488463189	0.08690198889087977	10050.0	10450.0	10053.743246838048	10456.055591509268	620.4493504683269	1185.035235161089
78	9784.504749224841	30k-100k	22954	58388.61210078427	6.56373616798815	55317.68291886594	0.23033022566872877	10750.0	12850.0	10594.200377813806	12837.402191294	852.9283414165602	2235.4170553341337
78	9784.504749224841	100k-300k	22924	184097.95587534993	10.088727970685744	135913.4039119649	0.3756761472692375	10150.0	13300.0	10032.274124088162	13306.12904320524	1482.5836600006278	3142.931871850453
78	9784.504749224841	300k-inf	320	300000.0	1.0	151730.37452065776	0.1	6750.0	4850.0	7655.433391092658	5725.348617854516	13068.23749252816	11172.932141105592
78	9784.504749224841	all	74399	81108.10253139496	6.3247355475208	65198.16076307236	0.21040605384480973	10050.0	10600.0	10045.150732831024	10587.811314923241	466.67247159380713	744.2231590581068
79	6499.5661945994225	0k-3k	2405	1815.8557732024956	1.9792099792099793	3680.5615868361942	0.021621621621621623	5150.0	5200.0	5130.570553838253	5129.1801119037455	3149.4893293185633	3147.688724456862
79	6499.5661945994225	3k-10k	9201	6453.486495233491	2.4707097054667972	8059.560347409512	0.037061189001195524	6200.0	6300.0	6166.472018645686	6296.779453104036	820.028601115564	1053.5856420387809
79	6499.5661945994225	10k-30k	16767	18922.802103284626	3.7215363511659807	19827.418143749845	0.1052662968927059	6400.0	6350.0	6347.705143635165	6326.425189846637	827.5293491418543	1266.3701664259906
79	6499.5661945994225	30k-100k	22708	58245.63863137842	6.638541483177734	54704.9024468875	0.23718513299277788	6300.0	7350.0	6243.382847447874	7325.077281251426	1353.138108901655	2589.2992400885505
79	6499.5661945994225	100k-300k	21723	184316.54164691386	10.032408046770703	134388.6453003748	0.37826267090180915	5300.0	6300.0	5305.289193792641	6316.283026938371	2021.8678573909528	2546.990705652308
79	6499.5661945994225	300k-inf	308	300000.0	1.0	140399.6349537825	0.06493506493506493	0.0	0.0	1940.9430279071182	1804.8253434381259	5745.204852022778	5527.215861040449
79	6499.5661945994225	all	73112	79329.9934549762	6.276425210635737	63194.28602115711	0.21584691979428822	6150.0	6300.0	6165.727503084493	6304.54810280553	556.3156759678968	725.9269180874389
80	1451.797759842166	0k-3k	2536	1841.4032892920818	1.945583596214511	3657.4570088527503	0.02720820189274448	1650.0	1500.0	1634.9496402367022	1487.9899795043825	1087.8394072219946	1157.6798220985747
80	1451.797759842166	3k-10k	9134	6439.951592694458	2.485986424348588	8294.149126087823	0.06076198817604554	1800.0	1650.0	1792.347819551203	1622.5263686611052	664.0049238679394	906.9270484773119
80	1451.797759842166	10k-30k	17325	18998.65964980854	3.7385858585858585	20360.812160775164	0.12386724386724386	1650.0	2100.0	1626.5300662875225	2080.890986881501	837.9578429092257	1534.0659083697462
80	1451.797759842166	30k-100k	23047	58403.663950033144	6.608235345164229	55119.10302561294	0.2480583156159153	1650.0	2900.0	1642.7056791670907	2930.5104821322184	1379.61479267001	2312.9597486383827
80	1451.797759842166	100k-300k	22016	180868.295917334	9.856013808139535	133135.1240526605	0.3776344476744186	600.0	950.0	679.5858617941835	993.8748918503605	1404.807439876515	1784.6828345658669
80	1451.797759842166	300k-inf	284	300000.0	1.0	145738.36982960932	0.0528169014084507	0.0	0.0	1368.3405716234474	1318.9956022023018	4556.81038092476	4409.354638302166
80	1451.797759842166	all	74342	78096.76550260537	6.214333754808856	62960.475846545036	0.22619784240402463	1650.0	1700.0	1634.2355435601496	1674.0336933387996	468.0026496439277	601.8755674068489
81	5469.10117292977	0k-3k	2272	1836.1850447339637	2.091549295774648	4327.170478672338	0.02068661971830986	5450.0	5250.0	5249.35808710986	5138.782272115318	2599.805825556452	2625.94437809103
81	5469.10117292977	3k-10k	8759	6458.16710218271	2.485443543783537	8058.777010119512	0.0393880579974883	5350.0	5400.0	5292.734713281219	5363.297981634926	910.8467381221944	1091.2468689022544
81	5469.10117292977	10k-30k	16618	18717.479916697976	3.6937056204116017	19536.990807931805	0.10988085208809724	5200.0	5550.0	5139.484017195345	5539.965326978246	826.5264474893702	1281.1336377846537
81	5469.10117292977	30k-100k	22331	58269.4196766701	6.636335139492186	55012.97521764049	0.23765169495320407	5100.0	7050.0	5047.546916912504	7068.770638883393	1172.5684126316155	2472.359387984171
81	5469.10117292977	100k-300k	22173	184519.22939456138	10.138411581653362	135489.50615867577	0.3865963108284851	4300.0	5250.0	4298.657582669171	5284.6653533493245	1880.8777776430843	2350.6761164391846
81	5469.10117292977	300k-inf	377	300000.0	1.0	145811.0550813902	0.08753315649867374	4200.0	2900.0	5055.911798032483	3705.757578323689	10053.531511993458	8337.832698175143
81	5469.10117292977	all	72530	81034.67893962044	6.359795946504894	64700.92664845613	0.22239073486833036	5150.0	5550.0	5129.096410525048	5534.8934518059295	539.3027642704401	716.1885299202559
82	6615.970613356114	0k-3k	2445	1824.1787519937602	1.9443762781186094	3707.5803522276033	0.014723926380368098	6100.0	6050.0	6030.061454030414	5965.608572556388	3252.0805455658447	3336.5074436842033
82	6615.970613356114	3k-10k	8850	6444.388807514622	2.4526553672316385	8038.175125688259	0.03898305084745763	6200.0	6150.0	6168.320237610045	6111.4029419624585	958.2744122878012	1068.533185764124
82	6615.970613356114	10k-30k	16756	18835.842393245992	3.7156242539985675	20232.635163472678	0.10420148006684173	6100.0	6300.0	6070.722943879893	6313.696046413617	792.9934345652464	1273.7812447030274
82	6615.970613356114	30k-100k	22821	58933.763142231954	6.600280443451207	54885.35953836357	0.2306209193286885	7200.0	10150.0	7089.577214832065	10133.403211102943	820.6111388656527	2415.8936537342834
82	6615.970613356114	100k-300k	22009	181777.71640917045	9.965832159571084	134721.88643006308	0.37661865600436184	7300.0	9500.0	7308.148161090768	9516.098721181175	1910.1640409662614	2798.0813497331465
82	6615.970613356114	300k-inf	285	300000.0	1.0	146967.0641909325	0.10526315789473684	7550.0	5700.0	8073.789355239094	6740.3991147374945	12300.69692266812	12777.796671674274
82	6615.970613356114	all	73166	79384.95342446856	6.272954651067436	63946.90594512964	0.2147035508296203	6400.0	6700.0	6377.877160543399	6683.75543569297	469.2837213100993	530.6541328869589
83	5788.060482197626	0k-3k	2605	1868.9787472418143	1.9543186180422265	3550.508365556353	0.01381957773512476	7100.0	7050.0	7154.281412499776	7046.604982431022	3789.312969538826	3646.30209038494
83	5788.060482197626	3k-10k	8973	6375.799959368104	2.4399866265463057	8080.185152457222	0.036999888554552544	6000.0	5950.0	5930.426391102483	5916.923939313268	821.8695357327952	1106.0921192810802
83	5788.060482197626	10k-30k	16761	18839.88971400121	3.709563868504266	20040.51943983498	0.1047073563629855	6150.0	7100.0	6098.291188726431	7067.05992625256	582.9913223667654	1241.0725589769445
83	5788.060482197626	30k-100k	23039	58457.80956218403	6.612526585355267	55388.06967747252	0.24007118364512348	6100.0	9450.0	6107.1592338630935	9416.573805336955	1243.3500987279267	2428.44260106806
83	5788.060482197626	100k-300k	22739	181323.47214829162	9.850301244557809	133643.3849082949	0.3728835920664937	6200.0	7500.0	6190.90986063253	7518.422513651777	1906.4930621954072	2592.8970500976884
83	5788.060482197626	300k-inf	337	300000.0	1.0	152721.20863681613	0.09198813056379822	4450.0	3600.0	5229.281447200943	4435.988596229265	10467.45228561174	9590.349626414709
83	5788.060482197626	all	74454	79900.04622789253	6.2566148225750124	64256.070003437846	0.21710049157869288	6100.0	6750.0	6089.904854176099	6716.091055333763	437.1867423108715	657.07200688183
84	6946.74033281964	0k-3k	2392	1844.9847896630804	2.008361204013378	3870.7158076917763	0.016304347826086956	7200.0	7100.0	6996.166882635598	6928.368290863879	2825.287825188837	2751.296713821085
84	6946.74033281964	3k-10k	9119	6415.932002529228	2.4766970062506855	8196.221078440421	0.03410461673429104	6900.0	6750.0	6842.599279959827	6732.443931217747	974.5996489339095	1193.3463016323904
84	6946.74033281964	10k-30k	17033	18778.241066476752	3.7197205424763693	19973.328998508652	0.10015851582222744	7050.0	7150.0	7040.599732081057	7160.231638174569	787.5786367876035	1212.39528834656
84	6946.74033281964	30k-100k	22858	58206.88206746587	6.593533992475282	54993.331149414065	0.2314725697786333	7000.0	8300.0	6965.20949240464	8326.505435861996	1497.9637311795996	2594.72835238438
84	6946.74033281964	100k-300k	22302	182162.88667839885	10.022823065195947	135222.01266378013	0.38498789346246975	6000.0	7050.0	6018.731880406572	7063.035206013953	1975.6205312939446	2504.2944465092287
84	6946.74033281964	300k-inf	312	300000.0	1.0	149837.43826465253	0.07692307692307693	1750.0	1350.0	2959.6596892283865	2710.6305927999174	7674.714857864453	7302.51784741122
84	6946.74033281964	all	74016	79299.87403578986	6.286519130998703	64090.38553336303	0.21558852140077822	6900.0	7050.0	6902.579410562729	7051.770320492683	576.8390663086293	742.0267259642287
85	9686.802105870695	0k-3k	2549	1867.4511650929508	1.9395841506473126	3665.6516988946555	0.012946253432718713	8800.0	8450.0	8621.300507821697	8366.78102755526	3911.3978362804373	3878.8992631530846
85	9686.802105870695	3k-10k	8858	6436.667935568537	2.4453601264393767	7986.338834159135	0.029351998193723187	9150.0	9150.0	9182.689573932494	9176.360840116471	1466.7487418532764	1631.000779131955
85	9686.802105870695	10k-30k	16851	18752.29072870005	3.70328170434989	19975.408518789824	0.08854073942199275	9900.0	10000.0	9813.763914770512	10012.150911106908	539.69283370017	1113.9183309518303
85	9686.802105870695	30k-100k	22881	58320.86776905748	6.6726978715965215	54450.30952727966	0.23237620733359557	9850.0	13750.0	9796.615483342677	13759.384199433314	833.5497697814517	2088.6017760842933
85	9686.802105870695	100k-300k	21406	183814.2886775167	10.176726151546296	135249.2540290732	0.3790993179482388	11650.0	15500.0	11569.64134417455	15532.654210444132	1776.4403320373513	3356.2538641285682
85	9686.802105870695	300k-inf	315	300000.0	1.0	154768.74383943624	0.1365079365079365	12500.0	11400.0	13664.427440357396	12665.218571711463	15438.180521822793	16168.842993841554
85	9686.802105870695	all	72860	78800.98033924155	6.311350535273126	63223.546018021414	0.20944276695031566	9900.0	10500.0	9844.543337520296	10521.245025277427	411.84633581950584	675.9478456063352
86	2800.1030238032554	0k-3k	2401	1832.1984435259199	2.0054144106622243	3860.663994928482	0.024989587671803416	2700.0	2550.0	2751.860581036679	2596.667363568594	1978.6284563820188	1867.776854865374
86	2800.1030238032554	3k-10k	9106	6490.354037616193	2.537667471996486	8329.26787769429	0.052932132659784754	2700.0	2850.0	2659.986949912267	2823.300255516473	496.0785530709991	800.0618539094326
86	2800.1030238032554	10k-30k	16562	18812.518804578016	3.6739524212051684	19714.62819963524	0.11478082357203237	3200.0	3850.0	3166.0849828751425	3821.6102609281656	774.5099298610921	1431.429806142397
86	2800.1030238032554	30k-100k	22327	58501.43190755644	6.667532583867067	54949.28352631517	0.24620414744479777	3750.0	6250.0	3730.4107513931863	6274.528230293317	1220.5744249891286	2286.1317565355357
86	2800.1030238032554	100k-300k	22244	182454.65064493785	10.009260924294193	133912.98501653105	0.387385362344902	3300.0	4400.0	3326.709935385425	4420.509782872129	1772.2043994562137	2219.488902597141
86	2800.1030238032554	300k-inf	339	300000.0	1.0	148019.91677576493	0.04129793510324484	0.0	0.0	774.9132930059855	828.3434774992053	2715.1751217381316	2912.821698168266
86	2800.1030238032554	all	72979	80042.9702779823	6.311706107236328	63955.676065377804	0.22706532016059414	2900.0	3250.0	2819.8979489616813	3252.8080938374296	280.3686186881355	487.9210492603338
87	8421.741424572521	0k-3k	2522	1837.9213788689747	1.8949246629659	3511.462103868836	0.011895321173671689	7750.0	7450.0	7702.552834172446	7430.364470970207	4075.7089334980255	3963.10186917807
87	8421.741424572521	3k-10k	9025	6474.773922478422	2.4334626038781164	8099.038758332464	0.03479224376731302	8200.0	8150.0	8102.954679666915	8103.177647518612	1084.9747271403867	1203.2660373454792
87	8421.741424572521	10k-30k	16988	18988.150976399313	3.7269837532375796	20251.780899931186	0.0987167412291029	8600.0	8550.0	8563.157066557167	8564.73507414651	772.3012558965947	1185.7963585374155
87	8421.741424572521	30k-100k	22806	58606.618477932156	6.521090940980444	55227.038114960575	0.23195650267473472	8300.0	11550.0	8277.593630665948	11510.405426175454	1044.6318887555935	2423.3651181682217
87	8421.741424572521	100k-300k	22914	183036.6865383007	10.095094701928952	134830.2102888205	0.37937505455180237	6850.0	7900.0	6838.682551274165	7917.927425547383	2021.5264808898683	2686.9042528124664
87	8421.741424572521	300k-inf	292	300000.0	1.0	151587.71089918638	0.07876712328767123	1600.0	1600.0	2780.4476840207344	2977.8013819518414	7183.345463038192	7912.1374578737405
87	8421.741424572521	all	74547	80538.80045476397	6.3099252820368354	64647.240902227124	0.21499188431459348	8250.0	8500.0	8238.039935217424	8509.403127614829	541.9714511247048	643.3950107838973
88	1852.4985082580304	0k-3k	2539	1886.9733787917855	1.9035053170539582	3461.6085790338075	0.02678219771563608	2700.0	2550.0	2754.9746903768864	2560.0169026733415	1778.7276679418528	1680.3864547227154
88	1852.4985082580304	3k-10k	8777	6478.024669489648	2.5334396718696595	8372.592121894853	0.05879001936880483	2150.0	2300.0	2135.2328012960766	2268.735232387396	556.1199778612358	872.0738551154259
88	1852.4985082580304	10k-30k	16729	18810.096915014703	3.728076992049734	20130.048555219626	0.12248191762807101	2250.0	2250.0	2224.4164812267027	2218.4693486641154	869.0137652185199	1464.3744548604752
88	1852.4985082580304	30k-100k	22424	58535.92383099831	6.599179450588655	55082.4846327445	0.24402425972172673	2950.0	5550.0	2910.9405234633377	5552.123130316482	1122.1741242729126	2376.2996123341627
88	1852.4985082580304	100k-300k	22431	184167.2506365078	10.046899380321875	134658.16257701133	0.38946101377557846	2900.0	3850.0	2903.6693851200744	3855.8309586936703	1665.521259532973	2152.795208895578
88	1852.4985082580304	300k-inf	339	300000.0	1.0	147271.98594178748	0.0943952802359882	4400.0	3950.0	5005.537435231751	4785.313545889225	9646.532336156964	9960.069432195105
88	1852.4985082580304	all	73239	80854.2977681011	6.323365966220183	64509.932289083365	0.23038271958928985	2300.0	2650.0	2302.111035255907	2669.422536025638	345.23228298531967	574.859412907158
89	9313.434875352015	0k-3k	2400	1810.3925026396344	1.9529166666666666	3446.7054628826695	0.01	9100.0	8900.0	8884.274727213759	8669.509751804486	3707.715145816578	3702.946175158643
89	9313.434875352015	3k-10k	8994	6428.7823497595555	2.463308872581721	8152.469139349987	0.028685790527018012	9100.0	9350.0	9112.157357096803	9347.613515695915	1427.1783468084304	1706.6824198846516
89	9313.434875352015	10k-30k	16513	18761.888968133146	3.7328771271119723	20043.994425098408	0.09338097256706837	9150.0	9100.0	9166.403327945956	9104.10688326826	842.7774167668595	1166.5997384901693
89	9313.434875352015	30k-100k	23004	59070.13886090066	6.6490175621631025	55350.52959949328	0.23508954964354026	9450.0	11800.0	9405.854468486816	11758.215678490998	1112.3504300675395	2207.309694517684
89	9313.434875352015	100k-300k	22515	183610.0530641259	10.039884521430158	135688.39726542518	0.37757050854985563	8300.0	10250.0	8324.062849775648	10270.758123950842	2101.1537663396057	2924.799904613312
89	9313.434875352015	300k-inf	310	300000.0	1.0	145093.98495927174	0.13225806451612904	10450.0	10550.0	11019.510293048985	11814.562633261896	12588.758149082987	15952.205146558636
89	9313.434875352015	all	73736	80799.20665734253	6.344187371161984	64905.458163814794	0.2139253553216882	9150.0	9600.0	9167.129794480263	9588.887514309536	601.0236369822651	790.4393815916792
90	2118.139834609114	0k-3k	2370	1845.9962423375327	1.9451476793248945	3637.182146682419	0.027848101265822784	2000.0	1900.0	1989.334759879564	1884.0250955969746	1275.5582172756895	1331.7980053683734
90	2118.139834609114	3k-10k	8857	6397.92981157536	2.417635768318844	7961.0276690431765	0.054533137631252115	2200.0	2200.0	2163.046517957184	2182.416744572016	509.574043340411	892.6413120952127
90	2118.139834609114	10k-30k	16644	18925.61240226941	3.7882720499879836	20411.64242712258	0.12521028598894496	2000.0	2700.0	1981.6718515125208	2701.598881975129	757.9900907434057	1457.9727469322197
90	2118.139834609114	30k-100k	22808	58272.17492003074	6.514293230445458	54613.23989561801	0.24430024552788496	2400.0	4850.0	2391.2417141883197	4854.649851327258	1231.3614489134136	2285.5998740244504
90	2118.139834609114	100k-300k	23124	181985.81859659188	10.027590382286801	134339.12612576192	0.38440581214322783	1600.0	2600.0	1573.9031895961812	2623.9998483038503	1414.6536578294963	2027.7405970302457
90	2118.139834609114	300k-inf	303	300000.0	1.0	147892.21779337057	0.10231023102310231	5900.0	5200.0	6565.107934779605	6166.403625157944	11285.430128885795	11880.454332428984
90	2118.139834609114	all	74106	81022.4705565337	6.3400264486006535	64984.62189798595	0.2310879011146196	2100.0	2450.0	2105.709649322998	2450.111318843121	392.222902150163	565.1221081403105
91	4656.3737716336755	0k-3k	2410	1829.0151669302181	2.0307053941908713	4003.9762171590182	0.022821576763485476	4900.0	4700.0	4800.830784510093	4635.06929569717	2971.5360014743783	2894.2427395677078
91	4656.3737716336755	3k-10k	8825	6511.049010581205	2.4907648725212463	8118.630934584569	0.04158640226628895	4900.0	5200.0	4862.86320248181	5197.933970016243	659.9183257938939	1106.6893161322396
91	4656.3737716336755	10k-30k	16521	18760.78720383737	3.737061921191211	20042.816962493645	0.11058652623933175	4700.0	5350.0	4712.945306135116	5344.699741085932	858.0588769349761	1341.7791173663609
91	4656.3737716336755	30k-100k	22930	59173.032723273966	6.638290449193197	55537.52404471655	0.23427823811600523	5200.0	8200.0	5159.926759588059	8178.136124157586	1241.0890857948543	2543.7526520938045
91	4656.3737716336755	100k-300k	23008	184285.43061687594	10.091707232267037	135181.81854333045	0.38438803894297635	4300.0	5200.0	4321.639328403726	5212.124398053963	1850.4200168221892	2322.8310967471566
91	4656.3737716336755	300k-inf	275	300000.0	1.0	152602.42424008925	0.13454545454545455	9250.0	11000.0	9579.0231770196	12390.160783583004	11266.286012957811	16903.07517888261
91	4656.3737716336755	all	73969	81807.13173684964	6.398572374913815	65407.51198170505	0.22309345807027267	4850.0	5500.0	4846.948076077213	5479.585354877237	491.2040815067121	730.2544306648842
92	2867.517161278649	0k-3k	2493	1844.896879180894	1.9546730846369835	3769.6416702699844	0.01965503409546731	3850.0	3500.0	3734.7480172791443	3476.631190658653	2175.956560636736	2169.9051490340667
92	2867.517161278649	3k-10k	9112	6401.283023135395	2.4636742756804213	7814.435154619882	0.05256804214223003	2750.0	2750.0	2713.3421305076577	2753.7736790113177	654.3918645730491	864.3173061877401
92	2867.517161278649	10k-30k	16477	18821.99739291569	3.779268070643928	20067.288480218987	0.11531225344419493	3150.0	4050.0	3149.542482025304	4057.8582693874896	794.3866638377658	1368.6124689165358
92	2867.517161278649	30k-100k	22824	58765.24459705255	6.666316158429723	55009.49696691875	0.24386610585348756	3950.0	7850.0	3920.284988539015	7873.383406626889	919.322460543498	2240.1978401634597
92	2867.517161278649	100k-300k	22447	183249.62626485212	9.977324364057559	133794.33550260373	0.37768966899808437	4200.0	6850.0	4121.814561733172	6879.046759398057	1172.6106514508328	2575.4945871374885
92	2867.517161278649	300k-inf	292	300000.0	1.0	146730.44479669686	0.07191780821917808	600.0	650.0	2036.4193993924075	2358.7389595438895	5580.025181260867	6767.657397449806
92	2867.517161278649	all	73645	80322.08803476057	6.327625772285966	63995.04460291917	0.22395274628284337	3100.0	3550.0	3056.698312324821	3513.2610220218958	293.89783736693516	339.4573757666044
93	1965.035208188185	0k-3k	2539	1845.5775351762602	1.9972430090586846	4034.3531775869315	0.027176053564395432	2200.0	2050.0	2187.5305087771694	2072.1977273540206	1428.8389937225481	1453.6954875858162
93	1965.035208188185	3k-10k	9015	6436.5380872297255	2.530782029950083	8480.07879723915	0.05856905158069883	2200.0	2200.0	2155.772617781024	2173.519834694126	598.2100008084647	955.9369885143112
93	1965.035208188185	10k-30k	17075	18860.85774725467	3.7509809663250366	20135.71851394555	0.12638360175695462	2000.0	1800.0	1956.4887266084938	1766.3847384341284	989.3907113845214	1539.116666713967
93	1965.035208188185	30k-100k	22767	58479.7370930859	6.621118285237405	55026.942600967544	0.25229498836034614	1100.0	1600.0	1110.3128739737922	1633.5158898722639	1352.048496444981	2059.255135736925
93	1965.035208188185	100k-300k	21526	182946.34961650273	9.941559044875964	134429.36498136257	0.3707144848090681	1050.0	1400.0	1092.8494361097278	1402.6258446986653	1679.0122911291207	1963.0839921231359
93	1965.035208188185	300k-inf	321	300000.0	1.0	149215.70707211297	0.1059190031152648	5050.0	5800.0	5301.084167353749	6722.281703146968	8365.591151369483	12046.838169428447
93	1965.035208188185	all	73243	78513.60204382244	6.239504116434335	63145.03340190614	0.22545499228595225	1900.0	2000.0	1913.3647620229585	1973.0548273759614	499.8653468591499	649.0613869673939
94	2826.589582818959	0k-3k	2602	1870.1927273369554	1.9077632590315141	3578.526608784409	0.022674865488086088	2800.0	2600.0	2800.3616902355543	2616.5550686753086	1632.564321135257	1576.3286237810119
94	2826.589582818959	3k-10k	8886	6485.349198740884	2.438892640108035	8005.646507451955	0.049065946432590594	3200.0	3200.0	3152.5860046267544	3168.463796936881	573.9121551205594	874.2024413279742
94	2826.589582818959	10k-30k	16596	18753.40595987172	3.7240298867196917	20279.167002121318	0.1227404193781634	2600.0	3050.0	2592.6710667364923	3047.0094533796273	849.8302165596997	1432.0856582800889
94	2826.589582818959	30k-100k	23067	58438.42762758854	6.5328824727966355	54845.84008015767	0.23830580482940997	3050.0	6950.0	2963.885438689065	6971.277804645958	735.5301546511241	2488.052084959828
94	2826.589582818959	100k-300k	22575	182235.92220681714	10.02250276854928	134953.3628665864	0.3773200442967885	2350.0	3400.0	2316.275277618891	3421.3681107121815	1596.697471064641	2165.5869546344493
94	2826.589582818959	300k-inf	352	300000.0	1.0	148415.22278689794	0.12215909090909091	7750.0	8650.0	7854.274460370039	9650.31830808317	9112.674554033683	13693.298544992453
94	2826.589582818959	all	74078	80203.32262845994	6.287210777828775	64539.34872609483	0.22395313048408436	2950.0	3350.0	2915.710594109112	3360.496732532565	430.58970072047896	594.3390453159523
95	9506.35475075096	0k-3k	2460	1838.1411187037697	1.9821138211382114	3862.3762664002807	0.013414634146341463	8150.0	8450.0	7945.697810983989	8289.150345299446	3358.866521243387	3791.5821710962446
95	9506.35475075096	3k-10k	8858	6442.613024736759	2.473470309324904	8006.650797194594	0.027094152178821405	9950.0	9550.0	9881.495478296272	9537.62867187159	1418.2753448427393	1600.9334664786002
95	9506.35475075096	10k-30k	16519	18952.984144231363	3.770930443731461	20113.996509305813	0.09522368182093346	9450.0	9450.0	9376.614990053207	9457.77281894673	552.2672756396041	1031.039874105396
95	9506.35475075096	30k-100k	22921	58292.83492386926	6.613847563369836	54859.13776379761	0.22398673705335717	9350.0	12650.0	9259.977367366699	12653.652723509202	942.8940138790294	2365.5496547674356
95	9506.35475075096	100k-300k	22159	182913.46821972914	10.007942596687576	135043.07609394088	0.3839072160296042	9150.0	10150.0	9137.695573488056	10182.687646313889	2148.4840133467796	2920.240774720254
95	9506.35475075096	300k-inf	314	300000.0	1.0	147866.57804869363	0.17197452229299362	11450.0	19750.0	11072.318267612478	18801.072986190273	7649.727340631028	13582.788405509695
95	9506.35475075096	all	73231	79995.96414052344	6.319099834769428	64302.8688952909	0.21221886905818574	9400.0	9800.0	9378.703203740479	9787.879534718704	455.7236906430244	639.0555627998292
96	7460.4104264013295	0k-3k	2533	1883.6629712244078	1.9253849190682986	3579.0007887692445	0.017370706671930518	7250.0	7200.0	7316.299186922823	7232.19530923024	4418.083157965408	4364.435250416963
96	7460.4104264013295	3k-10k	8671	6474.396030124615	2.51850997578134	8242.463112797897	0.03229154653442509	7450.0	7250.0	7375.017267126043	7222.8354109653155	884.4838213686389	1021.9835862271138
96	7460.4104264013295	10k-30k	16384	18858.599329478446	3.7581787109375	19696.14161860316	0.0970458984375	7850.0	8300.0	7811.029656197519	8257.939924155067	710.9706893661232	1158.4556774369403
96	7460.4104264013295	30k-100k	22467	58149.93502754316	6.5940713045800505	54426.58070104813	0.23505585970534562	8400.0	10500.0	8352.16757159754	10501.878431402016	1108.966529219465	2311.5096283249386
96	7460.4104264013295	100k-300k	22280	184323.74454070473	10.107091561938958	136392.1216673881	0.37692998204667866	5850.0	5900.0	5862.214776735092	5918.726492587657	2125.9343155385313	2497.2717134717295
96	7460.4104264013295	300k-inf	362	300000.0	1.0	146803.01672897206	0.0856353591160221	4000.0	2600.0	4726.473919481419	3501.095548256087	9870.459529975582	8183.713175548959
96	7460.4104264013295	all	72697	81044.30329075767	6.354952749081805	64899.49712290687	0.2149194602253188	7650.0	7650.0	7627.520866267234	7624.3054778104015	427.3417498177105	435.3795248721299
97	734.5535604485775	0k-3k	2443	1873.397568975586	1.9836266884977487	3742.3091679591316	0.038477282030290626	400.0	250.0	398.5838141868678	314.436398994575	735.8386315762048	701.4879513210228
97	734.5535604485775	3k-10k	8565	6381.10641464843	2.487448920023351	8105.63560664341	0.07273788674839463	500.0	100.0	462.15204897902834	234.1098868209856	690.2679172199198	613.4376833476479
97	734.5535604485775	10k-30k	16434	18888.647750780994	3.7673116709261287	20199.502322987373	0.1300961421443349	0.0	300.0	174.10722202449648	469.21977742500957	490.6881236008041	1157.77798662318
97	734.5535604485775	30k-100k	22959	58049.83075784207	6.616533821159458	54855.63090056843	0.2482686528158892	0.0	0.0	157.7924028070484	214.95700853060262	519.1614442953295	711.7473648814483
97	734.5535604485775	100k-300k	21839	182462.08011881882	10.01218004487385	134077.67014380597	0.3800998214203947	0.0	250.0	233.33394336584013	480.6827189756733	715.2549716814085	1242.884421129296
97	734.5535604485775	300k-inf	379	300000.0	1.0	149173.86183495953	0.06068601583113457	0.0	0.0	1513.5756662620377	1352.5478970263973	4672.759681663963	4279.887584168064
97	734.5535604485775	all	72619	79881.33072505798	6.3207562759057545	64096.38542525204	0.23243228356215315	150.0	100.0	186.861695367062	163.69977385826712	389.4031446771496	403.7711533641675
98	3725.9470866129686	0k-3k	2366	1840.187342069128	1.9319526627218935	3496.769960011892	0.024513947590870666	3750.0	3600.0	3711.138910626594	3559.0456230413315	2402.4034055130646	2291.8757436260735
98	3725.9470866129686	3k-10k	9050	6432.373538515418	2.4374585635359116	8087.648068786827	0.049723756906077346	3450.0	3500.0	3452.6174416829035	3485.7606880714893	721.8606994778702	931.1847379005612
98	3725.9470866129686	10k-30k	16701	18863.14413332427	3.699718579725765	19969.87224297037	0.11155020657445662	3500.0	4300.0	3471.1873078898384	4280.009779940289	762.6162449421577	1402.5587740765986
98	3725.9470866129686	30k-100k	22885	58327.500891361226	6.663010705702425	55049.21639981796	0.24452698273978588	3750.0	4750.0	3725.9107231174894	4769.974356669868	1397.1245516161148	2326.457111781889
98	3725.9470866129686	100k-300k	22459	183935.98675851504	10.023999287590721	135756.5767558506	0.3772652388797364	2000.0	2200.0	2025.2939737653269	2233.2916085290335	1848.625870807508	2105.185599663094
98	3725.9470866129686	300k-inf	303	300000.0	1.0	149820.1613543111	0.04950495049504951	0.0	0.0	1136.9814620998802	1138.5690432363863	3842.4583511520464	3871.8407121809505
98	3725.9470866129686	all	73764	80450.40152993113	6.321972778048913	64653.993718312406	0.22307629738083617	3400.0	3650.0	3410.8815989716413	3635.8191716894453	499.7478622765743	678.7869345576505
99	2991.5872509413966	0k-3k	2399	1857.3715710138122	1.960817007086286	3983.3184239728917	0.023759899958315966	2550.0	2350.0	2561.142379725111	2373.9320034258362	1719.7594124177722	1593.5657387929703
99	2991.5872509413966	3k-10k	9294	6410.174846503749	2.447062621045836	8324.271727725647	0.05196901226597805	2900.0	3100.0	2852.670618482757	3103.1526485474683	537.4899752498195	866.8361042369734
99	2991.5872509413966	10k-30k	17160	18797.106342237104	3.6506993006993005	20002.079739291974	0.11608391608391608	3000.0	3150.0	2939.855862997577	3139.462376709463	861.1995585839413	1528.7219549122897
99	2991.5872509413966	30k-100k	22773	58466.2048493714	6.575154788565406	55168.116687901726	0.24019672419092786	2700.0	3900.0	2695.552018074134	3912.7020329367606	1517.4708709919794	2496.179924585609
99	2991.5872509413966	100k-300k	22354	182442.4434105677	10.088664221168472	135471.98524943658	0.38816319226983986	2550.0	3000.0	2538.155118989723	3003.272366901462	1778.8127201589996	2137.8667592115853
99	2991.5872509413966	300k-inf	282	300000.0	1.0	143841.45892545022	0.07801418439716312	2400.0	1500.0	3647.035213897875	2949.5607076817732	8927.839898700317	7941.702439365307
99	2991.5872509413966	all	74262	79192.04448156018	6.270138159489376	64035.50970455026	0.22489294659448977	2850.0	3050.0	2840.3287035271082	3039.1384085557047	442.0280576027799	636.9545489447146
100	5696.040955561806	0k-3k	2540	1832.6913668701347	1.8637795275590552	3354.9101253019294	0.015354330708661417	6200.0	6350.0	6074.719485718626	6302.849757808917	2978.10740117537	3427.321152545991
100	5696.040955561806	3k-10k	8964	6509.491826367877	2.489067380633646	8453.605322444912	0.04183400267737617	5800.0	5550.0	5772.276132135046	5562.761934490419	884.6260487521167	1066.8081920792565
100	5696.040955561806	10k-30k	16632	18865.355069358277	3.64033189033189	19770.769453651053	0.1053992303992304	5800.0	6450.0	5752.451185785716	6430.1678366691685	594.8720926894448	1266.9680639126009
100	5696.040955561806	30k-100k	23327	58628.650447794746	6.56312427658936	54919.884837588186	0.2389934410768637	5850.0	8250.0	5788.762077910058	8238.147902403047	1031.8818457388425	2305.8295017251685
100	5696.040955561806	100k-300k	22083	182150.50697001183	9.870126341529684	134433.19295174087	0.37381696327491737	5600.0	7150.0	5598.871378492624	7191.992748633337	1969.2362606578663	2609.7444735643667
100	5696.040955561806	300k-inf	308	300000.0	1.0	149258.9936385767	0.11688311688311688	8900.0	7700.0	9590.298198241706	8771.906465678534	12760.227780549798	13978.00129650265
100	5696.040955561806	all	73854	79335.37629284071	6.214423050884177	63759.62237633957	0.21709047580361254	5800.0	6250.0	5788.552488164165	6225.831362975109	437.5925572840606	661.0135907529402
