replicate	true_T	stratum	sites	mean_width	mean_d0	mean_mutation_age	carried_fraction	map_T_exact	map_T_edge	mean_T_exact	mean_T_edge	ci95_width_exact	ci95_width_edge
1	9675.668185840143	0k-3k	1672	1939.640311226448	1.8582535885167464	5869.279961292195	0.01555023923444976	7800.0	7950.0	7470.683947678666	7813.799077478281	5560.614508480487	6132.23403721185
1	9675.668185840143	3k-10k	8788	6701.578261734676	2.0820436959490216	9935.750662290628	0.023668639053254437	9500.0	9850.0	9369.924763956333	9851.320678840277	1764.3993022184295	2557.2657804473565
1	9675.668185840143	10k-30k	23384	19373.34482821311	2.814659596305166	22377.693655875708	0.06038316797810469	9800.0	10000.0	9748.24334378443	9997.1325831461	895.6744977032122	1305.9955188614895
1	9675.668185840143	30k-100k	40723	59516.689844685716	4.663138766790266	60165.86143543932	0.1535004788448788	10600.0	13550.0	10505.481402598987	13517.315352351314	797.6018121579182	2215.269870020491
1	9675.668185840143	100k-300k	42754	182941.20048338542	8.213289984562849	161983.5296205173	0.3103569256677738	10900.0	15900.0	10858.370836513104	15929.804715831671	2044.1303083526218	3870.287864004751
1	9675.668185840143	300k-inf	30032	435906.30025195034	10.184403303143315	303491.8922449885	0.38265849760255727	13200.0	16400.0	13219.44117600389	16421.255840321355	3436.0869308707897	4464.094203882152
1	9675.668185840143	all	147353	161866.1791684309	6.339389086072221	129691.66226610233	0.22163104924908214	10100.0	11150.0	10058.755390147808	11141.14022736284	425.1753597545048	828.6935610850305
2	4651.712632860216	0k-3k	1566	1925.8031464354274	1.892081736909323	5715.032711307661	0.02490421455938697	5150.0	5200.0	4958.929012951739	5179.688119456138	4747.129375387805	5158.133858925904
2	4651.712632860216	3k-10k	8623	6631.171180128123	2.098921489040937	10204.591911781552	0.03629827206308709	5050.0	4900.0	5030.2744962558145	4874.221016322816	1372.682301468325	1532.756843662516
2	4651.712632860216	10k-30k	23316	19422.994381389843	2.875193000514668	23028.891150085903	0.07355464059015268	4750.0	6050.0	4679.257568916203	6047.660402643391	531.8120979185878	1429.5438227936593
2	4651.712632860216	30k-100k	41234	59557.90473504485	4.710651404181015	60754.15818416488	0.1643304069457244	4900.0	8550.0	4832.06230289676	8534.992365748561	815.5794900372857	2404.079554632027
2	4651.712632860216	100k-300k	42520	182956.66556112558	8.125540921919097	161377.7760638977	0.3012935089369708	4900.0	9600.0	4757.52309613035	9644.826035696591	1447.8069017747612	3741.963322163134
2	4651.712632860216	300k-inf	29081	434837.4637564458	10.128984560365875	303418.20419479796	0.39028919225611225	5350.0	7250.0	5378.142630053871	7303.399813781666	2980.7442389593634	3728.6402975220253
2	4651.712632860216	all	146340	159858.5436710069	6.303116031160312	128635.44045598133	0.22552958862921962	4800.0	6200.0	4773.740760754062	6203.049238245639	335.08938664498055	835.6939810406666
3	9445.213595370937	0k-3k	1609	1974.2533624483876	1.8471100062150403	6190.475091000356	0.018645121193287758	9800.0	9800.0	9802.786705471397	9731.009756249206	8203.740843560186	8157.059034951936
3	9445.213595370937	3k-10k	8763	6647.511275661118	2.099395184297615	9943.074676143704	0.021339723838867966	11200.0	10750.0	11039.317361543986	10733.274189491394	2252.1540784826284	2632.012778686698
3	9445.213595370937	10k-30k	23403	19451.49574469409	2.8369867111054137	22525.75484086839	0.06106054779301799	9950.0	10400.0	9774.071395243513	10315.473355897375	567.0234099899626	1187.049330212525
3	9445.213595370937	30k-100k	40845	59238.857575298505	4.620932794711715	59707.841495920984	0.1557840616966581	9400.0	11400.0	9352.484616791033	11408.282914134159	1069.2403158791712	2267.3727991932865
3	9445.213595370937	100k-300k	41423	182538.46854369657	8.246433141008618	161195.38332587318	0.30835526156965937	9950.0	16800.0	9878.068335158876	16861.078362357883	1725.3159541207842	4003.1035879136944
3	9445.213595370937	300k-inf	29374	436323.41155540186	10.215088173214408	301846.4289230139	0.38820044937700005	10500.0	13050.0	10481.11264821063	13100.085410327329	3092.9621114068723	4129.824069348888
3	9445.213595370937	all	145417	160325.94594207595	6.313945412159514	127953.8295449807	0.22132900554955748	9750.0	11050.0	9767.837138046973	10982.442469475143	474.0741538298862	723.560363911889
4	2494.8245399039083	0k-3k	1672	1978.8039603211885	1.811602870813397	5605.176737825326	0.02751196172248804	2400.0	2450.0	2545.8682884394652	2632.0700490929694	2996.249239239787	3113.733994023265
4	2494.8245399039083	3k-10k	8498	6701.712776246852	2.11167333490233	10405.285411063496	0.04000941397975994	2900.0	3550.0	2849.953463538046	3509.1476523210504	948.9703720573311	1351.1242194890096
4	2494.8245399039083	10k-30k	23429	19477.524397863377	2.776644329676896	22235.73752675219	0.0739681591190405	2650.0	4350.0	2554.4568494183277	4318.6523935876485	374.6616211757714	1510.0133542677308
4	2494.8245399039083	30k-100k	41594	59297.73044699249	4.678607491465115	60119.55367804815	0.1661297302495552	4050.0	6650.0	3994.772390393958	6627.811688789749	1123.0709301833294	2449.262051782571
4	2494.8245399039083	100k-300k	42509	182334.9211011688	8.191747629913666	162004.0409635403	0.31252205415323814	4850.0	7600.0	4824.487654925624	7612.160428739672	1893.6742776407596	3364.936072190306
4	2494.8245399039083	300k-inf	29504	435194.86817122536	10.054738340563992	301706.99681122316	0.3813042299349241	3750.0	5100.0	3751.7609800379437	5136.159841852132	2847.435915391699	3409.4002938824096
4	2494.8245399039083	all	147206	160142.20199134113	6.287162208062171	128442.88135242676	0.22800701058380773	2650.0	4400.0	2634.363366432069	4372.233227898558	156.3751085293029	734.7537608640932
5	2410.099688148607	0k-3k	1586	1904.2830294401945	1.8568726355611602	5632.9110706695255	0.025851197982345524	2600.0	2700.0	2600.1320137609155	2794.8915930781764	2686.353201834567	3224.5557534833006
5	2410.099688148607	3k-10k	8603	6702.025097077005	2.1096129257235847	10282.93113186625	0.04045100546321051	2350.0	2150.0	2295.5906731355094	2127.745437958464	981.7216699689454	1267.0543139391061
5	2410.099688148607	10k-30k	23619	19394.1311324622	2.8765400736695033	22879.364918261203	0.0849316228460138	2200.0	2350.0	2180.952804563136	2340.2975031291503	1001.5192365897817	1596.0224378551663
5	2410.099688148607	30k-100k	41455	59580.75066166422	4.744614642383307	61072.310795699625	0.16965384151489568	2000.0	3550.0	1946.7989821869055	3535.295992359984	1379.5866017289272	2664.8999042876676
5	2410.099688148607	100k-300k	42983	182382.67173145222	8.105134588092968	160403.68782846187	0.30388758346322964	750.0	1100.0	872.2986000063419	1206.5891381757122	1839.951242490828	2456.8438623192155
5	2410.099688148607	300k-inf	29591	437610.4314336293	10.061707951742084	303318.5037633462	0.3939035517556014	2650.0	3200.0	2675.4335170444024	3241.741954089486	2836.0185713666124	3220.636147336192
5	2410.099688148607	all	147837	160834.9220579239	6.303171736439457	128788.24500170877	0.2309705959942369	2150.0	2350.0	2132.7380911370847	2347.582417927341	613.3420279226661	817.171652151284
6	537.318339761953	0k-3k	1539	1880.087795472029	1.8245614035087718	5450.6819130476915	0.024041585445094216	500.0	200.0	547.497318130002	393.602641568076	1132.0457722438427	977.4348063850266
6	537.318339761953	3k-10k	8529	6723.824998639881	2.1084535115488334	10312.369819772088	0.048892015476609214	200.0	650.0	248.5107240439998	661.7355341244124	533.5832945640418	1186.3629177284004
6	537.318339761953	10k-30k	23264	19393.430357307916	2.8466729711141676	22812.4131529614	0.09095598349381018	450.0	250.0	437.9199410657818	454.55898949131273	787.9957677056227	1122.3798419108857
6	537.318339761953	30k-100k	41274	59588.69597251882	4.660924552987352	60364.9556398796	0.16693317827203566	50.0	1450.0	296.53050099447427	1500.6316839920275	760.3490721440727	2597.274911092388
6	537.318339761953	100k-300k	42730	182989.81409730812	8.110180201263749	160803.65097085582	0.3084483969108355	0.0	0.0	309.3444299765415	310.8060493967699	972.9680147820156	1017.2218224375673
6	537.318339761953	300k-inf	30330	435824.85825156054	10.109132871744148	303241.5093701192	0.38292120013188263	0.0	100.0	455.889836543933	664.7779935259889	1358.4482691459373	1815.9368174967558
6	537.318339761953	all	147666	162587.1647304091	6.315258759633227	129935.18443994071	0.23196944455731178	200.0	350.0	232.68183746016084	374.29658903528804	457.9692418625447	696.2928965746571
7	3350.6330488247336	0k-3k	1529	1883.412854097131	1.7671680837148462	5229.612497631292	0.02354480052321779	3000.0	3000.0	3212.3312759755627	3201.567662745846	4096.07074628403	4077.8047423525168
7	3350.6330488247336	3k-10k	8762	6663.837600746783	2.0964391691394657	10117.598565411454	0.040515863958000456	3000.0	2750.0	2981.0292918203536	2759.3469185390804	1100.5355518877345	1328.147394375775
7	3350.6330488247336	10k-30k	23659	19487.640796581334	2.8158840187666425	22643.272540109014	0.08043450695295659	3450.0	3400.0	3418.6493880654616	3377.7670906153035	1016.5371797698785	1553.4047699906127
7	3350.6330488247336	30k-100k	42063	59430.07536098254	4.678339633407032	60548.9412884932	0.163825690036374	4000.0	5300.0	3884.5149310610677	5294.44773062376	899.49187209513	2544.7262772998733
7	3350.6330488247336	100k-300k	42098	181698.19192141294	8.090954439640837	160333.40335153145	0.3035536129982422	2750.0	4450.0	2726.9806569065204	4504.680910799346	2172.4664277667925	3305.576982807939
7	3350.6330488247336	300k-inf	29522	436474.5828202026	10.194532890725561	304076.94703871524	0.3943161032450376	3950.0	5900.0	3948.9212848192306	5945.525450179221	2804.6401238331937	3512.011175454676
7	3350.6330488247336	all	147633	159563.69344491168	6.272669389635109	128060.18317959443	0.22762525993510935	3400.0	3550.0	3375.4920693810036	3536.961034123239	588.7268915481677	822.435519823016
8	5002.73179639187	0k-3k	1581	1937.594140713296	1.7836812144212524	5339.973980071778	0.01644528779253637	5450.0	5450.0	5327.746538374569	5334.966774463064	5237.8653426817455	5300.698776095197
8	5002.73179639187	3k-10k	8360	6689.994157999311	2.1248803827751197	10422.462869593886	0.035645933014354064	5300.0	5650.0	5186.80397683736	5599.058018466512	1075.9040942568718	1638.973684781011
8	5002.73179639187	10k-30k	23835	19441.05720820187	2.839437801552339	22831.816299189155	0.07518355359765051	5400.0	5550.0	5341.783418964059	5521.21080787391	957.1601807148782	1462.033955611535
8	5002.73179639187	30k-100k	41973	59497.55569460655	4.609534700879137	60343.010607048454	0.16150858885473995	5400.0	8200.0	5371.726076359112	8199.018535287976	1231.9688458467554	2443.0915392225525
8	5002.73179639187	100k-300k	42943	182789.07071955665	8.220105721537852	162352.74916597074	0.3105977691358312	5550.0	8150.0	5523.849732730014	8161.982295696754	2214.0659835950337	3454.057455303594
8	5002.73179639187	300k-inf	29190	435658.17058448086	10.131243576567318	302989.63659124076	0.39157245632065774	6200.0	8500.0	6215.383793586312	8553.45198261865	2970.6114655526126	3818.601889333382
8	5002.73179639187	all	147882	159492.25229909978	6.291942224205786	128404.60241060924	0.2276341948310139	5400.0	6250.0	5378.031063250743	6263.54144175073	561.6696546659814	871.7981903635509
9	1601.9291849228846	0k-3k	1424	1897.7595716321139	1.7970505617977528	4775.748334089375	0.02598314606741573	1150.0	1250.0	1203.8705300624424	1291.569617065115	2128.9539817361942	2228.5126128171014
9	1601.9291849228846	3k-10k	8733	6665.162666575841	2.107065155158594	10087.47815524756	0.03813122638268636	1950.0	1950.0	1913.096803721135	1951.7188898785334	907.7062225562854	1256.2561164243918
9	1601.9291849228846	10k-30k	23132	19557.46070612334	2.816617672488328	22638.949897435054	0.07967318001037524	2150.0	2500.0	2127.3039577327045	2483.7172651332276	852.9080211005266	1570.87554484045
9	1601.9291849228846	30k-100k	41558	59700.324841604845	4.697194282689254	60799.11420478162	0.16807834833245103	2500.0	5750.0	2428.5595050870215	5746.726110525751	875.4261465447762	2401.811774022486
9	1601.9291849228846	100k-300k	42501	183279.25623478708	8.273146514199667	162832.91284770422	0.31483965083174514	3600.0	6500.0	3611.6648670072746	6548.5143981964675	2109.1464637637305	3279.0506973204556
9	1601.9291849228846	300k-inf	29443	435370.03956234833	10.129164826953776	301435.15437447187	0.3856604286248005	3800.0	6300.0	3797.4953087641547	6334.356530105351	2868.673700173713	3687.225697451825
9	1601.9291849228846	all	146791	160789.76435944694	6.343508798223325	129033.69599427182	0.23117221083036427	2250.0	2900.0	2222.497671293164	2906.247379669017	452.59106361241015	732.5008663521994
10	9402.032146344503	0k-3k	1641	1983.6811596005732	1.8397318708104815	6131.482140741807	0.017672151127361365	10250.0	9950.0	9958.32160874377	9720.193036873348	7625.828807984483	7378.78414610848
10	9402.032146344503	3k-10k	8592	6756.676412853041	2.085661080074488	10311.897240494089	0.030027932960893854	8750.0	8350.0	8730.01944202253	8410.73729080742	2337.1026905423787	2310.2407147025433
10	9402.032146344503	10k-30k	23864	19392.12614135536	2.80527153871941	22371.509832178464	0.062143814951391214	9600.0	9650.0	9502.333580729299	9612.727320768456	595.6192576584617	1356.790437582682
10	9402.032146344503	30k-100k	41496	59439.48105744641	4.684331019857336	59980.09820356106	0.1533882783882784	10450.0	13150.0	10295.779910536998	13155.194629657672	823.9247511386548	2267.5410576377544
10	9402.032146344503	100k-300k	42117	182244.27119295078	8.238027399862288	160819.43371337763	0.308782676828834	10100.0	13150.0	10069.14766995345	13157.253484837158	2415.1262951207736	3844.7506561938917
10	9402.032146344503	300k-inf	28631	435765.964312694	10.045475184240857	299673.51555155666	0.3856309594495477	8900.0	10900.0	8899.36543728283	10913.764168954982	3204.8495556367025	4026.103458280155
10	9402.032146344503	all	146341	158141.46604703733	6.265079506085103	126243.86851556503	0.21990419636328848	9700.0	10300.0	9610.791531352737	10307.497059230509	356.1627411653935	947.7428041810272
11	2932.6377852359333	0k-3k	1668	1933.7747471555906	1.8057553956834533	5491.0015685699445	0.01858513189448441	4150.0	4100.0	4003.837905270507	4021.5733098908477	3871.1958640655544	3999.6914087091345
11	2932.6377852359333	3k-10k	8692	6687.448339775987	2.085020708697653	10059.597082790951	0.03578002761159687	3100.0	3300.0	3013.220683632858	3288.624913955616	754.0004348334833	1267.6938095094679
11	2932.6377852359333	10k-30k	23545	19465.262222361835	2.8206413251221067	22673.969354709436	0.07882777659800383	3100.0	3550.0	3023.4936134253517	3552.0688542356556	689.31058448966	1515.9475161239952
11	2932.6377852359333	30k-100k	41389	59543.71212616635	4.712290705259852	60821.238921297256	0.16480224214163183	3550.0	7000.0	3489.5864733076564	6991.700833723508	825.6751306776036	2524.248865470234
11	2932.6377852359333	100k-300k	42833	182801.48577744217	8.249994163378704	162295.44639176672	0.3099479373380338	4050.0	7850.0	3967.6814047703238	7858.970378273644	1629.2723275292774	3429.216197316795
11	2932.6377852359333	300k-inf	29594	434955.0678299021	9.983003311482058	301666.9625574007	0.3813948773400013	2200.0	2750.0	2209.307878608502	2782.627922783699	2805.2954835152377	3160.5882133084733
11	2932.6377852359333	all	147721	160343.5764388699	6.305081877322791	128803.07349566046	0.2273339606420211	3200.0	4000.0	3168.384831039506	4013.844223661625	372.8031576493918	777.1044577094858
12	4825.394454655179	0k-3k	1600	1959.4629127372539	1.858125	5933.960426635836	0.025	3850.0	3750.0	3883.9050930926614	3815.835539932975	4387.58849055011	4316.572663894471
12	4825.394454655179	3k-10k	8409	6711.770479538445	2.155785467951005	10573.962987437864	0.03698418361279581	4750.0	4600.0	4702.029996406847	4570.254209140569	1230.4029581407035	1558.7961073263255
12	4825.394454655179	10k-30k	23328	19444.193542457768	2.8410922496570645	22739.24650376777	0.0763031550068587	4900.0	4900.0	4886.519565045479	4894.106592594915	876.6178662778611	1485.3358463293707
12	4825.394454655179	30k-100k	41735	59630.21965665992	4.695866778483287	60537.27875654585	0.16595183898406612	4650.0	7250.0	4597.655826058519	7247.028783397502	1198.339460657522	2495.37564739117
12	4825.394454655179	100k-300k	42277	182234.461877779	8.212290370650708	162157.7671621951	0.3095536580173617	4950.0	7300.0	4933.531926415549	7337.341886038591	2332.3187772877795	3417.631094553988
12	4825.394454655179	300k-inf	29992	437215.50256353134	10.221825820218726	304788.886611915	0.39083755668178183	4850.0	6300.0	4857.899410665686	6334.024805035976	3030.753420181629	3582.262315324744
12	4825.394454655179	all	147341	161659.8874762915	6.360239173074704	129985.32297438591	0.2298477681025648	4800.0	5300.0	4789.306400371044	5303.220137759562	605.7727399519708	878.2899997595341
13	4508.725807332608	0k-3k	1604	1877.3566906198655	1.8684538653366582	6030.545519934962	0.014339152119700748	7550.0	8500.0	6954.962783264738	8171.229537613144	4397.254292256865	5725.690499162214
13	4508.725807332608	3k-10k	8376	6670.765349428379	2.130969436485196	10048.232412081572	0.0329512893982808	5000.0	5800.0	4860.439982412403	5803.725581500937	703.9947236079643	1637.612160549802
13	4508.725807332608	10k-30k	23163	19494.694409707983	2.8561930665285153	22779.037428819618	0.07546518153952424	5450.0	5650.0	5413.8848325656445	5635.107920528324	897.6885070278149	1459.578894943079
13	4508.725807332608	30k-100k	41509	59578.07017639329	4.7098942398034165	60196.483026519025	0.16061577007395986	4750.0	9900.0	4688.155427128058	9899.723015169782	517.9796033753883	2384.675685072665
13	4508.725807332608	100k-300k	42799	183288.50168232442	8.225425827706255	161960.48604357286	0.31035771863828593	6450.0	13350.0	6316.912345141951	13370.031147603144	989.8657138014587	3816.6762307653626
13	4508.725807332608	300k-inf	29909	437830.52990516165	10.107158380420609	303753.27554406464	0.3876759503828279	6600.0	9150.0	6599.037998046148	9186.07808319284	2947.3865829643973	3849.311697188329
13	4508.725807332608	all	147360	162344.63378595156	6.357505428881651	129864.73403932818	0.2279587404994571	4850.0	6950.0	4839.711872731145	6963.572180174851	213.9929439030666	796.6469775258283
14	5284.41943550943	0k-3k	1420	1924.456908292322	1.8922535211267606	6160.518699446969	0.023943661971830985	3550.0	3550.0	3524.692329053323	3522.504760420504	3921.593307666408	3936.593499505785
14	5284.41943550943	3k-10k	8162	6676.521177010035	2.1778975741239894	10586.895889092732	0.03810340602793433	5100.0	5150.0	5065.195358295021	5139.652510880223	1456.4464369256611	1648.4194840949376
14	5284.41943550943	10k-30k	23146	19484.183280717905	2.855396180765575	22792.341483994496	0.074613324116478	5300.0	5200.0	5267.182615344605	5178.642625546714	1026.951426230189	1537.4834264877554
14	5284.41943550943	30k-100k	41876	59525.002727168794	4.614504728245295	59679.5873828316	0.15650969529085873	5250.0	7350.0	5169.909643932118	7310.487659018736	1161.9775284219613	2569.6912233902704
14	5284.41943550943	100k-300k	42591	182083.92312786554	8.192317625789485	161273.36100745623	0.30706017703270644	4450.0	6200.0	4461.525489799963	6239.545087848675	2411.012902526486	3336.08959293751
14	5284.41943550943	300k-inf	30096	435743.69763019617	10.225810738968633	303206.1790641301	0.39108187134502925	2950.0	4050.0	2962.9066035438423	4107.213258271521	2892.776968063323	3344.079997674049
14	5284.41943550943	all	147291	162061.19252970142	6.357930898697137	129783.48304930111	0.2272643949732163	5050.0	5350.0	5011.570378214034	5347.36706278233	695.5373569227258	893.8564419226786
15	4997.739790324614	0k-3k	1603	1934.322298233677	1.8976918278228323	5812.270687359036	0.023081721771678103	3950.0	4150.0	3845.330984465494	4099.429481306978	3708.453585836481	4095.880317983264
15	4997.739790324614	3k-10k	8563	6699.4405770937565	2.09272451243723	10190.84126942536	0.03246525750321149	4900.0	4800.0	4854.254857019964	4803.016249226789	1131.698152409128	1507.97966369178
15	4997.739790324614	10k-30k	23644	19465.203657539852	2.8021908306547116	22444.128261473987	0.07329555066824564	5450.0	5350.0	5434.595524570244	5359.021126649426	882.4565932243249	1469.834690706919
15	4997.739790324614	30k-100k	41462	59806.45847984884	4.716897400028942	61158.14772821905	0.1631132120978245	5100.0	8700.0	5066.927143670122	8668.850274288676	1007.8790085018245	2461.20804051918
15	4997.739790324614	100k-300k	43017	181473.08669879913	8.05718669363275	159587.54761274037	0.3054141385963689	4100.0	5400.0	4103.695001126881	5419.459844336641	2221.038938705814	3192.5040087065286
15	4997.739790324614	300k-inf	29559	435915.1533526484	10.147298623092798	303158.8891257936	0.38989816976217057	3100.0	3750.0	3122.519690962979	3771.223539342191	2921.0671300669246	3315.9328246816112
15	4997.739790324614	all	147848	160245.94498098904	6.285705589524376	128436.23500318044	0.22640820301931713	5000.0	5400.0	5004.785855339811	5404.083715287369	593.7125795829543	869.5594503296852
16	1446.4050890163994	0k-3k	1470	1936.2887619486078	1.8244897959183672	5514.762485650246	0.029931972789115645	1200.0	1250.0	1278.627064294331	1334.5901498387277	2244.0789379396965	2312.106413997334
16	1446.4050890163994	3k-10k	8300	6680.312824571367	2.1757831325301207	10392.544304969544	0.04807228915662651	1300.0	1000.0	1197.736779201738	964.9100233035153	720.5302117952097	1285.0968617257463
16	1446.4050890163994	10k-30k	23106	19499.667509972733	2.8372717043192246	22272.063136643716	0.08729334372024582	1050.0	1000.0	1037.5197184634453	990.593740845145	1101.9930875128152	1564.3998665393046
16	1446.4050890163994	30k-100k	41127	59250.16635622899	4.7815790113550705	60930.327547340064	0.1720767379094026	1250.0	3650.0	1196.5824594929013	3622.004666778361	1312.1428330087049	2661.9466422574947
16	1446.4050890163994	100k-300k	42962	182658.03241822135	8.139122945859132	159996.37027168195	0.30378008472603696	0.0	500.0	351.5817403758899	811.9812064056401	1017.0056078198987	1989.5795555423717
16	1446.4050890163994	300k-inf	29409	435136.8955340485	10.061375769322316	299967.2744138489	0.3829439967356932	1650.0	2200.0	1698.597447260769	2222.468592313364	2698.359619093534	3190.5744497144906
16	1446.4050890163994	all	146374	161162.01784233897	6.3434694686214765	128508.93139019758	0.23125691721207317	1100.0	1300.0	1103.1997578209525	1288.9337518205255	573.3529839798641	798.4484576922832
17	8016.479545969281	0k-3k	1560	1957.6289873678784	1.8794871794871795	5986.41199032696	0.01730769230769231	9800.0	9800.0	9612.764516924257	9745.064966856551	7886.149662048241	7992.279083317869
17	8016.479545969281	3k-10k	8729	6675.438840015567	2.0844312063237482	10204.562652009381	0.028869286287089013	7850.0	7500.0	7790.194922999538	7492.6602558981795	1906.494009071852	1984.0931357638092
17	8016.479545969281	10k-30k	24059	19302.132775954175	2.740471341286005	22525.72440669012	0.0640508749324577	7950.0	8250.0	7909.878314076919	8225.147445455908	784.1534298066435	1372.330017887648
17	8016.479545969281	30k-100k	41914	59386.00872239321	4.6849978527461	60933.48095128302	0.15577134131793674	8700.0	11350.0	8632.856711871196	11354.784494053332	1287.4965600007445	2403.460130128584
17	8016.479545969281	100k-300k	42692	181735.58795142235	8.246369343202474	162253.5272995551	0.30635716293450765	9150.0	13300.0	9124.37168358199	13308.226094422047	2276.1076578251277	3847.173068279242
17	8016.479545969281	300k-inf	29062	433651.2841045739	10.1092147821898	303612.0427509342	0.39236804074048587	8950.0	11100.0	8977.945912142633	11141.248900621478	3141.042924307496	3967.386519009442
17	8016.479545969281	all	148016	157930.55026734347	6.278206410117825	127991.75445956648	0.22180710193492595	8200.0	9000.0	8132.203911142822	9018.247350187354	457.4661037407959	898.7984834784675
18	178.73348248541475	0k-3k	1498	1903.1450981289581	1.8778371161548733	5707.791665073234	0.04005340453938585	0.0	0.0	107.39245552645282	126.87152429021337	347.5354604665173	431.4290981893586
18	178.73348248541475	3k-10k	8758	6676.233996077506	2.085864352591916	10367.381056454275	0.052180863210778715	0.0	0.0	160.20476342743635	163.68350585090934	467.4221057788167	520.6794593190301
18	178.73348248541475	10k-30k	23561	19413.0837354686	2.814396672467213	22551.57939378257	0.09282288527651628	0.0	0.0	80.03864243063359	108.74566753374458	283.19311877075523	389.73131846241756
18	178.73348248541475	30k-100k	41965	59328.13836005202	4.613773382580722	59792.06121677295	0.1664244012867866	0.0	1400.0	136.3821922174557	1432.5763581362578	444.31081173915555	2595.6565532991895
18	178.73348248541475	100k-300k	42803	182927.40651720462	8.15354063967479	161020.0592039701	0.31053898091255283	0.0	0.0	174.01205089088404	418.5473500889693	595.4603426418103	1274.0014968149765
18	178.73348248541475	300k-inf	29617	434718.72725875064	10.151770942364182	302341.00810131873	0.39095789580308604	0.0	450.0	330.38174145320926	837.3118038959808	918.446922906326	2115.242668090066
18	178.73348248541475	all	148202	160006.77917466653	6.279733067030135	128111.86513886307	0.23318848598534433	0.0	0.0	23.34203501576546	51.85634714362504	124.24722638548968	197.6965106332326
19	4161.928745343735	0k-3k	1631	1872.625651086451	1.9061925199264256	6574.701857087514	0.022685469037400367	2550.0	2550.0	2738.8785420657036	2749.415473862568	3512.832688403041	3475.9224228899475
19	4161.928745343735	3k-10k	8345	6705.128966164363	2.1246255242660275	10182.308343319968	0.03930497303774715	3550.0	3450.0	3503.999824248778	3456.562773531133	1180.5048334126382	1389.6420251368763
19	4161.928745343735	10k-30k	23017	19500.316338776436	2.845548942086284	22698.976987348826	0.07655211365512447	4750.0	4750.0	4720.921585695092	4735.782631489477	1039.0027426968172	1507.1031434585393
19	4161.928745343735	30k-100k	41398	59466.84689806519	4.680709213005459	60547.31414441533	0.16136045219575826	5550.0	7500.0	5460.870040792382	7523.191349987283	1105.6109028021292	2585.304727247183
19	4161.928745343735	100k-300k	42364	181782.53898677474	8.173189500519308	160586.7217395537	0.3124114814465112	2450.0	3100.0	2434.1775858930246	3140.8409233560606	2276.982770137839	2927.8919549141237
19	4161.928745343735	300k-inf	29076	435207.78476983623	10.2169830788279	303084.97778826155	0.3853693768056129	0.0	0.0	413.22830695105284	507.3094473888326	1273.8428860007373	1519.343178693808
19	4161.928745343735	all	145831	159943.9960935519	6.332158457392461	128506.89812226602	0.22798307630064937	3950.0	3950.0	3963.412473117308	3949.362971299872	655.2571812113115	879.45078264841
20	6550.591035668126	0k-3k	1603	1956.4002928430057	1.8471615720524017	6271.998063929823	0.015595757953836557	5600.0	5300.0	5252.004612978006	5044.931633478487	4238.497453043077	4153.639597166502
20	6550.591035668126	3k-10k	8673	6742.944531094648	2.1106883431338637	10133.73168672609	0.028594488642914792	6700.0	6750.0	6612.168156899306	6698.623279843515	1302.7450901319626	1592.1716217715457
20	6550.591035668126	10k-30k	23256	19605.20853188193	2.8397832817337463	22819.103126623428	0.06652046783625731	7000.0	7100.0	6972.195773835041	7102.699946697803	909.1958555579758	1419.359782065977
20	6550.591035668126	30k-100k	42019	59510.907627912464	4.659915752397725	60189.1156916356	0.16121278469263906	6900.0	10150.0	6826.118200222684	10142.565525890846	1063.4711801879757	2328.4687281764764
20	6550.591035668126	100k-300k	42584	183033.44240595947	8.161750892353936	161946.68757055514	0.30657054292692093	6450.0	11000.0	6322.037608925789	11023.227710138846	1359.499784574582	3807.9560342588848
20	6550.591035668126	300k-inf	29614	435717.7138350474	10.202404268251502	303704.07946298696	0.387316809617073	7100.0	8750.0	7120.796428837634	8804.138951705463	3230.091699267574	3845.4378229860267
20	6550.591035668126	all	147749	160514.01846204564	6.3134640505181086	128920.95198679154	0.22415718549702537	6750.0	7400.0	6741.7684103522415	7425.16990444373	490.1530170911856	661.8363428653402
21	919.7293444113664	0k-3k	1602	1956.3203494233849	1.873283395755306	5738.869636092415	0.031210986267166042	600.0	500.0	528.1469004323926	580.7962690132057	937.2207775238775	1248.089793430459
21	919.7293444113664	3k-10k	8481	6630.693772280672	2.09727626459144	9784.586083390586	0.04669260700389105	50.0	0.0	221.77824780648197	179.8071873441442	573.6820264148091	551.0805562231676
21	919.7293444113664	10k-30k	22572	19385.213513309456	2.8779018252702464	22956.989063929257	0.09086478823320929	200.0	250.0	300.3554030661002	441.26136944718075	707.60613259051	1104.2496695614643
21	919.7293444113664	30k-100k	41487	59783.389234482805	4.732470412418348	60832.0187220072	0.16964350278400464	150.0	1400.0	378.1730253909969	1456.4594511948076	962.6431519440899	2533.1524267008836
21	919.7293444113664	100k-300k	42802	182043.20790299552	8.203074622681184	162651.64825458248	0.3152422783982057	1400.0	3750.0	1399.500568033121	3795.793634892397	2043.7029751684654	3069.3226000223463
21	919.7293444113664	300k-inf	30066	435871.5585155993	10.170458325018293	303146.33047015266	0.3910729727931883	1900.0	4050.0	1931.1763172741084	4084.1289801077046	2735.880016211115	3487.8632700531807
21	919.7293444113664	all	147010	162396.38875362164	6.38716413849398	130673.5139249672	0.2366233589551731	350.0	650.0	363.0502806334698	655.2840667635076	538.9896531277491	731.5885358855862
22	7249.910129504788	0k-3k	1626	1874.5519306128642	1.8530135301353015	5740.118864565708	0.01845018450184502	8750.0	8450.0	8480.486195670952	8207.848139021526	5979.733278549857	5764.894934903287
22	7249.910129504788	3k-10k	8740	6726.477057166279	2.1207093821510297	10313.592303302694	0.02894736842105263	7300.0	7050.0	7229.017445110223	7049.015998347475	1535.0523974353555	1750.6652462101865
22	7249.910129504788	10k-30k	23909	19271.209548761926	2.804466937136643	22276.03676225572	0.06725500857417709	7200.0	7100.0	7201.456558361604	7094.440265814973	964.2123589375742	1355.920745725587
22	7249.910129504788	30k-100k	40900	59431.528416853864	4.7202689486552565	60927.134651225155	0.1608557457212714	8300.0	10650.0	8292.100341976186	10641.264855894216	1294.8342092685907	2350.925915874226
22	7249.910129504788	100k-300k	42420	182575.70908614216	8.192715700141443	160506.22691281931	0.3107260726072607	6100.0	8600.0	6116.5686683619315	8640.393734944992	2399.112293103228	3489.205865313952
22	7249.910129504788	300k-inf	28887	434718.09705022676	10.049295530861633	301277.1253051012	0.38474054072766295	8300.0	9950.0	8332.72802668239	9970.654845989022	3256.4287644199403	4012.5112053948724
22	7249.910129504788	all	146482	158762.88923685867	6.277139853360823	127221.48977020237	0.22367935992135551	7450.0	7850.0	7434.633511327249	7832.317775597145	645.4662586721115	860.655826260263
23	9675.326155000208	0k-3k	1611	1935.7040263511926	1.7647423960273123	5485.997708706629	0.011793916821849782	11950.0	11900.0	11548.201543386342	11537.469909745192	7959.880749649014	7961.4440137270285
23	9675.326155000208	3k-10k	8203	6689.913156046523	2.1083749847616726	10144.118025995605	0.026575643057418018	9700.0	9600.0	9692.895635894676	9605.521781705691	2673.6008995276316	2752.367449462119
23	9675.326155000208	10k-30k	23297	19586.85923780807	2.8515259475468944	22739.957879488888	0.06108082585740653	10350.0	10550.0	10352.985249519725	10548.281270024678	921.4625194485561	1374.122082852973
23	9675.326155000208	30k-100k	41975	59521.42281746364	4.73131625967838	61114.83274464411	0.15752233472304944	10750.0	13250.0	10720.688647130315	13234.391572100574	1057.5727238197687	2297.387575455192
23	9675.326155000208	100k-300k	42800	182496.20391921958	8.170490654205608	160773.52703381894	0.30485981308411214	9650.0	13950.0	9531.5057869853	13978.911631407134	1889.2454647200848	3885.645026372209
23	9675.326155000208	300k-inf	28943	435999.7242508338	10.169540130601527	303054.4585798346	0.3913899733959852	7350.0	8300.0	7398.098202026627	8332.34931109901	3333.466335048606	3840.8535342144014
23	9675.326155000208	all	146829	159659.87717662202	6.328456912462797	128309.32715862985	0.22235389466658495	10250.0	11050.0	10235.971554459002	11027.497265417072	635.40874711978	991.627037481434
24	7879.018559751039	0k-3k	1616	1920.900247475405	1.7821782178217822	5343.232619149021	0.014232673267326733	7900.0	7950.0	7713.5514306600835	7751.814494521011	5899.250603177311	6029.377469273776
24	7879.018559751039	3k-10k	8713	6684.470170491125	2.092161138528635	10280.139734072785	0.029151842075060254	7450.0	7450.0	7401.143916381963	7439.888360164034	1760.9314379816815	2004.3848435221635
24	7879.018559751039	10k-30k	23750	19505.356507695975	2.782063157894737	22464.884317267155	0.06534736842105263	8100.0	7950.0	8025.489265546799	7918.816472145783	709.763246190947	1339.137682282354
24	7879.018559751039	30k-100k	42574	59435.70304416852	4.661319114952788	60785.618251056316	0.15840653920233005	7850.0	10050.0	7788.522669508534	10056.38409639409	1361.3067971382934	2481.4050228057986
24	7879.018559751039	100k-300k	42875	182656.53294410347	8.04932944606414	160945.5120049061	0.303533527696793	7150.0	10100.0	7049.862547305024	10139.146800391087	1835.9529202253661	3691.161798195206
24	7879.018559751039	300k-inf	28917	436333.701546416	10.099906629318394	303073.9108350695	0.38783414600408067	8450.0	9400.0	8493.635816684993	9459.536373045717	3251.541193838816	3824.1179600154474
24	7879.018559751039	all	148445	158333.8899892335	6.216497692748156	127213.18024991844	0.22097072989996294	7850.0	8350.0	7804.307155944752	8344.046273816557	555.1385142520749	912.522830151479
25	310.6774447021754	0k-3k	1557	1935.9540724878148	1.8259473346178547	6703.083232120984	0.030828516377649325	1000.0	800.0	930.5914414456797	768.3236565015923	1412.3680819459814	1358.3127364004406
25	310.6774447021754	3k-10k	8502	6708.9290119424395	2.0932721712538225	9945.544107655896	0.048694424841213835	300.0	150.0	373.44059260679984	327.0836403629712	813.6669122269651	847.240614183152
25	310.6774447021754	10k-30k	23763	19588.147764550722	2.7964061776711695	22312.153130096183	0.08668939107015107	350.0	700.0	331.4158167601159	734.5832275562167	652.326198341022	1451.2115661668256
25	310.6774447021754	30k-100k	40921	59485.58175365863	4.683316634490848	60361.75298563209	0.17020600669582855	550.0	3400.0	510.0178511237357	3393.424008351079	850.875277260329	2606.0608395992426
25	310.6774447021754	100k-300k	42426	183183.99804851552	8.342101541507565	163242.24526554017	0.3141705557912601	0.0	0.0	225.3849637120482	445.49831101210805	750.4465083628695	1355.8087807993718
25	310.6774447021754	300k-inf	29498	435769.5942379086	10.031900467828327	302730.4585901588	0.3849074513526341	0.0	750.0	468.35368892690553	1015.4208952089732	1341.7612550075203	2373.857417420065
25	310.6774447021754	all	146667	160812.12565373964	6.3312128836070825	129210.51954754336	0.23297674323467446	350.0	700.0	326.6492448296583	676.6090732706537	524.1647347786808	784.5464065721924
26	2995.98833019907	0k-3k	1559	1911.4566466655062	1.8159076330981399	5686.282764191937	0.030147530468248876	2100.0	2050.0	2187.164124426807	2173.748358476342	2868.5187281385965	2945.996895735857
26	2995.98833019907	3k-10k	8692	6686.859219704161	2.062126092959043	10109.718874913258	0.04670961803957662	2050.0	1850.0	2056.2556375852064	1835.4628710732331	1186.1298960328713	1389.9047482864337
26	2995.98833019907	10k-30k	23414	19451.62788431626	2.8294610062355856	22724.868921406167	0.0836678910053814	2500.0	2300.0	2490.572702704806	2281.6144353810078	1009.8731294782408	1619.254809324323
26	2995.98833019907	30k-100k	41817	59289.785222189974	4.740488318148121	61152.85061266845	0.1659372982279934	3000.0	6200.0	2984.8205075200026	6179.067985278733	1209.0238587716954	2508.4741979217406
26	2995.98833019907	100k-300k	43174	182628.0481291648	8.139296798999398	161004.72630221376	0.3098855792838282	2700.0	6300.0	2709.621085388064	6333.706839906275	1905.9482704774337	3157.1070797850425
26	2995.98833019907	300k-inf	29338	434304.6930189482	10.10661940145886	300223.24648179224	0.3875519803667598	2550.0	3600.0	2567.7947812991647	3615.322872731394	2832.454066727195	3301.7585428569173
26	2995.98833019907	all	147994	159616.45701101384	6.305329945808614	128013.39976580456	0.2304147465437788	2500.0	2900.0	2490.218144731422	2907.444108319915	597.3249003323522	809.9495474266391
27	6465.557085262161	0k-3k	1550	1970.3251733865131	1.9038709677419354	6391.678923476277	0.01935483870967742	6150.0	6400.0	6044.835965220184	6286.533808671417	5386.688434113017	5651.199582421407
27	6465.557085262161	3k-10k	8774	6664.553948245419	2.085023934351493	10118.931546565873	0.02872122179165717	6550.0	6850.0	6485.22476404846	6808.099639140378	1359.5644405772073	1542.6642079555286
27	6465.557085262161	10k-30k	23602	19412.70216027043	2.7834929243284465	22200.200598884978	0.06834166596051182	6700.0	7200.0	6673.205033809854	7210.313684559192	638.9052900766064	1438.012319952043
27	6465.557085262161	30k-100k	41438	59339.13261650083	4.652179159225831	59716.90781140966	0.15903277185192335	7150.0	10000.0	7065.598418203924	9971.315208835282	782.5187762069654	2303.399792080956
27	6465.557085262161	100k-300k	41652	182251.4032905009	8.22387880533948	161863.92551999024	0.30466724286949004	7850.0	14150.0	7744.5618079864	14165.18135955984	1576.4140748851269	4008.5143159981417
27	6465.557085262161	300k-inf	29807	437938.93789106916	10.229845338343342	304998.3352849289	0.3953098265508102	8700.0	13300.0	8585.030066713849	13336.748595160188	2347.6691895983895	4213.558643828666
27	6465.557085262161	all	146823	160897.02393824508	6.31495065487015	128932.45999428934	0.22447436709507365	6900.0	7750.0	6836.092698337002	7709.6739335091825	292.61338831235844	394.30814677942635
28	395.5954775540449	0k-3k	1537	1921.4809626393553	1.8659726740403384	5797.282667652398	0.03057905009759271	500.0	700.0	437.7663797573163	737.3851066712963	803.7452282178697	1441.2474204891246
28	395.5954775540449	3k-10k	8440	6653.50535657081	2.166824644549763	10464.375380297399	0.05296208530805687	50.0	350.0	172.03444877779134	448.15231353982256	440.5736633822776	1016.1087814417793
28	395.5954775540449	10k-30k	23575	19412.499198624173	2.7903287380699893	22155.426009660318	0.08436903499469778	650.0	1150.0	596.3784191758848	1122.6230904753506	482.6342423757934	1574.629871174022
28	395.5954775540449	30k-100k	41067	59529.44683775094	4.697177782647868	60609.13820151847	0.16940609248301555	450.0	4150.0	345.77465411115315	4164.532267588894	512.0630398194608	2521.7252903875824
28	395.5954775540449	100k-300k	43176	182828.07963366385	8.271586066333148	162944.69247870607	0.3178386140448397	0.0	750.0	364.9180697693141	933.7259341989566	1028.6648064886087	2129.3567218451517
28	395.5954775540449	300k-inf	29891	434941.4975060637	10.099595195878358	302742.4423611667	0.38881268609280384	1150.0	2350.0	1226.894116312202	2394.474370662361	2439.0275262595997	3225.9789165440325
28	395.5954775540449	all	147686	161532.41222295503	6.357122543775307	129959.1957629541	0.23553349674309007	400.0	1100.0	377.4556066007982	1095.9547886385153	370.94360923199815	753.8969847311263
29	4463.771842566874	0k-3k	1623	1959.7418742983236	1.8810844115834873	6872.015865880745	0.027726432532347505	3950.0	3850.0	3868.1706013907747	3801.599904269957	3979.539265900772	3994.9156394843767
29	4463.771842566874	3k-10k	8754	6681.40317099386	2.111834589901759	10305.13269434542	0.03461274845784784	4050.0	3750.0	3977.019850039745	3735.315516621024	1023.8930683391391	1307.6742712152231
29	4463.771842566874	10k-30k	23452	19360.41348820455	2.8097390414463583	22653.078882100715	0.07828756609244414	4150.0	4050.0	4129.055332501516	4061.1509619495323	900.4006331933888	1509.6409430292993
29	4463.771842566874	30k-100k	41627	59606.394101080194	4.7291901890599854	61052.63858241493	0.16388401758474067	5200.0	7950.0	5130.722402468098	7955.2452963387905	1105.7777281766494	2436.204198365959
29	4463.771842566874	100k-300k	42189	182387.17987419866	8.169570267131244	161386.8489912568	0.3117874327431321	2900.0	4000.0	2924.298386579555	4026.2788197229247	2384.773518549282	3169.2487598027965
29	4463.771842566874	300k-inf	29827	437697.20841714257	10.152982197337982	304255.8007356883	0.3880376839776042	2000.0	2750.0	2022.096617824059	2807.0327850751237	2864.2685464211872	3299.122220800229
29	4463.771842566874	all	147472	161026.31561220152	6.318453672561571	129230.29555580276	0.22874850819138548	4150.0	4250.0	4125.607883244331	4255.880508583904	592.0027435574898	813.0442972586229
30	8451.761028812274	0k-3k	1639	1966.6953828308401	1.8682123245881634	5915.985198428074	0.017083587553386213	6750.0	6650.0	6394.24775699352	6439.3286172568705	4840.137400058628	5105.65949979041
30	8451.761028812274	3k-10k	8492	6706.612323654976	2.1164625529910506	10141.864887127567	0.027084314649081488	8200.0	8450.0	8086.00497605931	8490.38309376977	1577.0931879163809	2254.2507428359413
30	8451.761028812274	10k-30k	23480	19358.829363972156	2.8040034071550255	22232.39376481106	0.06013628620102215	9050.0	9650.0	9033.070722877765	9619.433133269842	832.9048483899096	1343.269763114091
30	8451.761028812274	30k-100k	41127	59701.28437823064	4.699102779196148	60765.923080513254	0.1553480681790551	9300.0	12150.0	9246.449452197103	12120.249766882564	1021.9068233487487	2289.659661228314
30	8451.761028812274	100k-300k	43399	183092.0727437801	8.145487223207908	161229.46519887162	0.30705776630797943	9200.0	13550.0	9178.776310955656	13596.542421206512	2280.9305239738615	3838.198914157392
30	8451.761028812274	300k-inf	30341	437278.2310332326	10.199597903826506	304744.2111860612	0.38532019379717214	6150.0	7150.0	6147.994838692595	7186.241442076201	3048.118672513202	3564.799118903411
30	8451.761028812274	all	148478	162876.1680145282	6.351816430717008	130392.37740442259	0.2227670092538962	8750.0	9650.0	8728.78485868199	9668.55572040793	470.7721698522819	794.3098116478523
31	1665.7148891030615	0k-3k	1524	1893.1242762144016	1.916010498687664	5948.0643427945415	0.02821522309711286	1300.0	1200.0	1227.1147875195848	1202.0067957763647	1562.405641041149	1838.7101314295473
31	1665.7148891030615	3k-10k	8469	6730.14336493948	2.142165544928563	10387.750524645577	0.04723107804935648	1050.0	700.0	1010.7271338641514	723.8308535856416	1080.6015555791437	1239.141789419847
31	1665.7148891030615	10k-30k	23629	19564.81071913794	2.846756104786491	22763.61573781429	0.08375301536247831	1950.0	2050.0	1892.1718766355439	2031.84154131616	853.5795998933795	1592.7630994766666
31	1665.7148891030615	30k-100k	41903	59495.65558558756	4.684771973367062	60270.57429103072	0.16595470491372932	1900.0	4300.0	1834.967044564301	4307.589167784392	1274.7083489870765	2649.5726727855895
31	1665.7148891030615	100k-300k	42327	181731.04710975479	8.137666265031777	159404.96143984707	0.30866822595506416	1500.0	2550.0	1492.2699471083522	2581.9296015433124	2189.05896642594	2988.8143306607635
31	1665.7148891030615	300k-inf	28725	436290.96305394685	10.243237597911227	304292.53891568596	0.3920278503046127	2350.0	3850.0	2366.3502686416336	3894.847074898711	2836.188202625061	3409.195250044783
31	1665.7148891030615	all	146577	158550.20923323045	6.299173813081179	127225.79288193237	0.2299269326019771	1550.0	1700.0	1541.5852843611922	1706.5672492833194	527.0266825710542	746.8409873995336
32	6882.625047832868	0k-3k	1586	1950.6318241762283	1.7793190416141236	5659.15126123031	0.017023959646910468	5700.0	5300.0	5379.457861758867	5137.431955785125	4438.08073306846	4505.892778800192
32	6882.625047832868	3k-10k	8726	6702.731659396287	2.087439834975934	10263.426931442264	0.03094201237680495	7250.0	7050.0	7229.104364143866	7044.8388846187345	1906.914150307287	1918.1409994740043
32	6882.625047832868	10k-30k	23966	19471.3583248668	2.818910122673788	22387.126114808572	0.06943169490110991	6900.0	7450.0	6807.074547405019	7428.117231213335	656.5148847371038	1426.4551167809086
32	6882.625047832868	30k-100k	41620	59490.90763929419	4.746347909658818	60382.5718181023	0.1624699663623258	6700.0	10300.0	6644.180183873251	10310.217219450238	1273.6249780154849	2420.2652586536606
32	6882.625047832868	100k-300k	42397	183025.25555663975	8.206406113640115	162152.53164798807	0.3074981720404746	7200.0	9900.0	7219.77869345688	9921.976748404579	2361.8876088033294	3616.2756875754467
32	6882.625047832868	300k-inf	29707	436568.423340457	10.111556198875686	303290.3126550487	0.38469047699195474	5950.0	7250.0	5931.209446424231	7261.729588319016	2814.354596036531	3585.5421750878395
32	6882.625047832868	all	148002	160356.64247850724	6.31375927352333	128598.34855721056	0.224240212970095	6850.0	7700.0	6806.390774209366	7698.740250016091	540.703775182109	812.9397604664737
33	8553.16784576443	0k-3k	1533	1909.3754303327087	1.8062622309197651	5711.618093413788	0.012393998695368558	10900.0	10900.0	10767.7604151463	10790.698356525561	8117.475770585544	8083.7251606007885
33	8553.16784576443	3k-10k	8635	6660.9627757207545	2.1247249565720905	10280.027552980922	0.030804863925883035	7400.0	7300.0	7368.006870639051	7272.126937161092	1966.9475649164597	2031.908489866969
33	8553.16784576443	10k-30k	23235	19452.49351092048	2.8350333548525932	22440.83596911224	0.0674413600172154	8500.0	8000.0	8494.348723187166	7988.657631410382	979.4810690162094	1410.7546921987296
33	8553.16784576443	30k-100k	41186	59689.0425363375	4.705166804253873	60633.11496854271	0.15575681056669743	8850.0	12050.0	8860.419335974002	12043.086059765603	1153.8560232770433	2312.5157272674533
33	8553.16784576443	100k-300k	42596	182017.48667004792	8.146257864588224	160254.70736200735	0.3057094562869753	8700.0	12350.0	8659.341285908347	12392.806251115218	2170.787622687082	3815.4259135333104
33	8553.16784576443	300k-inf	29647	434226.06174450624	10.085033898876784	300176.42981128814	0.3813202010321449	7600.0	10250.0	7598.291471266492	10294.586753908774	3096.8067570715275	4024.58993940238
33	8553.16784576443	all	146832	160710.83274400418	6.311730412988994	128321.5673334235	0.22198158439577204	8450.0	8950.0	8468.722577091286	8931.163338309518	685.7676452761843	934.4872157546433
34	3015.3726288247417	0k-3k	1591	1926.4993482934042	1.8045254556882464	5138.877260165909	0.02451288497800126	2050.0	2100.0	2178.14180354588	2190.4285281756356	2794.077819346925	2833.4639737409607
34	3015.3726288247417	3k-10k	8417	6686.151510751381	2.156469050730664	10346.87130110805	0.03801829630509683	3200.0	3200.0	3175.046202721497	3164.9212129972693	1026.661558824716	1340.017280622862
34	3015.3726288247417	10k-30k	23305	19507.276818908547	2.8369448616176784	22429.10994858423	0.07655009654580562	3050.0	3650.0	3004.352171345875	3630.8724000440898	727.5730586097493	1528.9162616171338
34	3015.3726288247417	30k-100k	41546	59394.059498665876	4.682664997833727	60232.1003564261	0.16658643431377268	4000.0	6200.0	3966.437548901203	6171.391291934222	1137.4453820673416	2485.340006062057
34	3015.3726288247417	100k-300k	42784	182873.86616580593	8.207764584891548	161737.1391408442	0.31172868362004486	3750.0	7200.0	3657.780392380648	7231.788070148725	1673.3413223291905	3333.040117272957
34	3015.3726288247417	300k-inf	29885	434304.382603927	10.082382466120126	302356.68272456306	0.38607997323071774	3750.0	5100.0	3745.2938473241456	5110.766512565357	2896.8188424137884	3432.258359486811
34	3015.3726288247417	all	147528	161222.3241966377	6.332058998969687	129304.7424383685	0.23005124450951683	3250.0	3950.0	3206.833886090142	3941.7058496665018	387.7867780055135	796.2630528320692
35	9202.263013341522	0k-3k	1605	1893.0494585661925	1.8623052959501558	6050.378553512055	0.0161993769470405	8800.0	8850.0	8469.659115314269	8478.656418782508	6124.169410186428	6077.683081878993
35	9202.263013341522	3k-10k	8523	6684.302477986702	2.1153349759474365	10430.24907332271	0.03226563416637334	7500.0	7400.0	7568.034424970219	7399.732867242357	2061.921207090584	2105.860266456545
35	9202.263013341522	10k-30k	23256	19392.06162075426	2.8085225318197455	22733.0455226212	0.06045751633986928	9250.0	9100.0	9203.451142898366	9074.564181245802	925.9953061533888	1298.3928950260197
35	9202.263013341522	30k-100k	42189	59494.930446368	4.650453909786911	59680.66914239937	0.15321529308587548	9200.0	12100.0	9126.177357262977	12107.641008999324	1078.1448011041266	2356.964969883311
35	9202.263013341522	100k-300k	41865	181288.9305340417	8.163143437238743	160101.04904111018	0.30849158007882477	7600.0	9900.0	7609.579196153019	9932.52873367467	2355.16017265108	3654.7259642527715
35	9202.263013341522	300k-inf	29370	436073.659956199	10.12815798433776	303733.3217422915	0.3866530473272046	7200.0	9000.0	7202.95073240504	9056.146623925591	3220.508460187616	3848.7507122878706
35	9202.263013341522	all	146808	159515.60221361357	6.2785747370715494	127843.39685323866	0.2209825077652444	8800.0	9250.0	8791.945375348478	9234.582817189148	710.7121504261613	918.5914429858385
36	4328.184580166276	0k-3k	1534	2013.7204076443604	1.8839634941329857	6407.271981600383	0.01955671447196871	7000.0	7100.0	7003.976861454107	7147.247133603288	6183.762380259596	6329.344006911668
36	4328.184580166276	3k-10k	8394	6691.219705341835	2.1278294019537767	10347.794981029207	0.03824160114367405	4200.0	4000.0	4202.822096315482	3972.7905975564377	1193.2378271128073	1342.8068287391297
36	4328.184580166276	10k-30k	23788	19427.921944912374	2.849041533546326	22700.366045485083	0.07617286026568018	4900.0	4750.0	4845.000531416146	4762.062517046786	936.59428543386	1472.7865527565668
36	4328.184580166276	30k-100k	41747	59681.15490091062	4.661891872469878	60109.10002951818	0.16096965051380938	4750.0	8400.0	4641.5740277130935	8417.510913619024	900.1980603509828	2482.7073321388743
36	4328.184580166276	100k-300k	41869	182193.4888316657	8.153741431608111	161308.26070628443	0.3064080823520982	4800.0	8900.0	4705.231057918439	8943.850542156915	1428.155857079551	3471.4380758300804
36	4328.184580166276	300k-inf	29232	436094.03633446567	10.11808976464149	303760.9618175574	0.3922755883962781	5600.0	6450.0	5585.056680539876	6474.52024230532	2973.0593709498407	3497.597250902749
36	4328.184580166276	all	146564	159582.67910406354	6.279202259763653	128131.15810209252	0.22637891978930705	4700.0	5000.0	4693.862166533025	4975.595969537506	530.9279781905743	512.8422466257189
37	8746.498362327959	0k-3k	1534	1954.527474390005	1.8383311603650587	5513.964019939691	0.01694915254237288	7950.0	8150.0	7547.301745018548	7803.613048305966	5643.146731097452	5950.746811526186
37	8746.498362327959	3k-10k	8610	6698.9238157730515	2.1364692218350756	10266.172971651058	0.027061556329849013	8200.0	7950.0	8111.843227735981	7994.953245592391	1918.123845031385	2070.1405678075116
37	8746.498362327959	10k-30k	23329	19467.980379881265	2.8320545244116766	22643.358970019588	0.06382613914012603	9150.0	8650.0	9095.128433119298	8637.39128571133	919.4537884106903	1391.9652716334476
37	8746.498362327959	30k-100k	41476	59559.34187736515	4.708940109943099	60155.55840524981	0.15712701321246023	8950.0	11400.0	8907.472695683162	11408.322039437166	1101.0823518055804	2385.5518130482615
37	8746.498362327959	100k-300k	41964	182225.93531102774	8.237417786674293	161906.82481915006	0.3117433991039939	8250.0	11200.0	8247.100116214542	11221.599444563391	2361.926429629005	3616.6964075879514
37	8746.498362327959	300k-inf	28944	435237.29514004505	10.070619126589277	300148.2971177602	0.3843283582089552	7850.0	8650.0	7848.563195197742	8683.134488049322	3246.239430116746	3746.809648320802
37	8746.498362327959	all	145857	159262.60088383005	6.305840652145594	127534.90981171622	0.22262215731846946	8800.0	9100.0	8804.068552634792	9084.723603123115	677.6495735891331	931.4615427932476
38	3650.2341439035945	0k-3k	1553	1930.845046382946	1.7997424339987123	5625.781845060642	0.025112685125563427	2950.0	3000.0	2996.956761369661	3126.4334588812367	3301.4308222003074	3567.120955061413
38	3650.2341439035945	3k-10k	8586	6677.337115670374	2.093990216631726	10066.263234487062	0.03820172373631493	3700.0	3450.0	3634.2912585797994	3424.3310496903223	1123.8149960570709	1366.9324347446322
38	3650.2341439035945	10k-30k	23858	19475.276886481894	2.820605247715651	22796.24882690117	0.07930254002850197	3350.0	3550.0	3301.4846416432238	3544.188704382813	925.7943136198742	1549.4814520320128
38	3650.2341439035945	30k-100k	42373	59524.618153729316	4.613621881858731	60198.05290327893	0.1610459490713426	3900.0	8250.0	3835.5314379955034	8248.23796614517	743.2171507474445	2433.8845113295083
38	3650.2341439035945	100k-300k	42464	182741.88779442167	8.097188206480784	161504.85091903096	0.30760173323285606	3550.0	8000.0	3424.670615410616	8033.455813157212	1568.1707045325002	3561.3468899469026
38	3650.2341439035945	300k-inf	29494	436863.6509409008	10.162202481860717	304330.34111432097	0.39157116701702044	4000.0	6150.0	3901.7022497843027	6202.189773971819	2225.534339943594	3529.160502463803
38	3650.2341439035945	all	148328	159727.19961147648	6.250498894342268	128255.43286345832	0.22715872930262662	3600.0	4450.0	3594.817313417318	4435.144293880879	522.4677582674435	802.0218525797477
39	5732.988380494017	0k-3k	1565	1948.5862935734526	1.7910543130990415	5519.221402930864	0.0134185303514377	5350.0	5900.0	4993.894815212094	5656.142597954622	3948.6277152129906	4684.311576962664
39	5732.988380494017	3k-10k	8720	6729.79471214343	2.1198394495412844	10398.980063803927	0.033142201834862384	5600.0	5500.0	5511.142464496942	5496.350610803405	1258.58134955889	1588.9169026890067
39	5732.988380494017	10k-30k	23967	19435.801041657738	2.801935995326908	22569.46992856244	0.07372637376392539	5450.0	6050.0	5427.769255040366	6038.583509342978	799.7676920682279	1431.0860331951562
39	5732.988380494017	30k-100k	41740	59417.758490505876	4.6407522759942506	60343.11898793988	0.15984666986104457	6300.0	9550.0	6211.635091783617	9526.966516627617	1080.0501948995325	2437.7861437215543
39	5732.988380494017	100k-300k	42705	182273.970988387	8.199719002458728	161115.00980134486	0.3098466221753893	6200.0	9750.0	6122.855337860695	9791.953732610342	1999.3120696509495	3628.5357341560375
39	5732.988380494017	300k-inf	29719	436806.6584886085	10.153807328644975	302826.9156252965	0.3871597294659982	6450.0	8600.0	6452.503382841614	8618.43857792566	2978.8391577366	3756.757837731401
39	5732.988380494017	all	148416	160178.92575652545	6.293640847347995	128281.92754838456	0.22562931220353602	5700.0	6650.0	5665.625541154704	6651.43728819899	463.69674426667734	829.9374873040715
40	1097.8741495087907	0k-3k	1630	1927.6303740436163	1.811042944785276	5579.074473602707	0.015337423312883436	2150.0	1950.0	1977.0430827023868	1902.3785670447244	1679.9808532199042	1942.6456139044717
40	1097.8741495087907	3k-10k	8872	6662.2318788347	2.0807033363390444	9954.240220624079	0.05038322813345356	300.0	0.0	370.0747763125519	255.85001931845431	836.4958501994021	716.3997432694478
40	1097.8741495087907	10k-30k	23503	19512.240857444696	2.8375952006126877	23020.329905702656	0.08552099731949113	950.0	1500.0	887.15988840308	1503.3797857271472	841.5966903840558	1635.6559405874582
40	1097.8741495087907	30k-100k	41404	59608.077453038066	4.649599072553377	60524.06346199022	0.16848613660515893	1100.0	2800.0	1033.0083815257562	2779.407121189706	1304.4308543961452	2719.129109207095
40	1097.8741495087907	100k-300k	43619	183158.87618266986	8.179967445379306	162118.376005071	0.3106444439349825	1800.0	2750.0	1817.8120360122448	2802.871971529358	2157.6915220836418	2947.4121049222554
40	1097.8741495087907	300k-inf	30077	434402.1608993285	10.123981780097749	303114.6775620809	0.3852445390165243	0.0	0.0	150.88735392566275	189.94368284012666	543.3379085085915	675.676065086826
40	1097.8741495087907	all	149105	161252.66897862448	6.317138928942692	129657.7220615219	0.2320177056436739	750.0	900.0	752.6952531608957	881.2554974715165	584.8496150621133	790.938728962461
41	4011.827046734622	0k-3k	1424	1937.9780738486602	1.8188202247191012	5940.542123911293	0.025280898876404494	3900.0	3750.0	3989.778465555196	3821.911246087331	4625.755435501231	4441.352919950745
41	4011.827046734622	3k-10k	8289	6680.768189996217	2.158161418747738	10655.23398775703	0.03896730606828327	3850.0	3350.0	3799.8076056002774	3338.8041521342557	1250.9893992580364	1358.8053816833558
41	4011.827046734622	10k-30k	23952	19454.242994618562	2.7859051436205746	22683.58829284315	0.07560955243820976	3800.0	4450.0	3774.0733233440687	4416.5552363246325	918.0426365808644	1476.5366783325007
41	4011.827046734622	30k-100k	41828	59370.43162670304	4.633044850339486	60343.89318809731	0.16130343310700965	4650.0	6600.0	4584.4222225528465	6588.0980845595595	984.9256598629281	2614.3203126638255
41	4011.827046734622	100k-300k	42900	182145.03483936866	8.113962703962704	161880.41889329973	0.3101631701631702	3600.0	4600.0	3581.319152452623	4636.500201287491	2186.5903271847774	3170.7445143043956
41	4011.827046734622	300k-inf	29672	435858.56960824964	10.105621461310326	303407.6031912962	0.3840994877325425	100.0	800.0	608.4580906786675	1033.7551941211025	1666.830325662139	2393.900236287595
41	4011.827046734622	all	148065	160431.35435530188	6.273872961199473	129075.35616104805	0.227062438793773	3800.0	3950.0	3803.7530360881847	3953.581674467063	638.6287036421436	845.1754339757372
42	5405.754023671504	0k-3k	1529	1932.72864079752	1.8659254414650097	5823.4799774971625	0.02289077828646174	3200.0	3150.0	3431.5697073048887	3358.1589709123664	4181.238985453086	4092.1978261822446
42	5405.754023671504	3k-10k	8502	6726.271016097939	2.0666901905434014	10288.40101377373	0.03646200893907316	4750.0	4450.0	4712.491367259434	4459.512261728121	1379.8363645844943	1496.5346099559601
42	5405.754023671504	10k-30k	23948	19459.987172938916	2.8060380825121096	22474.072795423694	0.07111241022214798	5400.0	5500.0	5344.011432114167	5488.518166711578	903.0272797954485	1451.7532277056007
42	5405.754023671504	30k-100k	41285	59954.56909425125	4.731791207460336	61476.64206384934	0.16347341649509506	5400.0	8650.0	5301.199570149508	8638.708256079137	1218.1791529332395	2565.9911030092862
42	5405.754023671504	100k-300k	42756	182830.04785857475	8.150575357844513	161270.5826611148	0.3054775937880064	3600.0	7050.0	3612.700126597762	7086.2581996672825	2252.20846606704	3466.480093289445
42	5405.754023671504	300k-inf	29161	434885.3593104374	10.096635917835465	302266.925999881	0.3846575906176057	4100.0	4900.0	4101.213665537421	4946.464675199676	3116.7696760161834	3567.780528523272
42	5405.754023671504	all	147181	159668.48672883888	6.290818787751136	128293.32054107988	0.22472329988245765	5000.0	5450.0	4984.941939758602	5432.513842057222	672.9760380126545	839.251368831985
43	2517.5703597980237	0k-3k	1472	1946.609781277294	1.9307065217391304	6342.579834558936	0.02377717391304348	2700.0	2700.0	2912.1267325263907	2822.1170457331364	3676.476480808239	3479.5084408564157
43	2517.5703597980237	3k-10k	8735	6703.277993379648	2.0811677160847166	10316.83665454264	0.03949627933600458	2200.0	2400.0	2154.817776013016	2395.824860498365	828.9739394304765	1256.0673351103273
43	2517.5703597980237	10k-30k	24282	19439.61797565121	2.786096697141916	22130.41392071638	0.07791779919281773	3300.0	3500.0	3208.3307535446343	3481.709574928195	695.8768205034389	1532.9558986411917
43	2517.5703597980237	30k-100k	41875	59352.160291477274	4.6655522388059705	60572.119033060844	0.1655641791044776	3100.0	5700.0	3012.746610010604	5677.314446002754	1047.6161857754737	2579.5301782858023
43	2517.5703597980237	100k-300k	41290	182764.0822106524	8.191256962945022	161088.35632245173	0.3087188181157665	2850.0	5000.0	2717.084461204438	5047.752217822567	1521.6896708752317	3286.5169477168906
43	2517.5703597980237	300k-inf	29648	437739.06762724527	10.252394765245548	303990.8301005322	0.3928426875337291	4150.0	5650.0	4094.9649832971804	5690.130298925793	2489.144511666317	3482.0978345741387
43	2517.5703597980237	all	147302	159829.73680093273	6.2879186976415795	127882.44833336117	0.22809602042063246	2600.0	3350.0	2559.3034522156036	3343.4485695804083	307.14936716980674	743.6057559640335
44	4157.878159551065	0k-3k	1645	1909.1144658415703	1.9264437689969605	6323.7635010003205	0.02127659574468085	4850.0	4800.0	4786.1738409689715	4775.367309401225	4631.822456782975	4802.018377563347
44	4157.878159551065	3k-10k	8467	6612.355086070693	2.0829101216487538	9907.197616215819	0.036140309436636354	3850.0	3600.0	3818.985431044989	3578.0488481216953	1144.6107303482268	1264.0088080493683
44	4157.878159551065	10k-30k	23186	19389.459714145574	2.8290778918312776	22337.92100037278	0.07728801863193306	4050.0	3750.0	4008.5773873923226	3729.7381672748743	955.837042295092	1528.9402739099564
44	4157.878159551065	30k-100k	41218	59566.91397790725	4.725532534329662	61186.51141871674	0.16880974331602697	4100.0	5900.0	4077.8581812695393	5892.462605970402	1375.5280239726262	2551.8443895233795
44	4157.878159551065	100k-300k	42795	182854.09196922558	8.15074190910153	160850.49202485962	0.3099894847528917	5250.0	9050.0	5228.870810091912	9082.769152056439	2006.2519547272104	3504.2814145160246
44	4157.878159551065	300k-inf	28787	434523.050827656	10.116371973460243	300549.91170133784	0.3847570083718345	3550.0	4650.0	3568.780677060894	4667.851203909777	2973.0033721276304	3453.823428866681
44	4157.878159551065	all	146098	159466.77098305503	6.30541143615929	127789.06358401371	0.22883954605812537	4100.0	4250.0	4077.071017347922	4259.577776744122	593.2116217381363	708.8527585698162
45	8510.286232615852	0k-3k	1486	1934.3245413140305	1.9232839838492597	5899.713636430418	0.023553162853297442	5100.0	5100.0	5049.937985060906	5064.222369869501	5187.885844415532	5293.3078833828495
45	8510.286232615852	3k-10k	8467	6663.859850639015	2.134404157316641	10104.152083267414	0.03129798039447266	7100.0	6950.0	7105.648863327599	6921.635016312146	1886.592095056416	1945.4385487119098
45	8510.286232615852	10k-30k	23348	19325.409659864046	2.8155730683570326	22343.633863328054	0.06450231283193421	8550.0	8750.0	8537.306510951264	8717.250037120359	900.851827470724	1375.8543629347969
45	8510.286232615852	30k-100k	40811	59527.168354001056	4.730685354438754	60835.25357423306	0.15848668251206782	9150.0	11800.0	9106.558922962577	11807.127024968278	1029.6270741457865	2323.0814139424383
45	8510.286232615852	100k-300k	42826	182991.27353457586	8.189767898005885	160169.1811930641	0.31076915892215007	7700.0	11700.0	7635.168552489928	11703.914966428694	2004.4553145040209	3584.9081466447515
45	8510.286232615852	300k-inf	29296	434874.3948705085	10.075300382304752	301691.1622053667	0.3875955761878755	7250.0	8900.0	7247.226204903122	8921.225538192226	3180.999440557727	3859.5837031340407
45	8510.286232615852	all	146234	160815.78013714703	6.329807021622878	128537.10606941175	0.2252417358480244	8300.0	8850.0	8298.562499756074	8826.308013823807	644.7164771665084	893.3394671819497
46	4583.862986283412	0k-3k	1642	1958.1848046408074	1.8349573690621193	5789.511546358798	0.028623629719853837	2500.0	2500.0	2783.693853156022	2793.729329940445	3692.9223247379377	3713.7766054511167
46	4583.862986283412	3k-10k	8259	6721.922988680321	2.115268192275094	10291.157424920813	0.0343867296282843	4200.0	4500.0	4164.282208822206	4499.16606674942	1015.4921693824385	1461.1205742909146
46	4583.862986283412	10k-30k	24021	19391.27484756604	2.7668706548436783	22319.132821015723	0.0701469547479289	4950.0	6050.0	4862.264199297228	6039.983720160259	564.4963423698737	1414.342481272398
46	4583.862986283412	30k-100k	41750	59437.63730415379	4.624	59987.31331280813	0.16064670658682634	5050.0	8400.0	4967.011886863551	8408.028658470806	918.8828036716823	2416.4526384772025
46	4583.862986283412	100k-300k	41979	182545.12120701367	8.272803068200767	162723.13655130728	0.3133233283308321	3750.0	7200.0	3727.8560104337826	7224.339071127896	1896.9356280114885	3359.797638842001
46	4583.862986283412	300k-inf	29477	437064.24835557514	10.163551243342267	304520.1099489145	0.38223021338670826	2200.0	3200.0	2217.577995715663	3212.171368792243	2830.0192322672556	3346.350677958324
46	4583.862986283412	all	147128	160081.3941867017	6.299772986787016	128747.71014141687	0.22526643466913163	4500.0	5550.0	4500.66887305614	5520.264221500012	502.7444753252812	825.3368951298817
47	6567.840841455255	0k-3k	1620	1893.1172234100238	1.845679012345679	5713.756137534784	0.018518518518518517	6400.0	6350.0	6088.267587635137	6000.633747519638	4764.885015829827	4711.800074163888
47	6567.840841455255	3k-10k	8710	6671.085505188193	2.1066590126291618	10026.88079527789	0.03168771526980482	6400.0	6200.0	6386.862402328157	6201.5092578487875	1675.7439636139507	1746.281632105346
47	6567.840841455255	10k-30k	23525	19372.496843795223	2.8164080765143464	22622.161382770497	0.07562167906482466	6000.0	5450.0	5972.243117545008	5463.893422355155	1120.762174457347	1482.1791537791314
47	6567.840841455255	30k-100k	41587	59870.210695977694	4.685286267343161	61027.645191571144	0.16267102700363095	6400.0	8600.0	6392.153864280252	8583.42529190451	1358.9245103685398	2461.9794943558354
47	6567.840841455255	100k-300k	43841	182863.46206387124	8.103601651422185	161722.8141042296	0.30640268242056523	5900.0	8500.0	5893.429516099311	8533.625804124013	2218.845067127624	3534.7467422154305
47	6567.840841455255	300k-inf	29467	435098.66377065564	10.161909933145553	302676.2508667475	0.3868055791224081	5900.0	7050.0	5937.620484387804	7109.092641725735	3150.7241021624695	3657.861965317732
47	6567.840841455255	all	148750	160300.5163750461	6.300188235294118	128912.83644514419	0.2264268907563025	6150.0	6450.0	6157.52575587725	6444.118282346119	714.9455599376834	908.3298213435828
48	4168.4541857158	0k-3k	1471	1947.913212576798	1.8273283480625424	5777.655671726488	0.021753908905506457	3400.0	3550.0	3531.037613215036	3634.7524675455875	3978.3663629876096	4178.975259621438
48	4168.4541857158	3k-10k	8441	6714.841133209594	2.1650278403032814	10754.202850514452	0.0412273427319038	3550.0	3300.0	3525.633570101494	3275.949312849116	1242.1845641158538	1399.1569585885636
48	4168.4541857158	10k-30k	23486	19402.34349975538	2.757387379715575	22190.57064853291	0.07945158818019246	3400.0	3300.0	3401.7755957751406	3289.744022432922	1055.9084762357443	1588.306644252606
48	4168.4541857158	30k-100k	41771	59522.15308004012	4.6984510784994375	61018.05898428832	0.1647554523473223	4200.0	5900.0	4191.8799719809585	5902.544043038437	1600.9695684646667	2843.185014714828
48	4168.4541857158	100k-300k	43168	182025.230372362	8.19324499629355	160948.01269041895	0.3083302446256486	3500.0	5100.0	3516.6424910231012	5143.871530618213	2320.0782393424674	3256.336113835476
48	4168.4541857158	300k-inf	28574	434815.26469588524	10.100510954014139	301524.8433328792	0.38937495625393714	1500.0	2350.0	1534.174406684658	2380.328881478229	2690.8578998959492	3259.648952248261
48	4168.4541857158	all	146911	158487.8271076848	6.291428143569917	127511.23419656901	0.22846485287010504	3500.0	3600.0	3484.617644395194	3615.842512387614	681.1644239414522	885.5304795723459
49	6743.128609241307	0k-3k	1596	1951.4577011838126	1.7518796992481203	5429.156654196722	0.015664160401002505	8150.0	7900.0	8001.713419610655	7861.180740765767	6866.399204326526	6809.986922339476
49	6743.128609241307	3k-10k	8409	6663.993422566594	2.0981091687477704	10271.609339777284	0.031157093590200975	6850.0	6500.0	6859.744518814807	6508.225657400973	1967.840878663249	1939.2185157989325
49	6743.128609241307	10k-30k	23900	19458.13383243774	2.8085355648535564	22654.55874027842	0.07167364016736402	6300.0	5750.0	6236.417554797433	5715.293610108249	1036.166097923151	1447.884233809742
49	6743.128609241307	30k-100k	41312	59571.88736360336	4.706477536793184	60825.650092335105	0.16189000774593337	6050.0	8200.0	6060.544676402141	8172.375733399662	1470.1740108634367	2558.0161788157247
49	6743.128609241307	100k-300k	42387	183008.93980757426	8.232005095902046	162479.48112038223	0.310472550546158	5250.0	7300.0	5235.847114267459	7333.395091490897	2360.3737240182013	3427.7376970266996
49	6743.128609241307	300k-inf	29851	435740.37518361094	10.02864225654082	302600.16298644093	0.38286824561991223	4550.0	5200.0	4562.192666265305	5225.106809459168	3002.3792681998198	3435.2179052407796
49	6743.128609241307	all	147455	161064.19672287488	6.3089891831406195	129322.48712504409	0.22567562985317555	6100.0	6350.0	6116.712221303753	6358.591753023934	737.0801909330094	948.5963300936501
50	4319.961382911644	0k-3k	1587	1872.387339479291	1.8928796471329552	5721.545338800475	0.022684310018903593	3550.0	3500.0	3614.840329507551	3612.002399085022	4288.73260357849	4196.381724168652
50	4319.961382911644	3k-10k	8439	6690.815683948208	2.179997630050954	10572.279438346573	0.03436426116838488	4750.0	4950.0	4707.389119767738	4962.806718181852	1108.5586239003796	1486.0451076231438
50	4319.961382911644	10k-30k	23085	19363.61476198425	2.8102230885856616	21996.487299718614	0.07303443794671864	4450.0	5350.0	4333.5051325965505	5357.836380948313	430.6972638465313	1417.428211552895
50	4319.961382911644	30k-100k	40542	59416.2798563567	4.783607123476888	60499.58683788085	0.16464407281337873	4800.0	9100.0	4720.277265720967	9112.842770528207	545.2487357680593	2331.7228812296453
50	4319.961382911644	100k-300k	42697	182366.96926344515	8.169918261236152	160506.49172146455	0.3073752254256739	5750.0	10300.0	5710.267848024245	10305.620103096157	2027.119591552494	3713.649682077923
50	4319.961382911644	300k-inf	29441	437180.19361814094	10.129818959953806	302029.6573250782	0.38680751333174823	6750.0	9500.0	6730.834964038694	9545.530963201296	2934.5726320744507	3822.335705748189
50	4319.961382911644	all	145791	161689.29291886618	6.360303448086644	128979.59089290322	0.22771638852878437	4450.0	6100.0	4429.4199844486	6101.242833479245	181.33220843598428	771.1896387081351
51	3101.8211018789966	0k-3k	1580	1988.3453059331102	1.8145569620253164	5634.576692832396	0.022151898734177215	3650.0	3700.0	3747.4684683686046	3751.660676915357	4327.86464240651	4245.653327788024
51	3101.8211018789966	3k-10k	8579	6693.661744183504	2.099895092668143	10325.879040778515	0.03730038466021681	3350.0	3250.0	3282.382577799687	3232.919606260886	950.1814740273344	1240.5869573303871
51	3101.8211018789966	10k-30k	23586	19375.170013048693	2.8209955058085305	22409.800697669023	0.07758839989824472	3200.0	3800.0	3165.579313505844	3777.670098665562	738.3258944251147	1531.2854137257523
51	3101.8211018789966	30k-100k	42161	59477.77617787689	4.663124688693342	60513.52067252662	0.164796850169588	3550.0	6200.0	3502.4638775099043	6194.553236775399	1281.9524077286505	2540.526459215659
51	3101.8211018789966	100k-300k	42382	182369.88485285023	8.208248784861498	161640.58719150268	0.31301024019630974	3950.0	6800.0	3867.2413065020914	6835.651779172491	1787.8783919437442	3381.8348949917126
51	3101.8211018789966	300k-inf	29441	434571.516137075	10.23001936075541	302692.23220768786	0.39074759688869265	1950.0	2400.0	1978.9655383504075	2448.8079879346383	2901.241117040553	3323.73247082657
51	3101.8211018789966	all	147729	159404.12686388646	6.316187072274232	128204.81981582448	0.2294945474483683	3300.0	3850.0	3285.6161498304423	3865.894622200829	473.0516905914228	769.5921651257008
52	5895.814864123106	0k-3k	1672	1934.8473001468305	1.8307416267942584	5759.656743767521	0.017942583732057416	6900.0	6800.0	6649.106194583941	6665.781888334237	5092.2224232256585	5350.543364446396
52	5895.814864123106	3k-10k	8454	6662.265575393789	2.1100070972320797	9972.643134873499	0.03347527797492311	4900.0	4600.0	4900.73949595672	4607.131253356976	1345.4082374208692	1456.995758958552
52	5895.814864123106	10k-30k	23618	19395.889057436747	2.8323736133457533	22668.61912588889	0.07354560081293929	5450.0	5800.0	5413.17187682975	5794.5796066687335	993.581758682767	1467.879737140409
52	5895.814864123106	30k-100k	41664	59198.341560339315	4.65454589093702	60101.458737144116	0.16520257296466975	5750.0	7500.0	5690.622291401332	7492.649305441496	1115.5846108041897	2437.8825307096595
52	5895.814864123106	100k-300k	42603	182284.45658490676	8.218271013778372	162038.41760820764	0.31349904936272094	5350.0	9550.0	5322.858307903875	9595.496522892698	2004.904155113877	3655.665143440803
52	5895.814864123106	300k-inf	29442	435221.6855286469	10.105971061748523	303812.24611830857	0.38699816588546976	4350.0	5850.0	4353.461977586968	5862.334687729657	3005.6635259824106	3594.634985900364
52	5895.814864123106	all	147453	159805.16664706686	6.302916861644049	128729.53653065808	0.22843211057082596	5350.0	5800.0	5346.0150292051985	5744.267093457888	621.5392494426342	770.702523644175
53	2780.399134821042	0k-3k	1575	1923.206528999638	1.8425396825396825	5723.480381586295	0.02412698412698413	2750.0	2850.0	3003.8634744621745	3052.1925233356465	3599.05034109821	3645.041005552752
53	2780.399134821042	3k-10k	8577	6680.253482657017	2.0347440830127086	10016.830960314017	0.03719249154716101	2800.0	2850.0	2737.7601118358725	2816.9636491479187	779.9242471282223	1216.6248657823953
53	2780.399134821042	10k-30k	24248	19465.08966557531	2.795941933355328	22472.065340988065	0.07551138238205213	2800.0	3750.0	2776.850167948087	3756.010514639306	808.2588464267824	1497.4012045326444
53	2780.399134821042	30k-100k	41488	59641.5922394747	4.653948129579637	60458.31858093111	0.1615888931739298	3050.0	6300.0	2962.5547903244087	6304.580228754408	855.6156174812304	2624.008924886869
53	2780.399134821042	100k-300k	42679	182338.90761423626	8.206213828815109	162878.40728659165	0.3141123269055039	2700.0	3850.0	2682.931167926597	3901.566866339119	2282.4475114437464	3048.289045092555
53	2780.399134821042	300k-inf	30014	435953.4920610375	10.154627840341174	304915.31031861703	0.3874858399413607	1150.0	2200.0	1240.8414022312315	2234.876335549454	2405.0887941481487	3168.3351058520684
53	2780.399134821042	all	148581	160676.50511326542	6.301256553664332	129567.99234699576	0.22834682765629521	2800.0	3400.0	2786.776911891412	3403.4146336341096	498.36171414006276	744.7339302950782
54	3740.6639421770806	0k-3k	1466	1960.119387851961	1.7796725784447476	5612.932511078327	0.020463847203274217	4000.0	4050.0	3990.6052205989763	3988.7238106805617	4258.970197794837	4242.28156748845
54	3740.6639421770806	3k-10k	8972	6717.390904507973	2.1051047703967902	10446.662181325937	0.040905037895675435	3150.0	2900.0	3148.4942076764046	2884.5863412166873	1127.1878925538417	1308.133155244905
54	3740.6639421770806	10k-30k	24046	19480.760454452087	2.7344672710637945	22248.29049114393	0.07731015553522415	3550.0	3600.0	3519.607222572737	3601.820083983868	805.1908862450346	1552.0848104527008
54	3740.6639421770806	30k-100k	41727	59704.09781639825	4.701248592038728	61026.40858678726	0.1652886620173988	4300.0	6750.0	4244.0537112468355	6743.388139035561	1461.206115270947	2559.10584958419
54	3740.6639421770806	100k-300k	42553	181859.4410971595	8.179540807933636	161926.0948033137	0.3171104269969215	3750.0	5250.0	3720.195134284368	5283.146813628834	2002.3843110535568	3056.4732631500183
54	3740.6639421770806	300k-inf	30082	436085.28301153175	10.100624958446911	304723.2575663373	0.38125789508676283	3150.0	3750.0	3165.753852672607	3779.1394092860173	2961.2816116516756	3336.8648298217845
54	3740.6639421770806	all	148846	160433.14232327888	6.283870577644008	129264.56540773001	0.2292033376778684	3550.0	3750.0	3541.3088424431326	3740.5765823594847	561.7778780294702	803.257610266659
55	9818.914300891347	0k-3k	1563	1958.9516554136446	1.7300063979526552	5126.683971508849	0.010876519513755598	9650.0	9550.0	9361.175938363362	9253.597150860796	7805.777176192416	7606.736098749641
55	9818.914300891347	3k-10k	8589	6713.471912741802	2.1776691116544415	10709.554249013663	0.02992199324717662	8750.0	8650.0	8725.181674208485	8611.42528332686	2160.123603428574	2283.416131691183
55	9818.914300891347	10k-30k	23636	19353.691892156745	2.7635386698256896	21945.497267561936	0.061008630902013875	9650.0	9850.0	9602.753919389532	9859.802743996215	946.6527174552666	1377.613706875667
55	9818.914300891347	30k-100k	41622	59528.29951777246	4.663639421459805	60364.04439379683	0.15390899043774928	9700.0	11850.0	9655.947857177951	11827.26802151321	1191.527433285788	2331.490968672246
55	9818.914300891347	100k-300k	41969	182392.98999327287	8.123924801639305	160468.4595363467	0.306750220400772	8250.0	11900.0	8231.946326683697	11910.599767545056	2276.0984765534977	3738.317179757849
55	9818.914300891347	300k-inf	29160	434977.24989370373	10.19619341563786	303837.3040667257	0.3944787379972565	11600.0	14850.0	11542.443812675647	14902.795575670572	2804.009862649311	4281.845483527133
55	9818.914300891347	all	146539	159238.445736055	6.272125509250097	127786.93701017209	0.22177713782679015	9550.0	10400.0	9513.52472584473	10394.549977659603	670.5644956923497	948.6106049950613
56	7160.610558956335	0k-3k	1565	1947.7685572811852	1.8031948881789137	5230.765800237855	0.017891373801916934	5050.0	4850.0	5040.572268970756	4777.837958524699	5088.438722388055	4775.141941281077
56	7160.610558956335	3k-10k	8630	6726.481874627702	2.0911935110081115	10094.648149577994	0.029432213209733486	6900.0	6750.0	6840.9244557655475	6797.4989737292335	1602.5032225376208	1793.5632253605254
56	7160.610558956335	10k-30k	23761	19395.86359970296	2.789907832161946	22760.88505483935	0.0686839779470561	7150.0	7500.0	7103.352588934828	7483.391623202991	839.2433446340083	1405.5350422337306
56	7160.610558956335	30k-100k	41916	59754.11310694111	4.681744441263479	60759.85166184527	0.15834049050481916	7700.0	11500.0	7632.704368507954	11477.477162017654	1017.2454031567504	2344.3704332523757
56	7160.610558956335	100k-300k	42144	181983.86362389257	8.09092634776006	160799.60851148496	0.3034358390280942	8800.0	12750.0	8804.853151614836	12799.374665098341	2176.5696588559777	3760.4663599368214
56	7160.610558956335	300k-inf	29147	435851.91515632573	10.155590626822658	303518.3313237635	0.39005729577658077	9400.0	12000.0	9422.359415966235	12021.163633476355	3412.959979967556	4252.419377685759
56	7160.610558956335	all	147163	159006.81581633986	6.254214714296393	127792.46004944132	0.22225695317437127	7400.0	8200.0	7351.616484055574	8184.224181378309	476.4921465748912	759.1096460569615
57	3984.6780800197803	0k-3k	1545	1896.9624849917882	1.8122977346278317	5691.33351542113	0.02912621359223301	2400.0	2300.0	2610.3799327458737	2520.3193623171037	3478.088205967818	3399.5865341843646
57	3984.6780800197803	3k-10k	8395	6695.9837983539355	2.2025014889815364	10931.372100674183	0.038951756998213224	4150.0	4300.0	4121.102836720156	4278.543012951981	1194.8761187921687	1443.2447637561932
57	3984.6780800197803	10k-30k	23746	19405.84124440641	2.803714309778489	22419.069162338055	0.07879221763665459	4050.0	3950.0	3976.581380052334	3934.9031009558234	815.671910521387	1538.801744370956
57	3984.6780800197803	30k-100k	41556	59308.14219417087	4.65297429974011	60252.144972164075	0.1636346135335451	4300.0	6500.0	4277.1071321212585	6483.144301499669	1329.3925221889385	2503.138310947812
57	3984.6780800197803	100k-300k	43136	182588.60226453055	8.236368694362017	161522.15439448232	0.3151891691394659	4850.0	8300.0	4781.667353143436	8316.001780833541	1920.2842102825862	3448.5573018630967
57	3984.6780800197803	300k-inf	28895	435947.885995116	10.079529330333967	301060.9143877716	0.38401107458037725	5100.0	7700.0	5062.705350132875	7723.938188914916	2541.1047339177476	3749.4644932224674
57	3984.6780800197803	all	147273	159278.48259591914	6.299579692136373	127676.75069465322	0.22906439062149886	4150.0	4800.0	4145.648124855112	4815.35021753588	504.8651132413024	836.2883865030744
58	6467.5073459710065	0k-3k	1556	1858.2127182044994	1.8528277634961439	5642.629095712448	0.021850899742930592	5450.0	5350.0	5171.726917167796	5095.776482065157	4859.590309422592	4963.134013744781
58	6467.5073459710065	3k-10k	8586	6749.57851621482	2.163754949918472	10296.668156037265	0.03051479152108083	7500.0	7500.0	7474.6932757330815	7546.440754408259	1834.978841578285	2041.3384310278352
58	6467.5073459710065	10k-30k	23936	19564.104440477902	2.795162098930481	22633.183991121652	0.06926804812834225	6650.0	6900.0	6621.289049658204	6900.246641542201	800.7297964277777	1430.6488536534443
58	6467.5073459710065	30k-100k	41421	59624.89202712907	4.594432775645204	60129.63478769156	0.15834962941503103	6950.0	9050.0	6892.05269187651	9040.823056438252	1188.3822151695467	2501.2383092954997
58	6467.5073459710065	100k-300k	43088	182488.95030021004	8.150738024507984	162097.26760969803	0.30637300408466395	7850.0	10900.0	7846.773858452666	10905.896323573186	2314.8263269580675	3630.925472076904
58	6467.5073459710065	300k-inf	29989	436827.91874128184	10.24722398212678	303274.1012321692	0.38994297909233383	7300.0	8250.0	7293.990537872571	8299.584978198847	3191.7635417208976	3699.950336837558
58	6467.5073459710065	all	148576	161277.51899593804	6.307714570320913	129286.6863210163	0.22485461985785052	6850.0	7650.0	6832.307184583223	7629.226596901645	485.31818859164923	910.3268299536121
59	3220.6034054810593	0k-3k	1607	1894.4708045329353	1.7822028624766646	5256.905270616852	0.02862476664592408	2300.0	2250.0	2450.055543838203	2422.4046340725336	3202.500901141085	3194.5193319409714
59	3220.6034054810593	3k-10k	8382	6630.267018888781	2.1321880219518015	10613.251795793576	0.04294917680744453	2700.0	2700.0	2677.290229058567	2688.5105101061645	1143.1623527707898	1385.9768334676396
59	3220.6034054810593	10k-30k	24072	19489.477826845607	2.807618810235959	22589.179315649624	0.0769774011299435	3800.0	4100.0	3783.5793629216405	4103.96291214087	954.3620903048209	1483.8622872737278
59	3220.6034054810593	30k-100k	41469	59767.43952027785	4.710820130700041	61124.04243985572	0.16761918541561166	3800.0	6150.0	3718.8980727072076	6144.739470773015	1178.599521590239	2578.575293343589
59	3220.6034054810593	100k-300k	42281	182097.7692679316	8.047420827321965	162055.74971142088	0.30458125399115443	3100.0	4900.0	3089.8338881105333	4946.136632873992	2150.1993705944906	3282.6927439185006
59	3220.6034054810593	300k-inf	29555	435870.5505955686	10.122280493994248	301935.3272003679	0.3881238369142277	5150.0	6150.0	5170.659088833694	6168.564570692322	3058.0610885945334	3648.010554917204
59	3220.6034054810593	all	147366	160061.99447443025	6.263934693212817	128601.61443414609	0.2277255269193708	3350.0	3800.0	3350.831475767358	3815.8161878936517	548.7414532202711	820.5913395661364
60	8605.409270704919	0k-3k	1675	1915.423514959561	1.8889552238805971	6174.705110981687	0.022686567164179106	6000.0	5950.0	5976.436667685113	5928.800816278472	5939.385690629408	5927.087678318971
60	8605.409270704919	3k-10k	8488	6679.240084814702	2.1160461828463712	10150.503590372793	0.02945334590009425	7950.0	7900.0	7970.895656107995	7867.673296499336	1971.2268655624566	2015.9827067991037
60	8605.409270704919	10k-30k	23794	19407.775200499484	2.7568294528032276	22055.553894259716	0.061275951920652265	9050.0	9550.0	8991.54597755125	9553.903555187391	753.4291920110445	1353.2753578419797
60	8605.409270704919	30k-100k	41995	59626.10893892602	4.70846529348732	61370.845141579885	0.15770925110132158	9200.0	11850.0	9166.845037330859	11864.841840415023	1112.1439138748992	2304.8715776422832
60	8605.409270704919	100k-300k	42453	182536.15123591037	8.212988481379409	161689.4836668454	0.3091418745436129	9850.0	13200.0	9831.4980114396	13230.86426316627	2148.7070811181984	3825.698039205763
60	8605.409270704919	300k-inf	30093	437108.3873790978	10.129864087993885	304476.57745742827	0.3835111155418204	6600.0	7600.0	6632.829591662514	7649.016723612834	3181.268105830035	3743.4197997550928
60	8605.409270704919	all	148498	161138.86181669545	6.316293822139019	129465.55436538956	0.2224541744669962	8900.0	9450.0	8899.74301846632	9384.384777455458	608.0733901207423	649.2200206576072
61	8474.498837258378	0k-3k	1590	1942.2683816410859	1.7540880503144654	4948.40258815486	0.018238993710691823	5450.0	5450.0	5753.046577376557	5744.2218762624025	6833.309899400481	6857.129881958791
61	8474.498837258378	3k-10k	8491	6690.386823249843	2.1323754563655637	10206.090018302732	0.028029678483099753	7950.0	7850.0	7931.233886309539	7808.708430204031	1794.0720792188795	2099.3578781192828
61	8474.498837258378	10k-30k	23591	19496.40408733482	2.7802975711076257	22195.765999113202	0.06404984951888432	8350.0	8700.0	8350.316990760415	8702.286830320316	897.2864109165002	1365.8065460268554
61	8474.498837258378	30k-100k	41207	59536.42550200119	4.710389011575703	60465.16844350325	0.1586380954692164	8200.0	9700.0	8144.911223081963	9683.708762349619	1358.0496640953925	2455.57837991431
61	8474.498837258378	100k-300k	41700	182109.80210713524	8.211870503597122	160693.56740266932	0.3058273381294964	7950.0	11500.0	7946.7271138520855	11510.848971808684	2291.198352976897	3808.6960248457162
61	8474.498837258378	300k-inf	28720	435745.4584776485	10.091956824512534	300660.69604115054	0.38777855153203344	7050.0	7350.0	7047.594627040832	7369.103686592332	3306.111559677496	3791.5270728070036
61	8474.498837258378	all	145299	158856.8520848313	6.282644753232988	126949.48577203041	0.22164639811698636	8200.0	8750.0	8159.6468893982765	8725.719618882336	688.9455808138873	958.7518528895198
62	2945.0446387609263	0k-3k	1545	1908.2764031173583	1.8699029126213593	5880.601176237063	0.016181229773462782	3850.0	4550.0	3493.584873257908	4358.762607609458	2416.83061249333	3371.0638399680424
62	2945.0446387609263	3k-10k	8344	6730.308321430325	2.1255992329817834	10118.791642517654	0.038350910834132314	2700.0	2450.0	2646.311795573255	2433.8403149774404	1016.7910822400222	1229.734807069387
62	2945.0446387609263	10k-30k	23530	19459.16266429117	2.8407139821504463	22248.52277670513	0.07637059073523161	3300.0	4100.0	3282.872112644128	4068.862104455749	973.7546942552167	1511.773292729617
62	2945.0446387609263	30k-100k	40708	59592.67283035802	4.728112410337035	60633.814513952195	0.16787854967082638	3150.0	5550.0	3079.67635286557	5525.098552260539	1127.9376187572502	2560.1052613392567
62	2945.0446387609263	100k-300k	42263	182934.01663799444	8.303953813027944	162580.03499431678	0.3106736388803445	3550.0	6500.0	3519.2022826741754	6521.90849676638	2115.296353955405	3292.7207285819086
62	2945.0446387609263	300k-inf	30296	436391.23393822886	10.17837338262477	302324.20514846337	0.3924940586216002	4300.0	5350.0	4271.340412918862	5380.282885656102	2702.51723093827	3389.7169780647982
62	2945.0446387609263	all	146686	162899.85255109527	6.403153675197361	130316.73047594826	0.2317671761449627	3100.0	3450.0	3092.3912515609527	3429.6405542468683	524.2053364435119	496.91547359395736
63	706.524552686395	0k-3k	1581	1925.8765458067069	1.8785578747628084	5871.43136638611	0.03099304237824162	600.0	300.0	643.7737818300864	465.6583876454376	1288.520158114317	1114.8185742973228
63	706.524552686395	3k-10k	8119	6690.092006230993	2.1710801822884593	10351.440983996888	0.04409410025865254	800.0	1250.0	700.7218709756983	1219.0708873406202	623.2724139430661	1282.3650089780454
63	706.524552686395	10k-30k	23168	19488.66371708028	2.8393905386740332	22548.921645158745	0.0853332182320442	450.0	550.0	419.1209181684859	610.0858339722295	708.1077107903518	1312.675983405786
63	706.524552686395	30k-100k	41518	59306.88454870367	4.62170624789248	59746.088565794	0.16609663278577966	450.0	3750.0	420.0444988350632	3752.7213177778463	748.0972403541219	2506.9868459137338
63	706.524552686395	100k-300k	43274	182586.16967991926	8.153671950824975	162015.5220693176	0.3076674215464251	1650.0	4100.0	1617.5850232516527	4116.916946586139	1767.250841986726	3128.3162942618255
63	706.524552686395	300k-inf	29601	435456.6321886831	9.976385932907672	300687.27988009923	0.38377081855342726	1600.0	3050.0	1603.6449186042482	3078.213801868115	2456.207058388315	3241.3540581635293
63	706.524552686395	all	147261	161362.23397677552	6.290986751414156	129076.81923827401	0.2305702120724428	650.0	1350.0	633.1720611511048	1364.754441142026	385.2863962548095	706.3901413378416
64	6476.443163200393	0k-3k	1525	1892.2418432630168	1.8518032786885246	5875.147200734375	0.02098360655737705	6000.0	5750.0	5999.040776770505	5808.70824601715	6009.8469166496125	5849.835610043767
64	6476.443163200393	3k-10k	8903	6649.661782422189	2.092553071998203	9997.315062364967	0.032460968212961926	5950.0	5650.0	5825.268124739728	5601.278040336966	1282.2847654375337	1375.6327862261596
64	6476.443163200393	10k-30k	23566	19494.60670655235	2.8304761096494953	22851.182259627538	0.072392429771705	6050.0	6100.0	6038.258776078774	6067.033769895796	917.0868922134068	1433.9093108938278
64	6476.443163200393	30k-100k	40813	59634.262112378376	4.722465880969299	60490.51426191096	0.16379584936172298	6150.0	8000.0	6135.753133254507	7978.692162661598	1432.1530054244477	2536.7750942408547
64	6476.443163200393	100k-300k	42094	181984.13127211033	8.173088801254336	160139.92170874658	0.30553047940324035	4550.0	6100.0	4546.30473550639	6123.762794163072	2355.184774092554	3280.906823696936
64	6476.443163200393	300k-inf	28620	434390.8537146131	10.142592592592592	300213.74207125226	0.38787561146051713	4250.0	4900.0	4275.9263229093385	4925.1968344962	2959.1490902988917	3392.25186680508
64	6476.443163200393	all	145521	158383.02996804193	6.289222861305241	126705.58323314384	0.22453116732292933	5850.0	6000.0	5838.120221502328	6010.375536791826	675.3220508371032	778.6156069648696
65	4548.232091917429	0k-3k	1480	1924.440684523686	1.9114864864864864	5498.0604186107375	0.027702702702702704	2550.0	2600.0	2740.2323581418436	2804.2245831116065	3592.084798606454	3649.1639323116324
65	4548.232091917429	3k-10k	8762	6646.8278231726135	2.0898196758730885	10282.14298449846	0.03652134215932436	4350.0	4400.0	4290.6366514181445	4389.886372000111	1178.0759380189274	1467.8114010624613
65	4548.232091917429	10k-30k	23923	19388.49089311006	2.7988964594741463	22584.20758463052	0.07662082514734773	4150.0	4700.0	4101.905848283821	4704.315199631271	921.636309299327	1537.6717955364452
65	4548.232091917429	30k-100k	42160	59431.2497633623	4.682685009487666	60623.444624429016	0.1620256166982922	4850.0	8200.0	4777.429666914576	8187.311706840897	760.2748339062819	2488.3098223449415
65	4548.232091917429	100k-300k	42841	182692.8940433582	8.159356691020283	160898.88050894352	0.3084428468056301	4450.0	7850.0	4352.783191731391	7861.005132231046	1690.101164352604	3372.488541323468
65	4548.232091917429	300k-inf	29169	434591.29477912956	10.088724330624979	302210.17379346205	0.38390071651410745	6600.0	8350.0	6619.937802822757	8378.926403485944	3083.4554139387355	3768.551162990647
65	4548.232091917429	all	148335	158653.58672183167	6.265230727744632	127432.0503517572	0.22541544477028347	4450.0	5350.0	4427.03946705805	5344.239649111686	530.6798160192202	838.3755646744758
66	743.9507075403428	0k-3k	1547	1938.22642148604	1.8054298642533937	5425.229619566852	0.028442146089204912	700.0	700.0	684.8744040122963	750.7246867394138	1244.3539497208371	1525.144845375698
66	743.9507075403428	3k-10k	8758	6683.861100332381	2.0860927152317883	10074.373287349332	0.05275176981045901	700.0	450.0	668.639626840741	521.7818420925512	1034.609597846227	1105.5560147179199
66	743.9507075403428	10k-30k	24097	19352.306876303846	2.86815786197452	22792.642190933475	0.0899697057725028	400.0	700.0	394.9985432123158	744.5251950091795	701.7644535764529	1428.9846759917057
66	743.9507075403428	30k-100k	42133	59349.08563503608	4.62181662829611	59980.55142122946	0.16602188308451807	1450.0	3500.0	1323.7548373248476	3495.0995379865335	922.9519518810237	2740.6405024537926
66	743.9507075403428	100k-300k	41266	183181.36452597813	8.282072408278001	163206.2467044965	0.31352687442446564	0.0	550.0	332.88876477488714	850.0422693609712	1008.2357905385359	2075.275811491243
66	743.9507075403428	300k-inf	29877	435363.85307245876	10.121464671821133	301450.8051382331	0.3887940556280751	0.0	0.0	124.63143610347755	175.24221940724667	458.5619259164716	629.1730812901919
66	743.9507075403428	all	147678	159772.96064698114	6.2912214412437875	128078.20897493468	0.23174067904494913	450.0	600.0	442.76852529781496	588.1555779313303	561.9679260839414	806.7914897528594
67	1684.8423638674326	0k-3k	1493	1880.8497501331533	1.8727394507702613	5497.889768044324	0.024112525117213665	1250.0	1000.0	1155.697991695677	950.5512343217819	1489.5658962315101	1541.5485324220672
67	1684.8423638674326	3k-10k	8496	6700.722988480812	2.131120527306968	10216.098329369319	0.04460922787193974	1400.0	1250.0	1383.023898032323	1240.7434801905622	972.3242896926979	1270.1847716955053
67	1684.8423638674326	10k-30k	23277	19342.485438372347	2.829144649224556	22794.155585492008	0.08970228122180693	1400.0	1150.0	1353.8706770782758	1126.3085112333092	957.0813325835529	1645.3241036362215
67	1684.8423638674326	30k-100k	41267	59941.84212379021	4.70722368963094	60158.881925132744	0.16378704533889063	2700.0	5550.0	2627.6318800743757	5530.599991126588	1246.9366841863966	2621.8621666384315
67	1684.8423638674326	100k-300k	42578	182010.02639410386	8.129315608999953	160225.6135054085	0.3107943069190662	1550.0	1800.0	1576.9231618570586	1817.8818194882472	2237.779143008218	2822.445431745726
67	1684.8423638674326	300k-inf	29421	436222.8716929299	10.231467319261752	303111.808065585	0.3934944427449781	0.0	0.0	402.6129072461703	636.5073061775691	1247.7522321885951	1782.5647491570805
67	1684.8423638674326	all	146532	160834.00551104447	6.334172740425299	128627.87062026603	0.23252258892255617	1500.0	1450.0	1481.442141952232	1460.619481132327	538.7160730032922	725.6076117627981
68	945.8063181866527	0k-3k	1473	1898.4156701776226	1.9416157501697218	5988.322958750216	0.02987101154107264	900.0	800.0	827.9142359025105	806.0670931104355	1319.5904944352455	1452.0959016169986
68	945.8063181866527	3k-10k	8448	6626.5025035407425	2.1111505681818183	10095.835054119563	0.04616477272727273	950.0	750.0	919.878794367322	733.0896830240741	983.2144682289249	1209.0302532565152
68	945.8063181866527	10k-30k	23596	19401.693612894822	2.80136463807425	22257.202346078644	0.08501440922190202	750.0	1450.0	738.189764298988	1454.4084315663372	902.8649707829699	1629.170898418287
68	945.8063181866527	30k-100k	41727	59693.814323604136	4.7168260359000165	61154.33307274222	0.1721427373163659	1150.0	3350.0	1063.6683583844206	3327.752593747959	1101.9641462579368	2589.155261366718
68	945.8063181866527	100k-300k	43373	182517.28827339283	8.209277661217808	162889.9941241983	0.31182994028543104	0.0	150.0	298.4679421722366	629.3493134039411	889.4349905639058	1701.4195867937826
68	945.8063181866527	300k-inf	29716	435754.34245942766	10.020022883295194	302624.5917762398	0.38494413783820164	100.0	1050.0	605.383700008042	1206.7388696814533	1648.2384789820437	2592.3544162424037
68	945.8063181866527	all	148333	160939.38366384554	6.319773752300567	129633.31356684907	0.23317131049732695	800.0	1100.0	779.6610911720298	1099.7715444211565	550.3687967577738	750.005465151806
69	9238.985966015824	0k-3k	1632	1886.362942066639	1.8308823529411764	5317.393482583945	0.015931372549019607	8800.0	8750.0	8994.340192344502	8896.27125401506	7558.8005501335765	7507.530584925782
69	9238.985966015824	3k-10k	8494	6693.361731491057	2.0740522721921355	10093.286629411023	0.02660701671768307	9850.0	9350.0	9937.280457591543	9441.217875310942	2772.9347903052058	2699.844953941024
69	9238.985966015824	10k-30k	23080	19501.617117453385	2.8202339688041596	22578.31362530172	0.06221837088388215	9250.0	9450.0	9213.297686321199	9409.785880675066	813.9493384252728	1218.113843871015
69	9238.985966015824	30k-100k	40846	59696.58442952464	4.7943250257063115	61494.7982127056	0.15903638055133917	9200.0	12000.0	9122.854090603869	12010.233020022337	1183.1743420596486	2329.536591744356
69	9238.985966015824	100k-300k	42698	181606.8991189929	8.130076350180337	159843.83075283357	0.3040423439036957	8550.0	12150.0	8499.87740423998	12171.822793856272	2090.140869301282	3773.2794223396977
69	9238.985966015824	300k-inf	28950	435732.3206485606	10.1506390328152	303922.8482322118	0.38466321243523316	7600.0	10150.0	7638.264095840021	10212.011393912415	3276.568141063535	4102.721192866791
69	9238.985966015824	all	145700	160034.98991699735	6.331667810569663	128695.35148159883	0.22170212765957448	9150.0	10000.0	9122.556169665953	9920.881238064825	650.0864978514237	689.3223584722728
70	1905.4451599120648	0k-3k	1573	1926.0016395108214	1.856325492689129	5677.857194285372	0.027972027972027972	3400.0	3450.0	3474.2553194797088	3537.3856955831634	3943.0955008125984	4063.023300376881
70	1905.4451599120648	3k-10k	8408	6769.143427151123	2.132373929590866	10220.360792089643	0.04019980970504282	2150.0	2450.0	2062.4213635940323	2440.5606792334556	649.5672454969085	1178.6893233847309
70	1905.4451599120648	10k-30k	23934	19435.357439652056	2.8401019470209743	22676.573227549186	0.08251859279685803	2250.0	3050.0	2189.256389054524	3062.9783092329058	693.0519912238624	1555.1328205024747
70	1905.4451599120648	30k-100k	40761	59441.009538012375	4.750423198645764	61040.52720981181	0.17013812222467556	2700.0	5200.0	2666.8126705948143	5212.91469752612	1354.4309571290514	2591.565223764923
70	1905.4451599120648	100k-300k	42173	183038.5109229751	8.272947146278424	162182.31914209254	0.3142769070258222	0.0	0.0	285.0743960640036	520.305453615036	907.8464106282709	1497.7975572389676
70	1905.4451599120648	300k-inf	29146	436690.0477896515	10.223426885335895	303645.9379268919	0.387188636519591	1400.0	1850.0	1436.10352240829	1902.8058839057912	2586.192692789889	3069.919539209636
70	1905.4451599120648	all	145995	160245.46489459096	6.3654440220555495	128877.41051495231	0.23172711394225828	2100.0	2650.0	2088.919916579983	2662.9264593689095	467.3023681737229	791.513236894803
71	4722.417960774098	0k-3k	1640	1926.876054175148	1.8408536585365853	5815.825541159409	0.02926829268292683	3000.0	2900.0	3143.0717359861055	3082.074987720179	3673.104983321222	3663.082739620684
71	4722.417960774098	3k-10k	8493	6673.126570254853	2.123160249617332	10199.74463900732	0.03614741551866243	4350.0	4050.0	4307.319635587628	4037.409437439359	1180.079927909656	1319.1195582824653
71	4722.417960774098	10k-30k	24101	19384.46912616825	2.800464711007842	22379.410964285897	0.07734118916227542	4600.0	4550.0	4557.370622063954	4546.712586234752	974.9708906944816	1474.5416958333099
71	4722.417960774098	30k-100k	41504	59312.39618118406	4.658538936006168	60028.06751592923	0.16005686198920585	4950.0	8950.0	4896.752652154399	8920.01787067763	891.5086739033859	2422.8748040031223
71	4722.417960774098	100k-300k	41644	182116.55747995005	8.129646527711074	160432.89056644525	0.30662280280472576	4200.0	6950.0	4178.262649665572	6989.606143922888	2249.73438272372	3397.6862069804474
71	4722.417960774098	300k-inf	29373	436577.5549866937	10.205733156300003	304800.31216192694	0.38664760153882816	4950.0	6800.0	4961.162422297289	6835.359941774825	2855.2231029166705	3665.282900398329
71	4722.417960774098	all	146755	159424.72940971592	6.270430309018432	127838.24978242171	0.22478280126741848	4600.0	4950.0	4582.714354848262	4869.393809600357	586.6661914322012	583.0664380427461
72	3183.8759549746665	0k-3k	1506	1924.393812573758	1.7915006640106241	5052.712018123372	0.020584329349269587	2450.0	2500.0	2616.5741915304716	2651.893516983777	3153.876203899641	3315.004037111108
72	3183.8759549746665	3k-10k	8450	6693.643729451554	2.1079289940828403	10173.950850023992	0.04402366863905326	2850.0	2400.0	2794.282100577867	2383.199101935744	1194.284382722864	1352.4026204149006
72	3183.8759549746665	10k-30k	23766	19442.298517427855	2.8454935622317596	22616.69253684162	0.08091391062862914	3150.0	3300.0	3149.4340108629904	3266.585674172005	1021.3183473724207	1544.4072670756746
72	3183.8759549746665	30k-100k	41822	59664.601559709394	4.679259719764717	60589.51079592291	0.16598919229113865	3550.0	6850.0	3473.459202561238	6831.745617555633	1122.6900461230375	2437.7449923141567
72	3183.8759549746665	100k-300k	41952	183025.02029948673	8.189287757437071	161494.9634402992	0.30878146453089245	3550.0	6500.0	3522.3331778725715	6509.229195820659	1906.3454861556352	3361.8758485439466
72	3183.8759549746665	300k-inf	28558	435429.7189671197	10.126584494712516	301683.50530937855	0.38959310876111775	4800.0	6300.0	4834.83316618812	6351.96851956946	2951.545067551044	3522.439177919665
72	3183.8759549746665	all	146054	158366.67003613754	6.275651471373601	127045.99911808188	0.2283265093732455	3250.0	3650.0	3231.3684107952467	3624.218104430121	585.5287800948108	770.3425380805879
73	4515.395038770944	0k-3k	1592	1907.1220881564534	1.8027638190954773	5541.758375017429	0.017587939698492462	4100.0	3950.0	4085.113610569465	3898.615888387284	4178.271367766019	4008.6477685577483
73	4515.395038770944	3k-10k	8631	6662.070962028821	2.070327887846136	10289.491361361006	0.03556945892712316	4300.0	4300.0	4252.779626062027	4301.024667693799	1151.062819099639	1460.305576084973
73	4515.395038770944	10k-30k	23905	19455.243817235896	2.7608450115038696	22473.697633030548	0.07036184898556787	5100.0	5650.0	5017.33074828096	5622.308170260661	745.3340582567635	1466.1076376222409
73	4515.395038770944	30k-100k	41680	59435.86787820664	4.699448176583493	60657.56283904381	0.16655470249520155	4600.0	8000.0	4514.426586913917	8007.878281096011	1082.4030949101489	2432.524553643889
73	4515.395038770944	100k-300k	42671	182251.63293017173	8.13369735886199	161264.70843543758	0.3070000703053596	4650.0	7450.0	4604.088656318382	7483.551725959057	2116.812778166948	3447.339902696116
73	4515.395038770944	300k-inf	29145	435116.5550515084	10.09233144621719	302530.4376936329	0.385040315663064	4750.0	6300.0	4747.511768371717	6324.208519437387	3038.7585789925643	3669.851917838708
73	4515.395038770944	all	147624	158925.59797317418	6.257952636427681	127768.16791681139	0.22544437218880398	4650.0	5500.0	4660.366648307636	5477.2906818365755	544.3969879158003	818.1577461808729
74	56.08313531250353	0k-3k	1586	1899.1559496922523	1.7654476670870114	5464.486694360529	0.02395964691046658	350.0	250.0	364.2796735380824	393.41840871727373	712.7605074627978	919.994437657907
74	56.08313531250353	3k-10k	8492	6625.0029137503725	2.1610927932171458	10534.844979762967	0.04839849269901084	500.0	400.0	507.34540076577474	458.9301412066013	887.9482283872281	999.7764927132276
74	56.08313531250353	10k-30k	23429	19401.422251574782	2.8002475564471383	22641.663799397513	0.08754108156558112	0.0	0.0	173.44524025598562	307.85119896753474	490.55811603590496	876.0566265497785
74	56.08313531250353	30k-100k	40947	59623.15305187013	4.748772803868415	60746.43144836482	0.1709282731335629	250.0	3450.0	259.5735901637564	3430.249580976471	516.3031659008785	2621.2738971465405
74	56.08313531250353	100k-300k	41862	182489.77771476834	8.23708852897616	161665.8803108484	0.3121446658066982	0.0	1550.0	361.80154587458776	1609.6057183526098	1060.3649087354527	2736.8386177414714
74	56.08313531250353	300k-inf	29548	436440.62530175224	10.206443752538243	303039.08400061453	0.39755651820766214	2550.0	3700.0	2530.9216066040553	3743.93368592978	2676.456513430507	3310.0141744218367
74	56.08313531250353	all	145864	161044.20163397864	6.359403279767455	129146.60358114801	0.23523967531399112	300.0	750.0	290.7413816128601	742.1961453011306	443.78180317403076	681.7224315045125
75	3591.243235761593	0k-3k	1533	1909.5977521922964	1.8382257012393999	6203.410650955459	0.024135681669928244	4400.0	4350.0	4366.691735354357	4316.659582539416	4682.360259863501	4689.850730034478
75	3591.243235761593	3k-10k	8906	6734.411172134107	2.0917359083763754	10271.238303401675	0.03896249719290366	3750.0	3450.0	3723.01160450187	3454.6950901241416	1088.0888155762282	1300.9408893086652
75	3591.243235761593	10k-30k	23384	19456.976385520727	2.8378806021211083	22419.426851138218	0.07654806705439617	3500.0	3800.0	3454.2533590384364	3765.8283228112505	734.4680025736689	1547.9537754788134
75	3591.243235761593	30k-100k	41727	59542.90514323578	4.67112421214082	60458.97075527159	0.16373091763126993	4350.0	5800.0	4293.560649622032	5784.587408401745	1348.296460295781	2647.6695084943703
75	3591.243235761593	100k-300k	42553	182254.43478620553	8.199045895706531	161598.382059501	0.3086973891382511	3650.0	5900.0	3646.385376790934	5946.463008365463	2288.2492790259544	3383.4361214616774
75	3591.243235761593	300k-inf	29014	434795.472148413	10.129006686427243	302636.41377308365	0.3916385193354932	4200.0	4900.0	4215.518265702459	4932.389155867913	3121.9282428072793	3570.7812653878404
75	3591.243235761593	all	147117	158873.96840837845	6.290890923550643	127824.80398621804	0.2277439045113753	3650.0	4050.0	3642.9756487310938	4050.1861181627323	421.4240069369512	823.6133093389553
76	422.35086205341446	0k-3k	1562	1890.3708790025792	1.8111395646606914	5377.223392267967	0.03201024327784891	0.0	0.0	125.38264664933453	284.28886419099615	345.7283728759907	808.2532851796899
76	422.35086205341446	3k-10k	8553	6713.125197093169	2.057757511984099	10109.073499336826	0.04477960949374488	650.0	950.0	549.3576671165645	926.1870720238887	669.4168595992522	1322.556471256997
76	422.35086205341446	10k-30k	24001	19468.271384962736	2.7654264405649767	22274.08285368747	0.08245489771259532	800.0	1800.0	737.7950868063646	1804.0344475692248	650.5398796056913	1585.5468311635257
76	422.35086205341446	30k-100k	41520	59523.75271213855	4.655154142581888	60446.557686830485	0.17039980732177265	1050.0	2750.0	1011.9461334848272	2754.3295690103973	1391.8675278610192	2601.996117086825
76	422.35086205341446	100k-300k	42601	182224.2075136519	8.207765075937184	161944.192895201	0.31356071453721746	350.0	2700.0	596.0594521309529	2729.3335366247697	1463.488072776064	3052.9889642569206
76	422.35086205341446	300k-inf	30078	437229.6313817435	10.11998803111909	303431.04892988596	0.389354345368708	1200.0	1700.0	1290.7222362101065	1781.6347871833295	2551.521379726162	3082.4628477652936
76	422.35086205341446	all	148315	161231.03280336707	6.29829754239288	129216.782642003	0.23299059434312105	400.0	1150.0	346.5456453883596	1158.9254564310177	301.8860684873514	719.2714610099497
77	3071.8780724888097	0k-3k	1619	1890.925256090456	1.8857319332921556	5707.726373206198	0.024088943792464484	2700.0	2550.0	2904.7755724474146	2694.7671368089673	3513.827591421205	3250.3881663108036
77	3071.8780724888097	3k-10k	8555	6673.930525096868	2.1233196960841614	10284.79797339957	0.039392168322618354	3200.0	3300.0	3180.92484907228	3288.5950582540904	975.2340097612405	1252.3897494548642
77	3071.8780724888097	10k-30k	23298	19442.074920923445	2.827839299510688	22569.89168769076	0.08107992102326379	3200.0	3700.0	3134.537280542014	3700.691566622431	789.9896007061807	1525.3916437764642
77	3071.8780724888097	30k-100k	41208	59466.13029040978	4.684721413317803	60560.29717979832	0.163075131042516	3650.0	7650.0	3560.7718499758685	7643.916422409631	827.827810285622	2479.575285013855
77	3071.8780724888097	100k-300k	42852	182825.2806594004	8.256790814897787	162385.47022609127	0.3116774012881546	2900.0	5700.0	2926.1731340784363	5730.792991478585	2179.425217754607	3275.5341090496086
77	3071.8780724888097	300k-inf	29888	437334.7511294992	10.107233672376873	303233.3945944348	0.386978051391863	1350.0	2650.0	1437.314449328161	2689.940170909078	2606.7511991582915	3315.1549931069385
77	3071.8780724888097	all	147420	161912.14632154247	6.349572649572649	129834.5623806304	0.23000271333604666	3200.0	3900.0	3204.795971069516	3907.372530280131	524.7658552316193	759.5878668803698
78	3205.114266725634	0k-3k	1644	1941.2529305488406	1.8667883211678833	5848.826575751091	0.030413625304136254	2200.0	2150.0	2318.6313865206703	2194.845103498429	2856.4768550491694	2650.9685995882473
78	3205.114266725634	3k-10k	8387	6644.34240924542	2.1606056992965303	10495.440602681387	0.038869679265529984	3150.0	3200.0	3105.3789489243227	3175.2932452443692	917.9005163592128	1327.020879549435
78	3205.114266725634	10k-30k	23533	19398.29256543639	2.848595589172651	22761.46382199287	0.08073768750265585	3000.0	3150.0	2941.738544536331	3127.379521803144	837.3262728407399	1555.9051342101998
78	3205.114266725634	30k-100k	42296	59508.63336706593	4.684272744467562	60499.70990851715	0.1644127104217893	3150.0	5850.0	3126.35623569348	5865.974356175744	1516.759856803567	2561.8567645255353
78	3205.114266725634	100k-300k	42636	182346.0599821213	8.226920911905433	161596.54163408728	0.3089642555586828	4050.0	6550.0	4030.2943975239828	6594.6488487103015	2266.3133858680267	3345.714772799908
78	3205.114266725634	300k-inf	29693	435284.70263208315	10.090560064661705	304643.1247157879	0.38857643215572696	3650.0	5750.0	3666.591881784544	5769.2856752601865	2792.2853437991957	3509.3884968700727
78	3205.114266725634	all	148189	160145.55725520902	6.321211425949294	129076.92501424301	0.22903859260808831	3150.0	3700.0	3103.963810874751	3719.824490934443	516.0830180999183	789.9242476008139
79	5667.388039471364	0k-3k	1570	1951.7905571015733	1.8165605095541402	5594.171931728032	0.016560509554140127	4900.0	4900.0	4850.607715570182	4795.432889492295	4742.478564740337	4678.406810379384
79	5667.388039471364	3k-10k	8740	6765.192885602084	2.1454233409610985	10792.606452628666	0.031235697940503432	5950.0	6100.0	5877.59013488158	6085.000157598617	1225.1876499361551	1520.4407975520862
79	5667.388039471364	10k-30k	23603	19464.642736710382	2.784391814599839	22475.80406104992	0.06846587298224802	6050.0	6400.0	6041.710300339439	6400.895141131423	925.437031813889	1434.6633588693776
79	5667.388039471364	30k-100k	41760	59389.17411185672	4.707998084291188	60863.88377074099	0.16633141762452108	6050.0	7650.0	6056.439220470205	7639.445962756513	1331.8071941543049	2449.7665461797214
79	5667.388039471364	100k-300k	42381	182337.46398952193	8.179396427644463	161800.66084092326	0.30879403506288194	5750.0	9850.0	5592.701047359052	9901.795943833504	1515.033988212852	3688.4155128480215
79	5667.388039471364	300k-inf	29441	433345.89839651086	10.009068985428485	300913.7744355317	0.38572059372983253	4700.0	5850.0	4692.798901258199	5899.802332922077	3029.6502862394104	3592.060008328478
79	5667.388039471364	all	147495	159242.60908133924	6.273141462422455	128084.06156211092	0.22579748466049696	5950.0	6600.0	5909.678911153866	6580.018762092127	590.6108115332327	829.5763984005371
80	8234.092886945135	0k-3k	1570	1979.2932790686796	1.8898089171974521	6480.002826081054	0.022929936305732482	5450.0	5550.0	5508.711401529045	5553.914046437965	6017.334364527021	6029.457127992962
80	8234.092886945135	3k-10k	8494	6694.438922108292	2.13774429008712	10402.450083057682	0.02719566753002119	8550.0	8700.0	8498.313316906431	8664.333354246895	2173.0763137000095	2356.5577633080447
80	8234.092886945135	10k-30k	23931	19373.2976844303	2.8149680330951488	22514.26319106013	0.06385023609544106	8250.0	8450.0	8203.44179483133	8404.003952112957	821.6605904925655	1295.4115928922402
80	8234.092886945135	30k-100k	41939	59476.28179518603	4.639857888838551	60357.747701170505	0.155130069863373	8650.0	11500.0	8569.793914649246	11503.759775893199	1065.508984855992	2405.000701155246
80	8234.092886945135	100k-300k	43291	182777.36592493407	8.160633849991916	162235.77774247708	0.30560624610196113	8400.0	12500.0	8368.232242800783	12508.710106632125	2056.399242570269	3895.9704051706303
80	8234.092886945135	300k-inf	29013	432755.4684998468	10.011167407713783	300372.8435478077	0.3793471891910523	7900.0	9500.0	7909.70562991025	9552.78658521278	3239.821992061913	3983.2858556941674
80	8234.092886945135	all	148238	158435.20271178315	6.2522227768858185	127543.07797467052	0.21949162832741942	8350.0	9100.0	8317.062248969658	9124.49419357401	591.1827349965279	898.3579985251945
81	4241.8560082834865	0k-3k	1600	1872.3592637437364	1.805	5622.94676367504	0.019375	5000.0	4850.0	4699.552330801014	4563.208389393852	4284.957520646203	4368.119249646645
81	4241.8560082834865	3k-10k	8168	6695.554872847937	2.122796278158668	9997.949103963505	0.03121939275220372	4900.0	5100.0	4787.798833574118	5087.429314448693	924.0094307231866	1461.0500209295005
81	4241.8560082834865	10k-30k	23028	19577.50211341126	2.879320826819524	22860.183586077506	0.07225985756470384	4850.0	5800.0	4787.704952669761	5791.240625403075	779.5647284109518	1432.2898715525625
81	4241.8560082834865	30k-100k	41240	59619.58580804931	4.719325897187197	60185.90367382221	0.161905916585839	5000.0	8450.0	4962.601516453125	8425.27511176184	1047.0326412606146	2408.609242806844
81	4241.8560082834865	100k-300k	41951	182814.4040307382	8.234464017544278	161063.06292657103	0.31076732378250815	5450.0	9050.0	5456.547038685164	9099.935157030732	2024.4530202807073	3537.116205785016
81	4241.8560082834865	300k-inf	29544	437301.5519426245	10.186535337124289	304230.72766473336	0.39249932304359597	3950.0	5250.0	3987.221678630984	5301.768674981367	2991.4428634483165	3552.0530407585143
81	4241.8560082834865	all	145531	161863.1880389841	6.373569892325347	129485.12763047831	0.2285423724154991	4900.0	5950.0	4874.850344686147	5934.756358255702	499.8353559168927	722.2949397529928
82	8362.719962563111	0k-3k	1632	1925.0354644268014	1.7806372549019607	5216.827808779169	0.015318627450980392	8300.0	8200.0	8046.296803783223	7974.756485411397	6101.300657403386	6174.419587023773
82	8362.719962563111	3k-10k	8531	6710.658308710618	2.1331614113234085	10398.625283185744	0.02742937521978666	8700.0	8600.0	8598.736921849033	8610.99135356167	2060.50424214147	2379.157643582529
82	8362.719962563111	10k-30k	22882	19441.19341195803	2.87317542172887	22548.71517619955	0.06638405733764531	8600.0	9150.0	8537.9382169259	9122.969174091906	937.2459643070897	1393.2048655977214
82	8362.719962563111	30k-100k	40964	59473.33373956895	4.672444097256127	59842.98032133957	0.15931061419783224	8550.0	10250.0	8474.94495549856	10247.508541828827	1162.1302060634935	2353.5371810811666
82	8362.719962563111	100k-300k	41861	182981.41205189648	8.209120661235996	161923.2706654929	0.3076610687752323	8650.0	12550.0	8637.484528228064	12572.666540064414	2360.0375888081708	3799.54783391417
82	8362.719962563111	300k-inf	30484	436380.91079134605	10.275751213751477	302704.0677511737	0.3910904080829288	7200.0	9150.0	7207.361170461736	9187.190120244026	3029.887564099997	3734.075137138343
82	8362.719962563111	all	146354	163329.52901415413	6.389562294163467	130303.87223085748	0.2261981223608511	8500.0	9450.0	8490.657842389854	9458.003784078963	679.1024294664612	968.1304002754496
83	6823.180892774246	0k-3k	1568	1944.306730396194	1.933673469387755	6305.858422877585	0.021683673469387755	4900.0	4750.0	4804.999067042347	4611.170997397054	4796.370807753072	4555.8297674725
83	6823.180892774246	3k-10k	8228	6675.977938515023	2.142926592124453	10221.20938887614	0.025765678172095283	7450.0	7450.0	7397.230474613263	7439.362173030541	1748.0408120471293	1950.339875971783
83	6823.180892774246	10k-30k	23304	19421.686470003562	2.821060762100927	22503.120703415818	0.06659800892550635	7300.0	7550.0	7248.951759487551	7553.103303630138	842.4474720421895	1360.6514356836742
83	6823.180892774246	30k-100k	41270	59569.24018923922	4.6606978434698325	60438.670030573616	0.16079476617397626	7250.0	10400.0	7149.421938138071	10406.237140192672	618.191075504551	2326.9646153975555
83	6823.180892774246	100k-300k	41978	182765.14570737258	8.178283862975844	161293.93744941463	0.308614035923579	7850.0	12150.0	7764.550754222905	12192.665775927871	1927.0992585316817	3749.746667866797
83	6823.180892774246	300k-inf	30032	436406.2291637323	10.103123335109217	303469.39738983696	0.3866875332978157	8300.0	10050.0	8321.902147193236	10097.880864480076	3161.7228739305665	3880.945413867089
83	6823.180892774246	all	146380	162230.2999336489	6.322434758846837	129780.66800489159	0.22545429703511408	7300.0	8050.0	7241.168146669627	7993.063358015791	374.7975852152831	599.2468245695973
84	1646.1421991511138	0k-3k	1578	1887.1720668413832	1.820659062103929	5642.137853765127	0.025982256020278833	1900.0	1900.0	1928.9469725527103	1978.7780883434102	2546.5488294979014	2609.750249407024
84	1646.1421991511138	3k-10k	8436	6737.849688045328	2.098624940730204	10106.652828515997	0.04563774300616406	1350.0	1000.0	1303.824891196704	1009.4037876911323	1092.9619238028085	1318.7222282260327
84	1646.1421991511138	10k-30k	23574	19507.34009439705	2.8440654958852973	23079.83415570485	0.07915500127258844	2000.0	2950.0	1951.2915001308852	2924.6458658669603	886.6863176291722	1576.0699111837544
84	1646.1421991511138	30k-100k	41983	59570.74281945292	4.6915656337088825	60869.98499630535	0.16461424862444324	2050.0	5750.0	1994.4133445119985	5753.446912222285	1205.5636705056552	2635.089008992867
84	1646.1421991511138	100k-300k	42400	181860.34071965088	8.039292452830189	159650.27715405557	0.3019339622641509	2850.0	5200.0	2719.304907913489	5219.713696115428	1284.0548270729266	3191.9189146867216
84	1646.1421991511138	300k-inf	28672	434724.1674648546	10.210797991071429	304355.0806426754	0.39453125	2400.0	3700.0	2260.0971923293127	3730.425900470262	2013.548604443107	3423.0650192294393
84	1646.1421991511138	all	146643	158179.61146955358	6.261594484564554	127448.23981233213	0.2271980251358742	1900.0	2400.0	1873.3656810700986	2394.1201739707035	517.4863539112298	721.7453395898042
85	8974.479989336496	0k-3k	1618	1939.5498699358693	1.880716934487021	5403.3908045070175	0.01668726823238566	6300.0	6250.0	6178.90520239965	6200.042208206562	5984.756726660955	5990.746036649541
85	8974.479989336496	3k-10k	8611	6663.459065009304	2.075833236557891	9879.98220116158	0.023806758796887702	9300.0	9050.0	9324.818204143266	9049.934140381712	2332.87671934182	2365.0870859735933
85	8974.479989336496	10k-30k	23076	19441.585652217047	2.816259317039348	22209.34737372975	0.0594123764950598	8900.0	9500.0	8909.867923789767	9477.351931876765	859.7816868030804	1366.3266661359994
85	8974.479989336496	30k-100k	41191	59594.494757921995	4.770726615037265	61025.75649078049	0.15653904979243038	8550.0	12300.0	8501.285654340338	12288.935385361827	1128.8567114457792	2286.5816896242504
85	8974.479989336496	100k-300k	42116	182303.49650334267	8.146167727229557	161308.20002823303	0.3061544306201919	8650.0	14450.0	8533.03281776631	14461.364548065141	1431.1869522925936	3906.6935779933083
85	8974.479989336496	300k-inf	29060	435699.02690142166	10.211906400550586	303849.1638704552	0.3930832759807295	9150.0	13800.0	9059.873772027551	13826.122881266409	2497.8680522678624	4213.185313898555
85	8974.479989336496	all	145672	159970.45336284649	6.3310656818057005	128669.52402059635	0.22219781426766982	8800.0	10300.0	8772.3019938561	10324.254310979957	584.330162017357	880.9308289479868
86	5478.771912844488	0k-3k	1647	1936.6471183257768	1.8403157255616271	5639.82671308133	0.020036429872495445	5150.0	4900.0	5084.132406086448	4777.861481466838	5078.52760701598	4815.651962595362
86	5478.771912844488	3k-10k	8498	6651.218260500986	2.150976700400094	10347.395565608613	0.028241939279830548	5550.0	5850.0	5329.573257092785	5834.727847266848	687.1284024138768	1463.9565045341287
86	5478.771912844488	10k-30k	23336	19476.838398790736	2.8143212204319505	22353.658071338836	0.07306307850531368	5250.0	5500.0	5207.8524517746555	5487.776635693082	814.6858499236287	1481.2895088101068
86	5478.771912844488	30k-100k	41656	59719.69234943826	4.732571538313809	60742.640450967614	0.16338582677165353	6500.0	8650.0	6453.136453448441	8667.124340865825	1059.05612057928	2375.1780494340182
86	5478.771912844488	100k-300k	41477	181651.21424594772	8.223762567205922	160659.16597848176	0.3087494273934952	5950.0	9500.0	5864.694136323444	9533.685630014426	1615.7461509847753	3535.1951758280775
86	5478.771912844488	300k-inf	29925	437849.15913260705	10.140417710944027	303118.748726774	0.3848955722639933	6600.0	8450.0	6617.185550208784	8498.541406124034	3004.5912411816225	3754.5520554596587
86	5478.771912844488	all	146539	161314.66856117785	6.337384587038263	128864.33059069229	0.2259330280676134	5550.0	6450.0	5479.9406426265705	6415.9893507745965	303.9228330566457	811.7935958082535
87	8644.347011716562	0k-3k	1591	1872.456690971558	1.8673790069138907	5848.052230401299	0.020741671904462602	7050.0	7100.0	6950.471475475622	7032.614409003826	6379.279411229298	6524.773658296997
87	8644.347011716562	3k-10k	8622	6711.188784618845	2.087450707492461	9843.5286203641	0.023196474135931337	8900.0	9050.0	8848.244099776453	9061.970062453394	1966.5820455848234	2407.90069354174
87	8644.347011716562	10k-30k	23447	19350.48063389925	2.869919392672837	22912.236811178827	0.0669595257389005	8650.0	8750.0	8622.75612367208	8714.774214386678	877.272347223221	1363.756462170123
87	8644.347011716562	30k-100k	41521	59794.84370776103	4.731605693504492	60632.99006208409	0.15975048770501674	8500.0	11350.0	8406.129331349788	11363.273736296334	867.071011781768	2358.485063152464
87	8644.347011716562	100k-300k	42416	181576.47262853247	8.151122218030931	160096.992582001	0.299674651075066	9200.0	13100.0	9097.161018313522	13113.293324621009	1910.3555853510961	3961.7069337717658
87	8644.347011716562	300k-inf	28926	436139.8897596889	10.148413192283758	305048.02375769	0.3878517596625873	9400.0	13450.0	9227.018510784214	13495.773187173065	1896.6111463755688	4249.426233546017
87	8644.347011716562	all	146523	159120.58507886063	6.3062590856043075	128057.94260502409	0.22089364809620332	8650.0	9700.0	8615.340624372839	9699.891866057707	449.3573664291671	913.5432587030955
88	8444.10229837316	0k-3k	1669	1890.6094826607664	1.7717195925704015	4875.035830667341	0.011384062312762133	8950.0	8750.0	8912.388379031307	8687.408416418035	7491.4969159039965	7321.0699511402745
88	8444.10229837316	3k-10k	8458	6627.982077780805	2.138567037124616	10342.977799573975	0.029676046346654054	8550.0	8800.0	8464.62418256163	8799.869019294509	1983.196312551313	2544.288951678933
88	8444.10229837316	10k-30k	23294	19461.407797857697	2.8169056409375806	22485.185749692933	0.0632351678543831	8750.0	8950.0	8694.876688857159	8952.95987334428	699.9481583206853	1370.2385586275832
88	8444.10229837316	30k-100k	41291	59618.0771357179	4.700370540795815	60888.976076511186	0.15223656486885762	9100.0	13500.0	8923.75252099767	13495.551221300339	600.6066022254399	2264.6380247201123
88	8444.10229837316	100k-300k	43383	182380.34130825003	8.187469746213955	161076.44157382226	0.30532697139432496	8900.0	11400.0	8760.105926554064	11440.024894610828	1704.0555775226148	3722.3227352796475
88	8444.10229837316	300k-inf	29616	437241.9151018582	10.125472717450027	302699.0078822703	0.38239465153970825	6200.0	7600.0	6196.986461495999	7625.804655546254	2975.6299066028396	3576.231926642372
88	8444.10229837316	all	147711	161367.81864943774	6.33546587593341	129213.57956616094	0.22070123416671744	8750.0	9750.0	8758.470759370754	9758.48066057516	508.1750835057592	961.7107656175522
89	8133.641689691802	0k-3k	1534	1914.7568485737397	1.9009126466753585	6371.084451535119	0.01564537157757497	9550.0	9400.0	8985.741009989391	8933.134698261127	5153.864792217372	5213.51475991179
89	8133.641689691802	3k-10k	8606	6704.325848688079	2.0544968626539624	9934.666324534415	0.02660934231931211	7900.0	7950.0	7890.349879377538	8023.925796104671	1862.1771439781523	2163.768180732817
89	8133.641689691802	10k-30k	23252	19376.882962100848	2.849647342164115	22795.624986736606	0.06575778427662136	8550.0	9050.0	8403.458727550631	9050.471461565925	526.8841281809655	1339.770030907599
89	8133.641689691802	30k-100k	41362	59453.632078026916	4.6800444852763405	60502.94506615911	0.1573424882742614	8300.0	12050.0	8248.386443831208	12037.93037554408	845.7877864267693	2301.253179482197
89	8133.641689691802	100k-300k	42190	182828.36504841305	8.22130836691159	162099.93019164688	0.3072766058307656	9100.0	14300.0	9051.934378487242	14337.993717975045	2159.7881641027298	3916.013086974135
89	8133.641689691802	300k-inf	29645	436269.585509374	10.141372912801485	302224.3277982105	0.38502276943835384	8350.0	11350.0	8333.400621469049	11396.04079668143	2791.5594763283916	4039.4142922230167
89	8133.641689691802	all	146589	161110.64037358586	6.330154377204292	129111.14695044787	0.222854375157754	8500.0	9800.0	8408.249251065332	9784.164458018931	436.47820251036774	890.0785402174552
90	7399.550758589444	0k-3k	1520	1959.3532052284927	1.8381578947368422	5935.277274606816	0.017105263157894738	6650.0	6700.0	6540.486555655935	6575.144735885484	5972.818595799926	5981.201392805293
90	7399.550758589444	3k-10k	8737	6643.724946293438	2.0969440311319674	10012.2654245176	0.030216321391782076	7100.0	6750.0	7046.086766554537	6766.060948681363	1782.2287690382618	1820.5133846117906
90	7399.550758589444	10k-30k	24021	19291.721668673017	2.7739894259189875	22195.091358662685	0.06873152658090838	7300.0	7200.0	7242.3810010883835	7183.044418808689	972.718770749455	1422.7261340804698
90	7399.550758589444	30k-100k	41644	59397.66948617062	4.692440687734127	60710.393981587076	0.16050331380270869	7600.0	10250.0	7541.059045412182	10216.815186556742	1081.885935298269	2434.4723293836796
90	7399.550758589444	100k-300k	42493	182503.88024622906	8.166262678558821	161858.60977983387	0.3103569999764667	8100.0	11650.0	8033.912712550138	11702.44574950705	1869.1104218400114	3710.06377896079
90	7399.550758589444	300k-inf	29024	434501.3097635369	10.009440463065049	300404.3715544241	0.3767571664829107	5900.0	6800.0	5905.632709238723	6816.6189226302	3220.2768543850043	3743.3845733893168
90	7399.550758589444	all	147439	158466.15097696608	6.244507898181621	127202.87784329212	0.22211219555205883	7400.0	7750.0	7351.69179771891	7757.746397489771	649.0826108441124	889.7443310488488
91	4543.457745524862	0k-3k	1574	1955.2884768650822	1.7820838627700126	5451.925095412455	0.017153748411689963	4900.0	4750.0	4873.500236724029	4720.369060198465	5261.461215968193	5054.4081659371805
91	4543.457745524862	3k-10k	8581	6637.9554271407615	2.143922619741289	10489.938330287736	0.037757837081925184	3900.0	3800.0	3854.272710360344	3810.5357285774135	1103.6077198894714	1380.7723043019369
91	4543.457745524862	10k-30k	23466	19464.38182606681	2.833546407568397	22731.927710811873	0.07436290803716014	4650.0	5050.0	4621.74080213167	5022.667042010167	874.1005062923505	1449.4467947157818
91	4543.457745524862	30k-100k	41520	59465.192363954375	4.61890655105973	60245.44147124948	0.15828516377649327	5600.0	9400.0	5553.898773950793	9414.451066184032	1158.6310280265616	2431.333234014519
91	4543.457745524862	100k-300k	42367	182496.12274483877	8.124625297991361	160898.63469990203	0.3041282129959638	4900.0	10100.0	4788.731257222889	10146.949558600912	1461.3715403878537	3726.312828166192
91	4543.457745524862	300k-inf	30477	435981.9534378326	10.165731535256095	303532.8813607962	0.39180365521540833	4500.0	5500.0	4518.650282964606	5517.393850429073	2934.030063059165	3415.0573863257205
91	4543.457745524862	all	147985	162212.51557739067	6.308125823563199	129749.48621836201	0.22633375004223402	4500.0	5250.0	4486.030861584112	5264.030469354159	445.62976053502734	749.7052621517669
92	6813.650568678608	0k-3k	1594	1983.941951736178	1.801129234629862	5717.111520562054	0.02132998745294856	4650.0	4650.0	4747.644559247165	4733.375007616756	5309.098456847421	5287.608221828279
92	6813.650568678608	3k-10k	8495	6715.613486229829	2.113478516774573	10247.990342581503	0.028487345497351383	7350.0	7450.0	7295.816898562495	7450.83533457434	1761.562834641135	2015.274588050309
92	6813.650568678608	10k-30k	24110	19510.9324190919	2.7718788884280383	22620.880745777853	0.06515968477810037	7250.0	7350.0	7196.690143411995	7363.19841974855	749.8850869267426	1359.0307035023652
92	6813.650568678608	30k-100k	41712	59349.93039278891	4.678126198695819	60641.882834707874	0.16069716148830074	7600.0	11100.0	7554.09160892096	11075.560098414207	990.6336565322299	2362.82696441203
92	6813.650568678608	100k-300k	42801	181920.4429927449	8.168921286885821	160596.22230506866	0.3076096352888951	7200.0	11800.0	7178.970406227401	11839.341091838567	2047.1173879918124	3744.1194967480624
92	6813.650568678608	300k-inf	29765	436638.2667064191	10.232555014278516	305287.769313571	0.38827481941878045	8050.0	10750.0	8057.906610691934	10769.085825802113	2950.17783960602	3925.8451065946556
92	6813.650568678608	all	148477	160221.03966441905	6.310734995992646	128852.43350689825	0.22409531442580333	7350.0	8300.0	7319.407287080408	8309.341926148485	507.0375859491778	868.5110342984854
93	2459.549084837669	0k-3k	1533	1913.3666837316775	1.9249836921069798	5860.713834336997	0.028701891715590344	1650.0	1700.0	1713.4619712360193	1723.747791361961	2364.707045862205	2359.130421757695
93	2459.549084837669	3k-10k	8614	6659.649499371525	2.0960065010448106	9968.960839787034	0.0449268632458788	1850.0	1700.0	1815.1989961322029	1668.2272269918176	1019.1634697860682	1279.9941337843788
93	2459.549084837669	10k-30k	23734	19385.829143017378	2.7896688295272605	22237.475022867202	0.0777365804331339	2800.0	3500.0	2760.358009264733	3480.157990932039	926.4024788715433	1533.6905260978142
93	2459.549084837669	30k-100k	41114	59635.90217681349	4.689570462616141	60341.18801619224	0.17220411538648636	2400.0	3800.0	2377.3513052411136	3787.407046406601	1364.87654073814	2528.7741876792247
93	2459.549084837669	100k-300k	42609	182461.10097604393	8.228073881104931	161369.84325618416	0.3108028820202305	2850.0	7200.0	2723.545809667853	7248.82817909054	973.3169105482498	3337.127026845592
93	2459.549084837669	300k-inf	29365	437325.6656525592	10.095283500766218	303194.413535211	0.38389238889834837	5250.0	8650.0	5236.740068887904	8691.10063346241	2644.4952743077715	3832.6231499103087
93	2459.549084837669	all	146969	160502.0540812504	6.307867645557907	128480.29546391853	0.23047037130279174	2400.0	2950.0	2384.347048458115	2950.1953691862623	422.36471745819426	654.5659318234252
94	8879.073621447233	0k-3k	1576	1938.2171889064653	1.8730964467005076	5776.376467623836	0.01903553299492386	8700.0	8800.0	8396.203384985623	8741.693423186349	6279.910863166848	6802.399474208575
94	8879.073621447233	3k-10k	8947	6618.555860115474	2.0884095227450543	10070.274038532823	0.032077791438471	7850.0	7350.0	7801.417249772355	7351.181613421371	2010.7902450232432	2007.8399465314133
94	8879.073621447233	10k-30k	23008	19380.9107157416	2.8583536161335186	22820.936968099835	0.06654207232267037	8800.0	8900.0	8768.085679164837	8883.85620412978	1011.0481140808879	1366.6848874059688
94	8879.073621447233	30k-100k	41633	59230.86914308368	4.670621862464872	60425.56984574087	0.15384430619940911	9250.0	12650.0	9184.570359568072	12637.159035658833	897.732233401457	2318.2197334311004
94	8879.073621447233	100k-300k	43204	183030.28779659563	8.098393667253033	160985.7186464143	0.30309693546893807	8900.0	13850.0	8897.541504783514	13889.995747550722	2137.369511505446	3812.9545786241397
94	8879.073621447233	300k-inf	29662	435254.5476907899	10.172914840536714	304814.6284975088	0.38854426539006137	7500.0	9550.0	7524.1010096766195	9595.58038954451	3064.037545438049	3835.2864452277136
94	8879.073621447233	all	148030	160726.24850314317	6.306059582517057	129275.16501505295	0.222069850705938	8800.0	9400.0	8771.201899553722	9390.854358148124	675.2806186167345	816.48971840163
95	2337.8678312978072	0k-3k	1602	1900.9936604320305	1.7640449438202248	5441.7202411749995	0.025593008739076155	1350.0	1350.0	1338.4390161528577	1378.972673051509	2041.9200491448228	2133.3593224564547
95	2337.8678312978072	3k-10k	8662	6776.8795745281495	2.125490648810898	10414.765544150272	0.04490879704456246	2000.0	1850.0	1974.9442830229482	1825.9457528052515	979.8614905181655	1235.556045425955
95	2337.8678312978072	10k-30k	23775	19426.445384662504	2.755751840168244	22245.72378270793	0.07764458464773923	2400.0	2800.0	2345.9437377538134	2777.767363427355	872.9972813339505	1563.0324024266988
95	2337.8678312978072	30k-100k	41661	59473.12674124214	4.702575550274838	60578.2831334875	0.1644703679700439	2650.0	5500.0	2583.6779320261567	5515.761804747504	1224.381363186947	2677.6986620417492
95	2337.8678312978072	100k-300k	42571	182791.99732469383	8.242042705127904	162134.6049257522	0.310516548824317	1450.0	2400.0	1437.5970948725617	2434.4977196558657	2124.846869828407	2998.2780279972208
95	2337.8678312978072	300k-inf	29947	435639.70830878825	10.079006244365045	301850.08743918256	0.39045647310248105	3000.0	3700.0	3031.9534337922296	3734.823764502107	2893.137462558013	3310.196414122655
95	2337.8678312978072	all	148218	160770.35756614336	6.31081919874779	128819.11175675891	0.2296617145016125	2200.0	2450.0	2178.2037487359867	2424.0397888463594	556.2021104691039	722.7211715831145
96	4824.236696566805	0k-3k	1687	1936.9463186230337	1.7622999407231772	5231.112275670945	0.01956135151155898	3850.0	3800.0	3736.1290249205863	3843.6361325109506	3768.6581424380383	4175.805459072157
96	4824.236696566805	3k-10k	8330	6729.5234400565205	2.091236494597839	9757.37499592035	0.033013205282112844	4650.0	4450.0	4601.375941561349	4438.45132395604	1235.0685170931447	1448.0271937911743
96	4824.236696566805	10k-30k	23414	19423.907530981	2.8723840437345176	22752.175822201152	0.07627914922695823	4550.0	5000.0	4525.195862109544	4987.1098838283115	888.7805381589214	1498.561150338388
96	4824.236696566805	30k-100k	40878	59294.86402826617	4.655756152453643	59804.55798817795	0.16072214883311317	4600.0	7000.0	4547.971844883061	6999.346912566617	1187.963594762252	2536.983543530082
96	4824.236696566805	100k-300k	42062	182902.32873213926	8.214326470448386	162206.6514295109	0.3079501687984404	4200.0	7550.0	4174.264446172007	7575.683835013418	2163.805731636588	3478.783434145729
96	4824.236696566805	300k-inf	30295	435654.4003340051	10.114573361940915	302448.94488011487	0.38811685096550586	4800.0	6850.0	4802.107090702462	6870.630877233663	2737.24200687159	3637.418712622265
96	4824.236696566805	all	146666	162473.64208898426	6.3402356374347155	129907.00601255913	0.22755785253569336	4550.0	5250.0	4546.911851727473	5241.378683211666	597.2845408725016	831.5055012668099
97	6554.512759549986	0k-3k	1612	1916.160357096166	1.8722084367245657	5779.8431215392	0.019851116625310174	6400.0	6250.0	6174.349864331943	6000.407580365911	4985.566273383301	4915.768251843228
97	6554.512759549986	3k-10k	8324	6707.549530179537	2.114728495915425	10496.707389329256	0.029192695819317636	6550.0	6200.0	6506.377973694807	6197.608705521488	1488.3159875618358	1616.3632457507756
97	6554.512759549986	10k-30k	23930	19439.629147553984	2.8129544504805684	22528.362967570072	0.06648558295027163	6850.0	7550.0	6778.614119701509	7527.0477523539275	643.9273974172938	1348.2676664393002
97	6554.512759549986	30k-100k	41321	59540.67692187985	4.732629897630745	61135.17305276401	0.1587570484741415	7050.0	10150.0	6963.989971491564	10116.117346078583	1014.6066333442814	2394.1350736490494
97	6554.512759549986	100k-300k	42106	182763.07663378504	8.228566000094999	162027.99904172812	0.30971832992922627	7050.0	11050.0	6992.943739708764	11071.081496075289	1887.4102307646262	3677.948370321101
97	6554.512759549986	300k-inf	30151	435923.4242121331	10.044509303174024	301279.4399118776	0.38293920599648434	8900.0	10750.0	8922.398140462343	10800.508617006784	3180.850310409982	3941.5933204346074
97	6554.512759549986	all	147444	161575.5296759244	6.32657822630965	129324.9588412003	0.22390195599685303	6900.0	7650.0	6872.404815741947	7586.884818337155	445.0869591553692	624.4810376843761
98	8865.785199632357	0k-3k	1614	1953.6019037435549	1.7973977695167287	5370.29244261045	0.013011152416356878	7150.0	7300.0	6941.381495133446	7074.79925511619	5739.538796771047	5899.072367426354
98	8865.785199632357	3k-10k	8598	6553.376043559664	2.1263084438241453	10217.735360479166	0.025354733658990464	9350.0	9200.0	9360.257200340486	9216.207237022574	2208.9757657180107	2532.7456829878283
98	8865.785199632357	10k-30k	23311	19376.158783585182	2.7999656814379477	22123.14265758791	0.06421860924027284	8800.0	9000.0	8814.038030644333	8984.323702208068	979.3175243898768	1379.7697852538895
98	8865.785199632357	30k-100k	41358	59453.91406791069	4.728226703418928	60429.629919840845	0.15680158615020068	9050.0	12150.0	8975.81913257849	12137.54377903529	861.0951806681533	2365.1168831917585
98	8865.785199632357	100k-300k	42214	182181.00360876875	8.145117733453358	160577.80366804558	0.30447244989813804	8400.0	11950.0	8401.524392668387	11976.734138774	2382.218124962529	3802.093693565317
98	8865.785199632357	300k-inf	28844	435454.3649381974	10.178928026625988	303073.9137984568	0.38358064068783804	7700.0	10050.0	7696.758523568097	10097.893867961298	3215.992374847433	4040.775450931329
98	8865.785199632357	all	145939	159113.78209209262	6.300180212280473	127669.61762786606	0.22021529543165294	8850.0	9750.0	8853.853678282969	9724.497241520008	648.7537536364471	938.094263157127
99	7179.933534100569	0k-3k	1552	1914.1544336950333	1.9123711340206186	6141.24827010492	0.022551546391752577	5050.0	5200.0	5070.547381512436	5229.411231070742	5280.861304962024	5466.66969784496
99	7179.933534100569	3k-10k	8593	6682.273870870369	2.0793669265681367	9843.410248648519	0.026882346095659256	7300.0	7050.0	7247.397272259359	7023.386490294824	1640.3726764030016	1823.2564107876187
99	7179.933534100569	10k-30k	23409	19511.81630480921	2.8646674356016915	23202.574721943594	0.07287795292408902	6650.0	6450.0	6632.4021130312585	6458.403408937276	1010.458565669117	1474.2058926564478
99	7179.933534100569	30k-100k	42042	59630.37184149671	4.682365253793825	60751.12940979069	0.15884115884115885	7050.0	10200.0	6964.740770573502	10165.730161215655	936.6815926972959	2426.8828445131658
99	7179.933534100569	100k-300k	42476	183259.9394100039	8.208776720971843	162524.52298998024	0.3130473679254167	7150.0	12150.0	7009.906511467469	12182.975569173692	1246.0201546748567	3691.636557670792
99	7179.933534100569	300k-inf	29519	434895.4698556381	10.003048883769775	301475.4263853021	0.38094108879027067	6850.0	8600.0	6875.712418744231	8633.562732462722	3105.4858810164624	3776.62119085666
99	7179.933534100569	all	147591	160212.6979893142	6.292436530682766	128693.54124495646	0.22489176169278616	6900.0	7650.0	6903.2307966127	7630.959022245288	601.0171366073946	902.3518071987446
100	7568.08884202128	0k-3k	1543	1896.8742662683142	1.7977965003240441	5367.433077658986	0.016202203499675955	6050.0	5950.0	5972.219715507046	5810.910022944343	5704.392706647308	5580.941971568699
100	7568.08884202128	3k-10k	8501	6663.744508513464	2.1786848606046347	10355.955845143339	0.02858487236795671	7500.0	7750.0	7404.184664138976	7705.412288324251	1307.090280442305	1819.1254541780454
100	7568.08884202128	10k-30k	23113	19509.01460366549	2.855276251460217	22646.900909289547	0.06264872582529313	8050.0	8250.0	7912.109871462355	8220.545571102757	664.8161353951073	1313.5852707288195
100	7568.08884202128	30k-100k	41474	59779.26004013681	4.696026426194725	60912.13166145378	0.16157110478854222	7450.0	9950.0	7378.400215974018	9957.76584906073	919.35164389069	2338.5959388543015
100	7568.08884202128	100k-300k	43448	182776.8110787097	8.133677039219297	161526.14019682584	0.30754004787331984	8200.0	12600.0	8174.066663432536	12639.290186041235	2169.153162261472	3638.44594718386
100	7568.08884202128	300k-inf	29236	435954.95039906446	10.145744971952388	302213.53999103897	0.38951977014639483	8700.0	10500.0	8704.926553765936	10533.878609015997	3141.097595388267	3829.926067257242
100	7568.08884202128	all	147315	160721.16262508032	6.327020330584123	128972.12295809416	0.22514340019685708	7750.0	8600.0	7652.084674701999	8620.872454666314	365.78369921396006	748.1271296856576
