replicate	ancient_sample	true_T	map_T	mean_T	ci95_lower_T	ci95_upper_T	contains_true_95	error	abs_error	min_ne_to_T	geomean_ne_to_T	sd_log_ne_to_T	global_min_ne	global_log_ne_range	realised_epsilon
1	ancient_01	54.39919226316703	0.0	15.84715045119017	0.7772390692457056	69.14479987050055	1	-54.39919226316703	54.39919226316703	28385.306237716748	28385.306237716748	0.0	8869.569891118203	2.8101546429294686	0.010085343417825021
1	ancient_02	2085.935162183402	1340.0	1500.5093070255452	819.9621168305808	2281.5188915719796	1	-745.9351621834021	745.9351621834021	15362.1777452174	75984.09184722746	0.7173092060705079	8869.569891118203	2.8101546429294686	0.010085343417825021
1	ancient_03	3305.8587412473626	3440.0	3456.0356194002043	2862.142013569532	3754.91612890155	1	134.14125875263744	134.14125875263744	15362.1777452174	88376.20703292303	0.7111070854336461	8869.569891118203	2.8101546429294686	0.010085343417825021
1	ancient_04	3618.761894321456	1760.0	1808.9655199747576	1142.4576070297198	2689.5438684550795	0	-1858.761894321456	1858.761894321456	15362.1777452174	78029.71592695887	0.7910408312051913	8869.569891118203	2.8101546429294686	0.010085343417825021
1	ancient_05	5179.084996569889	4480.0	4525.6462047992045	4264.58926735965	4818.078101706225	0	-699.084996569889	699.084996569889	15362.1777452174	52497.491710328475	0.8952734408950987	8869.569891118203	2.8101546429294686	0.010085343417825021
1	ancient_06	5780.166593089313	5820.0	5865.955915678228	5593.585168302119	6153.390106011407	1	39.83340691068679	39.83340691068679	15362.1777452174	47711.88328704484	0.8926853441585659	8869.569891118203	2.8101546429294686	0.010085343417825021
1	ancient_07	5897.771670790655	6880.0	6650.108966014088	5942.995926387127	7278.387277622462	0	982.2283292093452	982.2283292093452	15362.1777452174	46934.71998055079	0.8912085009713038	8869.569891118203	2.8101546429294686	0.010085343417825021
1	ancient_08	7214.296980135272	7640.0	7668.990950719386	7464.223000541712	7962.278855110208	0	425.70301986472805	425.70301986472805	15362.1777452174	40506.39333196086	0.8640066407629992	8869.569891118203	2.8101546429294686	0.010085343417825021
1	ancient_09	7664.058936137278	7340.0	7273.770133901862	6957.442263097141	7530.437979510771	0	-324.05893613727767	324.05893613727767	8869.569891118203	38253.308077325884	0.8748114364504592	8869.569891118203	2.8101546429294686	0.010085343417825021
1	ancient_10	9632.544490412174	10000.0	9948.608775565905	9838.632386311405	9998.057790377698	0	367.4555095878259	367.4555095878259	8869.569891118203	28375.892384592848	0.9778813046092818	8869.569891118203	2.8101546429294686	0.010085343417825021
2	ancient_01	87.14738708744174	520.0	481.3157367550516	321.22254628715586	573.7431900828731	0	432.85261291255824	432.85261291255824	8799.021119301475	8799.021119301475	0.0	6380.9126493008025	3.110817151489714	0.009961215816016753
2	ancient_02	1216.3961262037226	2440.0	2366.5626886762116	1924.952401665913	2800.737752815886	0	1223.6038737962774	1223.6038737962774	6380.9126493008025	13348.873809652498	0.8951610434666071	6380.9126493008025	3.110817151489714	0.009961215816016753
2	ancient_03	1249.350900313847	1280.0	1276.8204051839562	1242.0553115830173	1308.6736743245538	1	30.649099686153022	30.649099686153022	6380.9126493008025	13091.487718450473	0.8911613934240522	6380.9126493008025	3.110817151489714	0.009961215816016753
2	ancient_04	1966.7616878650686	1940.0	2203.619021784443	1634.3707389352744	2826.293170492068	1	-26.761687865068552	26.761687865068552	6380.9126493008025	23089.32827446694	1.1471325552317693	6380.9126493008025	3.110817151489714	0.009961215816016753
2	ancient_05	2240.9187147655653	1360.0	1524.9790461040643	1319.2076965583037	1906.6470407048976	0	-880.9187147655653	880.9187147655653	6380.9126493008025	27037.943518800133	1.1548668546987053	6380.9126493008025	3.110817151489714	0.009961215816016753
2	ancient_06	3984.817952353994	4160.0	4161.726170900187	4043.321267054424	4275.692980248856	0	175.18204764600614	175.18204764600614	6380.9126493008025	29960.627852792946	1.076514547992952	6380.9126493008025	3.110817151489714	0.009961215816016753
2	ancient_07	6306.1309440040795	6480.0	6468.6484098753335	6316.796636373498	6618.250194282775	0	173.86905599592046	173.86905599592046	6380.9126493008025	21718.516569745436	0.9539231606773713	6380.9126493008025	3.110817151489714	0.009961215816016753
2	ancient_08	8304.39202849537	8200.0	8178.866596951338	7670.30775005769	8663.872828773732	1	-104.39202849536923	104.39202849536923	6380.9126493008025	21984.48832083587	0.906081314607453	6380.9126493008025	3.110817151489714	0.009961215816016753
2	ancient_09	9505.813529503288	9660.0	9649.206307092129	9240.078326634004	9970.683091796149	1	154.186470496712	154.186470496712	6380.9126493008025	24730.294198373464	0.9016448533575436	6380.9126493008025	3.110817151489714	0.009961215816016753
2	ancient_10	9917.327495029995	10000.0	9929.683690344757	9744.684595711182	9997.907988398214	1	82.67250497000532	82.67250497000532	6380.9126493008025	25579.335155501256	0.8975249119991273	6380.9126493008025	3.110817151489714	0.009961215816016753
3	ancient_01	2476.8356544678695	2280.0	2292.409088435155	2054.680184100284	2524.9224249919234	1	-196.83565446786952	196.83565446786952	29711.7480900081	51150.37661223412	0.5685353745164742	7975.3023499114815	2.9008174680595467	0.010176786642786989
3	ancient_02	3001.8105180693433	2520.0	2547.0688227258993	2281.1537890163722	2873.307582652974	0	-481.8105180693433	481.8105180693433	29711.7480900081	46514.633364207126	0.5561350847894704	7975.3023499114815	2.9008174680595467	0.010176786642786989
3	ancient_03	3093.42433061231	2920.0	2901.0076029702773	2669.619927121403	3140.5099777362884	1	-173.42433061230986	173.42433061230986	29711.7480900081	45901.25667951982	0.553082492308906	7975.3023499114815	2.9008174680595467	0.010176786642786989
3	ancient_04	3349.4140359002668	4500.0	4535.945118499308	3856.939712838438	5171.595388023454	0	1150.5859640997332	1150.5859640997332	29711.7480900081	46475.909896031335	0.5426219060802366	7975.3023499114815	2.9008174680595467	0.010176786642786989
3	ancient_05	3687.5084200809415	3580.0	3604.0734767552954	3135.97660732606	4135.042600703685	1	-107.5084200809415	107.5084200809415	29711.7480900081	48080.809972633506	0.5280723465649041	7975.3023499114815	2.9008174680595467	0.010176786642786989
3	ancient_06	5444.74218533415	5160.0	5192.947752749575	4602.624735329565	5918.139537142448	1	-284.74218533415024	284.74218533415024	29711.7480900081	53593.52621498678	0.4621530394563523	7975.3023499114815	2.9008174680595467	0.010176786642786989
3	ancient_07	7086.621502023565	7940.0	7943.610893010457	7778.035398301604	8108.647118976	0	853.378497976435	853.378497976435	29711.7480900081	56497.80448482241	0.416336503982734	7975.3023499114815	2.9008174680595467	0.010176786642786989
3	ancient_08	7403.447751628025	6380.0	6373.774595363224	5812.22118656106	6990.705391093476	0	-1023.4477516280249	1023.4477516280249	29711.7480900081	56922.519842935035	0.40886775544974363	7975.3023499114815	2.9008174680595467	0.010176786642786989
3	ancient_09	7693.605031340512	7880.0	7887.211381775278	7725.102021316129	8052.439745287932	0	186.39496865948786	186.39496865948786	11725.463963705122	54805.74784996391	0.47216335006713717	7975.3023499114815	2.9008174680595467	0.010176786642786989
3	ancient_10	9532.467172330298	9720.0	9724.74788363727	9528.850255749849	9909.423296968482	1	187.53282766970187	187.53282766970187	11725.463963705122	40704.11136365583	0.7417198895137305	7975.3023499114815	2.9008174680595467	0.010176786642786989
4	ancient_01	614.2917898252554	480.0	385.37733690186246	84.3215759903012	610.529558334788	0	-134.29178982525536	134.29178982525536	13071.338526598263	52655.96325428332	0.6223908920864459	6463.220839284853	2.746656719771332	0.010099902056807051
4	ancient_02	2320.1640625735176	2460.0	2449.720643926756	2337.137749521702	2540.1704559973	0	139.83593742648236	139.83593742648236	8827.097580244998	15996.665173139103	0.8008365232476022	6463.220839284853	2.746656719771332	0.010099902056807051
4	ancient_03	4347.812452390103	5300.0	5270.941635186113	4146.765915956461	6454.740545976548	1	952.1875476098967	952.1875476098967	8827.097580244998	23548.289058982406	1.0884692782449337	6463.220839284853	2.746656719771332	0.010099902056807051
4	ancient_04	4408.43570517544	5480.0	5626.705431762486	4432.940328228201	6958.844561990272	0	1071.5642948245604	1071.5642948245604	8827.097580244998	24023.78465376485	1.094136682744117	6463.220839284853	2.746656719771332	0.010099902056807051
4	ancient_05	5637.398403476225	6220.0	6231.829815478796	5087.512333925186	7376.985491197997	1	582.6015965237748	582.6015965237748	8827.097580244998	32838.52008032303	1.1342803296360533	6463.220839284853	2.746656719771332	0.010099902056807051
4	ancient_06	6766.611590738926	6940.0	6796.398816837139	5632.272958691605	7708.613258699062	1	173.38840926107423	173.38840926107423	8827.097580244998	39595.09672146693	1.116536745938693	6463.220839284853	2.746656719771332	0.010099902056807051
4	ancient_07	7585.124822055175	8280.0	8357.265368548291	7810.057556467446	8966.825514754728	0	694.8751779448248	694.8751779448248	8827.097580244998	43313.50644284301	1.090103348737951	6463.220839284853	2.746656719771332	0.010099902056807051
4	ancient_08	8461.269287457972	8900.0	8850.203305704506	8253.602066937252	9419.252606206283	1	438.7307125420284	438.7307125420284	8827.097580244998	42747.11135708776	1.0328489839861776	6463.220839284853	2.746656719771332	0.010099902056807051
4	ancient_09	8927.458090677415	9480.0	9409.836195041215	8782.05441548923	9940.774037626503	1	552.5419093225846	552.5419093225846	8827.097580244998	42493.488999952606	1.0058394542820828	6463.220839284853	2.746656719771332	0.010099902056807051
4	ancient_10	9791.593206765416	9180.0	9137.675709014416	8515.636898464794	9718.921352094392	0	-611.5932067654157	611.5932067654157	8827.097580244998	42090.37441060995	0.9609189217221954	6463.220839284853	2.746656719771332	0.010099902056807051
5	ancient_01	896.3644388022896	820.0	844.3552953750693	760.1057612734452	936.7233034044928	1	-76.36443880228956	76.36443880228956	9252.315557901818	23063.49909206278	0.952385511160573	8897.75205107256	2.7912863468052134	0.010087011014967822
5	ancient_02	1305.1460095144396	1320.0	1330.4432576640356	1258.952214503505	1413.293740526986	1	14.853990485560416	14.853990485560416	9252.315557901818	17877.083873629705	0.874775339986354	8897.75205107256	2.7912863468052134	0.010087011014967822
5	ancient_03	1460.7562270076469	2040.0	2012.301856123895	1852.5799071808203	2146.3041577032345	0	579.2437729923531	579.2437729923531	9252.315557901818	17226.824690415673	0.8344360659367948	8897.75205107256	2.7912863468052134	0.010087011014967822
5	ancient_04	1919.7891931041665	1940.0	1929.17115902195	1803.303873049997	2022.1729736672105	1	20.210806895833457	20.210806895833457	9252.315557901818	16173.923382879102	0.7365157377195067	8897.75205107256	2.7912863468052134	0.010087011014967822
5	ancient_05	2106.349404856934	2240.0	2232.354215592162	2136.2881135270595	2335.1611463808113	0	133.65059514306586	133.65059514306586	9252.315557901818	15888.960030747372	0.7054512635833184	8897.75205107256	2.7912863468052134	0.010087011014967822
5	ancient_06	2344.8639509532654	2600.0	2594.9628628633636	2492.226670198987	2695.9305945643323	0	255.13604904673457	255.13604904673457	9252.315557901818	15596.058907517925	0.6708932106432318	8897.75205107256	2.7912863468052134	0.010087011014967822
5	ancient_07	4725.125116934897	4400.0	4395.446355934851	3886.366455459514	4928.058738474007	1	-325.12511693489705	325.12511693489705	9252.315557901818	23164.84736014214	0.7843254430656352	8897.75205107256	2.7912863468052134	0.010087011014967822
5	ancient_08	5286.501477462092	5440.0	5457.35806694333	4983.091533474539	5946.237399799806	1	153.49852253790777	153.49852253790777	9252.315557901818	25451.307782168744	0.7902039251733386	8897.75205107256	2.7912863468052134	0.010087011014967822
5	ancient_09	7829.645148932386	7880.0	7922.9901058217665	7312.952046220257	8651.098181739291	1	50.35485106761371	50.35485106761371	9252.315557901818	33648.18619690486	0.7703665408291676	8897.75205107256	2.7912863468052134	0.010087011014967822
5	ancient_10	8532.828638641546	8180.0	8179.560187303654	7491.684587524292	8881.461622485622	1	-352.8286386415457	352.8286386415457	9252.315557901818	36629.84649422883	0.7904579430014185	8897.75205107256	2.7912863468052134	0.010087011014967822
6	ancient_01	759.2262106497117	560.0	586.4715268003479	468.73835240264447	749.7460359406418	0	-199.22621064971167	199.22621064971167	6193.339194334913	10028.009245879044	0.3862250866466573	6193.339194334913	2.777298218961006	0.010274873894290519
6	ancient_02	1742.4683816152042	2480.0	2397.705523356713	1830.899263369428	2880.775698151298	0	737.5316183847958	737.5316183847958	6193.339194334913	17596.021141922414	0.6553434669163425	6193.339194334913	2.777298218961006	0.010274873894290519
6	ancient_03	1892.6207791853078	1320.0	1419.9448645962163	1171.5485070774891	1760.310962529761	0	-572.6207791853078	572.6207791853078	6193.339194334913	19020.86255705429	0.6824649660112113	6193.339194334913	2.777298218961006	0.010274873894290519
6	ancient_04	2246.003277477614	2260.0	2270.2308302859465	1920.751672641617	2647.7703450866643	1	13.99672252238588	13.99672252238588	6193.339194334913	21926.684800592553	0.7076194687310017	6193.339194334913	2.777298218961006	0.010274873894290519
6	ancient_05	2385.935023524034	2120.0	2085.287081271391	1681.9228647160812	2506.85061600583	1	-265.935023524034	265.935023524034	6193.339194334913	22928.030239355634	0.7094828060047363	6193.339194334913	2.777298218961006	0.010274873894290519
6	ancient_06	2425.4163698106436	2080.0	2095.4959738281423	1679.8512292670289	2476.1190795828325	1	-345.4163698106436	345.4163698106436	6193.339194334913	23197.1096918624	0.7095058913700099	6193.339194334913	2.777298218961006	0.010274873894290519
6	ancient_07	2428.812841942782	2600.0	2701.3305532847585	2250.72004981628	3216.0861921571686	1	171.18715805721786	171.18715805721786	6193.339194334913	23219.993401401523	0.709499049902579	6193.339194334913	2.777298218961006	0.010274873894290519
6	ancient_08	3125.1803494202004	3580.0	3594.5045116337847	3231.5612132815427	3979.8268482139297	0	454.8196505797996	454.8196505797996	6193.339194334913	27164.34954273643	0.6907057615206795	6193.339194334913	2.777298218961006	0.010274873894290519
6	ancient_09	5029.883776855907	5420.0	5433.918524817042	5014.954569803116	5887.618827595061	1	390.11622314409306	390.11622314409306	6193.339194334913	31977.438425380507	0.5832492608290127	6193.339194334913	2.777298218961006	0.010274873894290519
6	ancient_10	8524.83749909031	9640.0	9602.044567906085	9305.638455368231	9883.787082397146	0	1115.1625009096897	1115.1625009096897	6193.339194334913	31784.79703770509	0.5274155985883813	6193.339194334913	2.777298218961006	0.010274873894290519
7	ancient_01	416.30363665988267	520.0	570.2779915866201	444.07259800511093	790.9702446958079	0	103.69636334011733	103.69636334011733	9481.501521959095	30879.370787967186	1.0799700363149538	5764.647708375179	3.0920109195645917	0.009885840858749361
7	ancient_02	666.0125087501556	1240.0	1101.5635143615068	679.3647151424445	1412.4136578102796	0	573.9874912498444	573.9874912498444	9481.501521959095	25344.602791629648	1.0099154584928265	5764.647708375179	3.0920109195645917	0.009885840858749361
7	ancient_03	2601.415913735907	2800.0	2800.2949252859635	2631.061186179864	2959.29842905472	0	198.584086264093	198.584086264093	9481.501521959095	23068.798565431927	0.68283808760153	5764.647708375179	3.0920109195645917	0.009885840858749361
7	ancient_04	3507.5629476405447	3080.0	3193.5281161124526	2983.6100815281548	3596.344503377124	1	-427.56294764054473	427.56294764054473	9481.501521959095	24495.343451267057	0.7276958417535696	5764.647708375179	3.0920109195645917	0.009885840858749361
7	ancient_05	4902.127894892971	5580.0	5425.3082556788395	4629.288648106147	6207.862472750054	1	677.8721051070288	677.8721051070288	9481.501521959095	34623.25905616339	0.8246674613462013	5764.647708375179	3.0920109195645917	0.009885840858749361
7	ancient_06	5017.810065285056	5060.0	4944.582846972413	4208.918628348108	5691.068213415703	1	42.189934714943774	42.189934714943774	9481.501521959095	35325.00667654769	0.825505392257013	5764.647708375179	3.0920109195645917	0.009885840858749361
7	ancient_07	5135.039162518964	5980.0	6008.664756967265	5261.624427443678	6775.067971014387	0	844.9608374810359	844.9608374810359	9481.501521959095	36017.41559387425	0.825851386969309	5764.647708375179	3.0920109195645917	0.009885840858749361
7	ancient_08	6103.429857535369	6200.0	6234.426892033291	5518.3316692529925	6983.20336152175	1	96.57014246463132	96.57014246463132	9481.501521959095	41092.78158529697	0.8160714961203303	5764.647708375179	3.0920109195645917	0.009885840858749361
7	ancient_09	6508.226950181011	6240.0	6210.163112418252	5449.310190451939	6970.590040426902	1	-268.2269501810106	268.2269501810106	9481.501521959095	42918.87449427524	0.8081177531371738	5764.647708375179	3.0920109195645917	0.009885840858749361
7	ancient_10	8428.92912732173	7720.0	7821.625461591172	7105.56675160935	8543.41684552421	1	-708.9291273217295	708.9291273217295	9481.501521959095	49063.65239929162	0.7523596494813407	5764.647708375179	3.0920109195645917	0.009885840858749361
8	ancient_01	421.4481362603406	60.0	262.7498440328794	13.751103542990244	582.1509359784229	1	-361.4481362603406	361.4481362603406	19070.6563365224	34564.78072376684	0.7395431246692601	5728.051402148359	2.8534448584956973	0.010111841346708174
8	ancient_02	2040.085393822123	2240.0	2207.805619959525	2102.8121424941196	2313.42030145839	0	199.91460617787698	199.91460617787698	8847.010338983746	16099.04854521143	0.6028998060708738	5728.051402148359	2.8534448584956973	0.010111841346708174
8	ancient_03	2532.3296942236216	2580.0	2562.7450010162497	2422.1023185929844	2729.3206606458402	1	47.67030577637843	47.67030577637843	8847.010338983746	14330.444557947329	0.590728207242416	5728.051402148359	2.8534448584956973	0.010111841346708174
8	ancient_04	3100.2807834639266	2980.0	2969.655802587923	2866.4545496382007	3074.6167599302157	0	-120.28078346392658	120.28078346392658	8847.010338983746	13118.597066189697	0.5655443354071538	5728.051402148359	2.8534448584956973	0.010111841346708174
8	ancient_05	4513.150500600872	4980.0	4969.226804891464	4874.60917189683	5079.81895056527	0	466.84949939912804	466.84949939912804	5728.051402148359	10181.645444660975	0.6026141837269106	5728.051402148359	2.8534448584956973	0.010111841346708174
8	ancient_06	4961.653706742677	3440.0	3433.7917245614826	3337.302336714839	3510.208840873303	0	-1521.653706742677	1521.653706742677	5728.051402148359	9665.772619233316	0.5979320778821617	5728.051402148359	2.8534448584956973	0.010111841346708174
8	ancient_07	5431.127472266199	5500.0	5483.923340567448	5359.82102108247	5585.148285525968	1	68.87252773380078	68.87252773380078	5728.051402148359	9238.352827093571	0.5901154283810025	5728.051402148359	2.8534448584956973	0.010111841346708174
8	ancient_08	5816.855797713497	6540.0	6557.187096528841	6428.607401255417	6698.897126360316	0	723.1442022865031	723.1442022865031	5728.051402148359	8950.12205730437	0.5824858603258007	5728.051402148359	2.8534448584956973	0.010111841346708174
8	ancient_09	7828.94724851832	8540.0	8578.976893361225	8245.898821990953	8977.552327404104	0	711.0527514816804	711.0527514816804	5728.051402148359	8146.956197519492	0.5349077212896112	5728.051402148359	2.8534448584956973	0.010111841346708174
8	ancient_10	8817.048116167747	8880.0	8902.723374485035	8593.732265462293	9239.873809942279	1	62.95188383225286	62.95188383225286	5728.051402148359	8274.180729037766	0.5059282460521789	5728.051402148359	2.8534448584956973	0.010111841346708174
9	ancient_01	255.04204714840273	920.0	972.1772432522947	879.2738402314767	1095.3882320847085	0	664.9579528515973	664.9579528515973	8441.11970594118	23208.355351312206	1.091280105097035	8441.11970594118	2.409307414157137	0.009790536413609744
9	ancient_02	1118.030188911051	1400.0	1386.804901116565	1295.446212929924	1492.7797779518419	0	281.969811088949	281.969811088949	8441.11970594118	20412.87606252527	1.0882671206724848	8441.11970594118	2.409307414157137	0.009790536413609744
9	ancient_03	2598.4959431086563	2360.0	2336.436486777334	2136.778426618295	2548.207119275401	0	-238.49594310865632	238.49594310865632	8441.11970594118	15118.747068571913	0.7664328803101955	8441.11970594118	2.409307414157137	0.009790536413609744
9	ancient_04	4110.103049546545	3820.0	3901.1789621549997	3703.0670388879425	4147.975949488161	1	-290.10304954654475	290.10304954654475	8441.11970594118	13294.600358829182	0.6376897528181066	8441.11970594118	2.409307414157137	0.009790536413609744
9	ancient_05	5837.704277398633	5540.0	5535.921149647549	5317.954966028247	5740.298877275828	0	-297.70427739863317	297.70427739863317	8441.11970594118	12070.913675155056	0.5554162170429279	8441.11970594118	2.409307414157137	0.009790536413609744
9	ancient_06	7941.699637034279	7740.0	7713.86068512305	7400.917257336342	8048.260500061433	1	-201.69963703427857	201.69963703427857	8441.11970594118	11753.364113182319	0.4952751402075226	8441.11970594118	2.409307414157137	0.009790536413609744
9	ancient_07	7966.418796031631	8440.0	8480.803385220062	8030.229850453506	8939.64112398984	0	473.58120396836875	473.58120396836875	8441.11970594118	11768.340797102737	0.49503264660112956	8441.11970594118	2.409307414157137	0.009790536413609744
9	ancient_08	8660.067315548298	8940.0	9033.225242526827	8681.424374788068	9405.124858472027	0	279.9326844517018	279.9326844517018	8441.11970594118	12160.376339027169	0.48760846038801786	8441.11970594118	2.409307414157137	0.009790536413609744
9	ancient_09	9733.83265177519	10000.0	9944.153523003433	9799.630698864601	9998.23173170095	0	266.16734822480976	266.16734822480976	8441.11970594118	12675.863112067604	0.47480026197175756	8441.11970594118	2.409307414157137	0.009790536413609744
9	ancient_10	9825.265074804809	9340.0	9338.0647489634	8831.281642994005	9863.337803834063	1	-485.26507480480905	485.26507480480905	8441.11970594118	12715.42219704626	0.47367822180395674	8441.11970594118	2.409307414157137	0.009790536413609744
10	ancient_01	911.3844531091308	840.0	840.0704749635032	789.7157372212446	897.4992663185549	0	-71.38445310913085	71.38445310913085	6927.5308952398855	20190.458719391918	0.9790341581736204	5110.823813736956	2.889821436474149	0.01011676906745585
10	ancient_02	1982.1408135710162	1340.0	1406.4268887607077	1300.1330412054776	1570.9247345929264	0	-642.1408135710162	642.1408135710162	6927.5308952398855	16234.61522488193	0.798219564273874	5110.823813736956	2.889821436474149	0.01011676906745585
10	ancient_03	1987.4256878934204	1440.0	1497.403754007346	1331.3152597155238	1833.1746330156805	0	-547.4256878934204	547.4256878934204	6927.5308952398855	16245.31911542242	0.7972597533367526	5110.823813736956	2.889821436474149	0.01011676906745585
10	ancient_04	4133.866824370044	4400.0	4395.129424897182	4330.10987022688	4459.547253709276	0	266.133175629956	266.133175629956	5110.823813736956	13280.009593420516	0.7724352598406484	5110.823813736956	2.889821436474149	0.01011676906745585
10	ancient_05	4766.573610262664	4920.0	4899.688117627599	4779.782580651987	4978.681909887743	0	153.42638973733574	153.42638973733574	5110.823813736956	11699.05630110397	0.7889399277017981	5110.823813736956	2.889821436474149	0.01011676906745585
10	ancient_06	4966.301590644185	5360.0	5330.511626882506	5145.82791697247	5445.148556160548	0	393.6984093558149	393.6984093558149	5110.823813736956	11315.832653425834	0.7898523842375884	5110.823813736956	2.889821436474149	0.01011676906745585
10	ancient_07	7201.976935522946	7300.0	7308.235381715167	7224.766224096674	7393.097952523332	0	98.0230644770536	98.0230644770536	5110.823813736956	8841.563914431721	0.7519582930909946	5110.823813736956	2.889821436474149	0.01011676906745585
10	ancient_08	8376.568054648416	10000.0	9758.789182293462	9221.238867925405	9992.653363671818	0	1623.4319453515836	1623.4319453515836	5110.823813736956	10535.817524696791	0.9099797779064626	5110.823813736956	2.889821436474149	0.01011676906745585
10	ancient_09	8967.829359259536	9720.0	9482.232615916579	8663.891351809278	9974.662885277508	1	752.1706407404636	752.1706407404636	5110.823813736956	11772.593628352924	0.973654400322604	5110.823813736956	2.889821436474149	0.01011676906745585
10	ancient_10	9158.254831280598	8820.0	8857.637955971495	7982.2875242484915	9711.39890080102	1	-338.2548312805975	338.2548312805975	5110.823813736956	12163.874254333874	0.9892604672837589	5110.823813736956	2.889821436474149	0.01011676906745585
11	ancient_01	458.6692240718937	1360.0	1063.890438002774	528.8832646041587	1461.9457710282782	0	901.3307759281063	901.3307759281063	14029.508378217883	24559.549753350086	0.39542062466020567	6496.719444405778	2.9946760244142183	0.010227272727272727
11	ancient_02	632.910637484555	460.0	565.7602420405607	257.52267556926626	1153.841426340854	1	-172.91063748455497	172.91063748455497	14029.508378217883	30146.781358095166	0.6185754811775124	6496.719444405778	2.9946760244142183	0.010227272727272727
11	ancient_03	884.2075344310574	1580.0	1570.818560066678	1453.9098525621257	1677.8259719002733	0	695.7924655689426	695.7924655689426	14029.508378217883	45649.32535000172	0.8411085540413727	6496.719444405778	2.9946760244142183	0.010227272727272727
11	ancient_04	2016.7616918542842	1760.0	1798.7286663790958	1658.4050714048055	1938.279743144657	0	-256.7616918542842	256.7616918542842	14029.508378217883	39848.60695926092	0.9676149686127953	6496.719444405778	2.9946760244142183	0.010227272727272727
11	ancient_05	2712.5131128213143	2860.0	2859.7090253392826	2743.4811758596957	2964.458851809166	0	147.48688717868572	147.48688717868572	14029.508378217883	31211.493616163523	0.9322703743224957	6496.719444405778	2.9946760244142183	0.010227272727272727
11	ancient_06	4451.658203143905	4580.0	4580.9303283439185	3674.4943651035555	5503.576491051402	1	128.34179685609524	128.34179685609524	14029.508378217883	43582.71809017706	1.0179684079643165	6496.719444405778	2.9946760244142183	0.010227272727272727
11	ancient_07	4619.546843899841	5080.0	5156.5235747873485	4260.201729162929	6114.099607069935	1	460.4531561001586	460.4531561001586	14029.508378217883	45304.098276575496	1.0190124708738508	6496.719444405778	2.9946760244142183	0.010227272727272727
11	ancient_08	5120.518152966172	5380.0	5372.160154217092	4430.90760715538	6336.960216615545	1	259.48184703382776	259.48184703382776	14029.508378217883	50093.31556393354	1.0148461083694096	6496.719444405778	2.9946760244142183	0.010227272727272727
11	ancient_09	7502.202956386398	7000.0	6895.469809500611	5916.659533312206	7724.181598886547	1	-502.202956386398	502.202956386398	14029.508378217883	67210.21582474829	0.9427807344582927	6496.719444405778	2.9946760244142183	0.010227272727272727
11	ancient_10	9038.89674892188	8680.0	8703.79431532781	8089.233386579323	9334.599295261185	1	-358.8967489218794	358.8967489218794	14029.508378217883	68218.64056462502	0.8595395637124804	6496.719444405778	2.9946760244142183	0.010227272727272727
12	ancient_01	47.02770169447312	120.0	91.98278447710385	6.114995854993023	179.83361809789176	1	72.97229830552688	72.97229830552688	37885.19571002061	37885.19571002061	0.0	5951.04310187369	2.457582448971195	0.010245310245310245
12	ancient_02	76.65599775279031	0.0	75.21675796310194	3.4415687018737238	206.47267459427792	1	-76.65599775279031	76.65599775279031	37885.19571002061	37885.19571002061	0.0	5951.04310187369	2.457582448971195	0.010245310245310245
12	ancient_03	1323.2609974847887	1240.0	1236.276733035324	1165.0977868534922	1315.6047227955953	0	-83.26099748478873	83.26099748478873	5951.04310187369	7951.31508549562	0.4892050346347598	5951.04310187369	2.457582448971195	0.010245310245310245
12	ancient_04	1588.9998162869713	1300.0	1330.9199656547933	1211.2900859174003	1530.1844046044025	0	-288.9998162869713	288.9998162869713	5951.04310187369	9206.747436412024	0.5616519114976775	5951.04310187369	2.457582448971195	0.010245310245310245
12	ancient_05	3675.606741633515	3420.0	3437.961522644819	3244.025073096727	3665.4727181932626	0	-255.60674163351496	255.60674163351496	5951.04310187369	13392.047068482716	0.5167432153345584	5951.04310187369	2.457582448971195	0.010245310245310245
12	ancient_06	4752.633125059019	5220.0	5247.480058775667	5028.417833686437	5503.522000569752	0	467.3668749409808	467.3668749409808	5951.04310187369	13173.873991407781	0.45544733002412396	5951.04310187369	2.457582448971195	0.010245310245310245
12	ancient_07	7764.4905450251	7400.0	7541.099692743189	7227.6244853633	8063.840798171136	1	-364.4905450250999	364.4905450250999	5951.04310187369	13420.920914623586	0.41335711216207893	5951.04310187369	2.457582448971195	0.010245310245310245
12	ancient_08	8172.676618002689	8540.0	8543.34212298904	7849.946165316386	9240.653403583754	1	367.3233819973111	367.3233819973111	5951.04310187369	14182.004410043948	0.46926009577321015	5951.04310187369	2.457582448971195	0.010245310245310245
12	ancient_09	8409.794807704855	8380.0	8313.672240686159	7650.2596326124285	8955.613508523358	1	-29.794807704854975	29.794807704854975	5951.04310187369	14607.827291183161	0.49412669892561695	5951.04310187369	2.457582448971195	0.010245310245310245
12	ancient_10	8966.379418363673	8580.0	8520.744823221834	7855.0183461219285	9205.487284864728	1	-386.3794183636728	386.3794183636728	5951.04310187369	15562.308486636224	0.5380863165884503	5951.04310187369	2.457582448971195	0.010245310245310245
13	ancient_01	811.7128798343542	1440.0	1451.943782124028	1381.297032089318	1519.2279608971996	0	628.2871201656458	628.2871201656458	39190.92002762654	54967.79668428853	0.40349905998173696	5834.560387608353	3.20983717795656	0.010145405025478827
13	ancient_02	3476.8177073911966	4740.0	4652.724110092167	4206.115724256766	5122.441203502449	0	1263.1822926088034	1263.1822926088034	8667.314360398788	19517.235466449598	0.8829732196713604	5834.560387608353	3.20983717795656	0.010145405025478827
13	ancient_03	4269.910233213551	5020.0	5042.523232271825	4671.432139617487	5463.262627262942	0	750.0897667864492	750.0897667864492	8667.314360398788	23029.225107316724	0.8688253075837634	5834.560387608353	3.20983717795656	0.010145405025478827
13	ancient_04	4633.330381807094	4240.0	4222.900521640397	3822.1189346652945	4637.378944593404	1	-393.33038180709445	393.33038180709445	8667.314360398788	24377.49124205877	0.8565533758524289	5834.560387608353	3.20983717795656	0.010145405025478827
13	ancient_05	4696.0272160341365	6560.0	6515.230227592312	6080.727735484579	6916.274076329326	0	1863.9727839658635	1863.9727839658635	8667.314360398788	24596.033849131105	0.8542685910946334	5834.560387608353	3.20983717795656	0.010145405025478827
13	ancient_06	5237.115191479071	5220.0	5232.226507321299	4810.271738831256	5680.346878361905	1	-17.115191479070745	17.115191479070745	8667.314360398788	26330.546822932083	0.8334733500782238	5834.560387608353	3.20983717795656	0.010145405025478827
13	ancient_07	5468.155399852861	5380.0	5384.2982364166955	4949.943905605896	5819.264614336343	1	-88.15539985286068	88.15539985286068	8667.314360398788	26996.797790202527	0.8243060971532898	5834.560387608353	3.20983717795656	0.010145405025478827
13	ancient_08	6430.835836830832	6000.0	6038.46151504844	5596.454226540701	6467.4374831975565	1	-430.8358368308318	430.8358368308318	8667.314360398788	29385.789682064194	0.7865133550248822	5834.560387608353	3.20983717795656	0.010145405025478827
13	ancient_09	7682.349234573944	8400.0	8420.089249635037	7734.081433409957	9126.862236789217	0	717.6507654260558	717.6507654260558	8667.314360398788	32083.253816636672	0.7487274402341346	5834.560387608353	3.20983717795656	0.010145405025478827
13	ancient_10	8219.758137756893	7800.0	7923.861412012205	7272.518532925625	8691.643339637378	1	-419.7581377568931	419.7581377568931	8667.314360398788	33774.87444041361	0.7494553801022774	5834.560387608353	3.20983717795656	0.010145405025478827
14	ancient_01	2099.063325955336	1960.0	1961.0946669853151	1868.113367580811	2051.2745823121677	0	-139.06332595533604	139.06332595533604	11642.531992605285	46585.14443717466	1.084956845935929	5594.822976102854	3.154654123364786	0.010055309183317554
14	ancient_02	2245.3330757586655	2280.0	2228.5918028476185	2084.961406813983	2368.3130351632276	1	34.66692424133453	34.66692424133453	11642.531992605285	42561.58475827019	1.103422656086994	5594.822976102854	3.154654123364786	0.010055309183317554
14	ancient_03	3241.755591243275	3480.0	3489.7629459609484	3238.164240498547	3776.5216485938195	1	238.24440875672508	238.24440875672508	11642.531992605285	29246.37783379822	1.0866467058652807	5594.822976102854	3.154654123364786	0.010055309183317554
14	ancient_04	6114.677704186061	6020.0	6037.119980478977	5794.651248666025	6290.504216722813	1	-94.67770418606142	94.67770418606142	11642.531992605285	29620.195054006235	0.7913249224463896	5594.822976102854	3.154654123364786	0.010055309183317554
14	ancient_05	6347.123651356369	6220.0	6248.5805234329355	6017.894662976544	6530.498060703674	1	-127.12365135636901	127.12365135636901	11642.531992605285	29635.745029436002	0.7767043868309605	5594.822976102854	3.154654123364786	0.010055309183317554
14	ancient_06	6900.48005575391	7060.0	7064.865555069089	6830.567405650692	7293.327427311796	1	159.51994424608984	159.51994424608984	11642.531992605285	29668.574307632138	0.7449207762053487	5594.822976102854	3.154654123364786	0.010055309183317554
14	ancient_07	7115.2089669016905	6880.0	6873.140867557902	6620.777855195275	7109.626202090349	0	-235.20896690169047	235.20896690169047	11642.531992605285	29679.946909366397	0.7335974523628416	5594.822976102854	3.154654123364786	0.010055309183317554
14	ancient_08	7801.728507371836	7420.0	7661.166465195991	7236.8244824932935	8376.61105414388	1	-381.7285073718358	381.7285073718358	11642.531992605285	31461.049320491937	0.7570490381959197	5594.822976102854	3.154654123364786	0.010055309183317554
14	ancient_09	8863.215673481911	8880.0	8890.333193867913	7868.5993274641805	9827.061973129694	1	16.784326518089074	16.784326518089074	11642.531992605285	37327.9227265507	0.8481617270437251	5594.822976102854	3.154654123364786	0.010055309183317554
14	ancient_10	9385.032189913585	10000.0	9650.140310914487	8961.875817294664	9987.132628970065	1	614.9678100864148	614.9678100864148	11642.531992605285	40029.56660324528	0.8731066914652418	5594.822976102854	3.154654123364786	0.010055309183317554
15	ancient_01	1045.560237472658	0.0	51.967698817301184	1.801462805248026	162.7111709462961	0	-1045.560237472658	1045.560237472658	33041.737601363886	70481.53786418871	0.3572598234122321	8074.626631702988	2.7352786693089612	0.009730334286069342
15	ancient_02	2071.1818685339267	2360.0	2356.095850242906	2275.9140930513977	2435.784002085183	0	288.8181314660733	288.8181314660733	8074.626631702988	33964.240090265455	1.1026349679853138	8074.626631702988	2.7352786693089612	0.009730334286069342
15	ancient_03	2313.74053626197	2320.0	2316.9473494800272	2251.8124050999963	2388.0427829104224	1	6.259463738029808	6.259463738029808	8074.626631702988	29215.68202069851	1.1322623627417117	8074.626631702988	2.7352786693089612	0.009730334286069342
15	ancient_04	2556.0163910601273	2280.0	2288.485782362323	2222.10957068269	2359.405579232562	0	-276.01639106012726	276.01639106012726	8074.626631702988	25862.968798244277	1.141224979401125	8074.626631702988	2.7352786693089612	0.009730334286069342
15	ancient_05	3796.1348891130397	5860.0	5943.991277045835	4803.732954578706	7091.01707899705	0	2063.8651108869603	2063.8651108869603	8074.626631702988	27917.42398515023	1.2246234279520343	8074.626631702988	2.7352786693089612	0.009730334286069342
15	ancient_06	5346.79161477925	6100.0	6124.480547784908	5100.513538389209	7149.398853166855	1	753.2083852207497	753.2083852207497	8074.626631702988	43066.874110792574	1.2348360394329359	8074.626631702988	2.7352786693089612	0.009730334286069342
15	ancient_07	6749.7516739693865	7240.0	7188.56757289713	6141.190865160234	8211.971662503245	1	490.2483260306135	490.2483260306135	8074.626631702988	53696.025090015646	1.1803893420227063	8074.626631702988	2.7352786693089612	0.009730334286069342
15	ancient_08	8099.9406942023015	7420.0	7418.263285609235	6255.224421570875	8626.484837025111	1	-679.9406942023015	679.9406942023015	8074.626631702988	60429.67074938808	1.1110606483088736	8074.626631702988	2.7352786693089612	0.009730334286069342
15	ancient_09	8112.098727966156	9100.0	9153.884756406447	8328.418174476523	9907.809400660171	0	987.9012720338442	987.9012720338442	8074.626631702988	60468.27907101991	1.1103501206049728	8074.626631702988	2.7352786693089612	0.009730334286069342
15	ancient_10	8621.6730966995	9160.0	9125.500947382538	8191.67855206461	9887.866602683509	1	538.3269033004999	538.3269033004999	8074.626631702988	62008.300190639304	1.0817016086483355	8074.626631702988	2.7352786693089612	0.009730334286069342
16	ancient_01	1481.685087867921	3140.0	2814.574634977126	2016.4171035267134	3300.000676186297	0	1658.314912132079	1658.314912132079	5563.168442219695	55202.4144897341	1.3019108671084778	5563.168442219695	3.2431432111495315	0.009965234320678626
16	ancient_02	2030.9159140917975	2100.0	2105.3871454796626	1368.5152797366727	2740.4576639828306	1	69.0840859082025	69.0840859082025	5563.168442219695	63582.496464510485	1.1359922987564899	5563.168442219695	3.2431432111495315	0.009965234320678626
16	ancient_03	2850.8652368481557	3220.0	3010.2806507134565	2335.4024873523317	3478.6404971121447	1	369.13476315184425	369.13476315184425	5563.168442219695	70951.65710348307	0.9742197471823426	5563.168442219695	3.2431432111495315	0.009965234320678626
16	ancient_04	2881.7666957597544	3380.0	3417.7303484531367	3015.034543810067	3727.9865028287986	0	498.2333042402456	498.2333042402456	5563.168442219695	71158.60957979428	0.9693860932550291	5563.168442219695	3.2431432111495315	0.009965234320678626
16	ancient_05	4987.9775075188945	5300.0	5288.383517474611	5050.861550348135	5516.006763253808	0	312.0224924811055	312.0224924811055	5563.168442219695	49512.53957169555	0.897430644662632	5563.168442219695	3.2431432111495315	0.009965234320678626
16	ancient_06	5798.07396271164	6340.0	6272.028491344977	5918.666025176307	6589.027879708744	0	541.92603728836	541.92603728836	5563.168442219695	45091.15721049837	0.86413508965311	5563.168442219695	3.2431432111495315	0.009965234320678626
16	ancient_07	6375.120485448297	6080.0	6108.316342180747	5830.151958835407	6394.4815248985105	1	-295.1204854482967	295.1204854482967	5563.168442219695	42800.67549225234	0.8405038452254207	5563.168442219695	3.2431432111495315	0.009965234320678626
16	ancient_08	7027.687720350911	7360.0	7318.2388390026335	6940.532974090746	7673.359123902615	1	332.31227964908885	332.31227964908885	5563.168442219695	40768.675034048916	0.814838033474019	5563.168442219695	3.2431432111495315	0.009965234320678626
16	ancient_09	8720.746077676806	8960.0	8949.840378142242	8570.70588516432	9333.757564345351	1	239.25392232319427	239.25392232319427	5563.168442219695	38172.99021662267	0.7445900285579607	5563.168442219695	3.2431432111495315	0.009965234320678626
16	ancient_10	8826.076560036574	9760.0	9692.590780337736	9202.202807279265	9981.611701431408	0	933.9234399634261	933.9234399634261	5563.168442219695	38072.676839580585	0.7405208838135324	5563.168442219695	3.2431432111495315	0.009965234320678626
17	ancient_01	447.2614085711679	540.0	602.8486800029383	491.8332222543695	829.668960284177	0	92.73859142883208	92.73859142883208	6837.578686934069	8377.325563155042	0.15196611070342134	5823.0265269089305	3.1045273532167545	0.009976901674628589
17	ancient_02	1661.9578310012605	1140.0	1131.2044921790243	732.4422376600656	1580.809144586005	0	-521.9578310012605	521.9578310012605	6837.578686934069	32010.76464316395	0.9585792274893041	5823.0265269089305	3.1045273532167545	0.009976901674628589
17	ancient_03	2287.975942877275	2100.0	2114.1123626710482	1585.3084784541404	2575.999249784048	1	-187.97594287727497	187.97594287727497	6837.578686934069	37584.04603616903	0.8578192122510458	5823.0265269089305	3.1045273532167545	0.009976901674628589
17	ancient_04	3274.6041489110044	3140.0	3010.28764856837	2696.041238994786	3184.5154217794548	0	-134.60414891100436	134.60414891100436	5889.243514055438	39518.651017451564	0.823372179838093	5823.0265269089305	3.1045273532167545	0.009976901674628589
17	ancient_05	4511.949244912757	4320.0	4327.839752757297	4277.43234730292	4379.3132063699495	0	-191.94924491275742	191.94924491275742	5889.243514055438	23446.520133458853	1.1014931270356103	5823.0265269089305	3.1045273532167545	0.009976901674628589
17	ancient_06	5341.607843385707	5060.0	5073.024721281611	4992.133803811084	5158.377844674905	0	-281.6078433857074	281.6078433857074	5889.243514055438	18918.35865292747	1.1292768295888393	5823.0265269089305	3.1045273532167545	0.009976901674628589
17	ancient_07	6241.518290861112	6160.0	6157.614579085741	6084.696882018188	6235.810602430935	0	-81.51829086111229	81.51829086111229	5889.243514055438	15988.543442756689	1.1222503146100884	5823.0265269089305	3.1045273532167545	0.009976901674628589
17	ancient_08	7103.45456771172	6900.0	6900.525815294295	6806.6323787332985	6990.938781457905	0	-203.4545677117203	203.4545677117203	5889.243514055438	14163.727451677978	1.1013507786486991	5823.0265269089305	3.1045273532167545	0.009976901674628589
17	ancient_09	7435.668111090004	7380.0	7383.924621153941	7303.941212678222	7468.047168990833	1	-55.66811109000355	55.66811109000355	5889.243514055438	13619.144485587101	1.09162707801804	5823.0265269089305	3.1045273532167545	0.009976901674628589
17	ancient_10	9890.510401635984	10000.0	9670.994208289192	9023.61068597725	9988.350010475553	1	109.48959836401627	109.48959836401627	5889.243514055438	20319.143836707786	1.1917020386708481	5823.0265269089305	3.1045273532167545	0.009976901674628589
18	ancient_01	1462.0554185621315	1240.0	1222.6943026633253	900.6099378780731	1506.361531061058	1	-222.05541856213154	222.05541856213154	14591.88129165291	37612.00932890046	0.5365676458316273	7663.094134524799	2.597960614859822	0.009877042357362
18	ancient_02	2246.2019125942634	2380.0	2365.22350519584	2151.7496445335664	2576.5342549162515	1	133.79808740573662	133.79808740573662	14591.88129165291	35097.97991058335	0.4430811344149547	7663.094134524799	2.597960614859822	0.009877042357362
18	ancient_03	2384.477339080967	2900.0	2830.7641069895935	2520.287842053144	3109.4068531348194	0	515.5226609190331	515.5226609190331	14591.88129165291	34836.428690172244	0.431097602139735	7663.094134524799	2.597960614859822	0.009877042357362
18	ancient_04	3164.4853896174686	3040.0	3240.1327536023755	2879.984227866409	3758.849233825102	1	-124.48538961746863	124.48538961746863	14591.88129165291	33834.361868928856	0.3787789271136083	7663.094134524799	2.597960614859822	0.009877042357362
18	ancient_05	4380.048388929005	4040.0	4090.3196769757665	3398.4888685716824	4829.23944338022	1	-340.04838892900534	340.04838892900534	14591.88129165291	44678.8514457985	0.5521632217355289	7663.094134524799	2.597960614859822	0.009877042357362
18	ancient_06	4469.738386664628	5200.0	5237.189313057272	4523.072187753937	6052.9541724045885	0	730.2616133353722	730.2616133353722	14591.88129165291	45332.47599178647	0.5559381605942156	7663.094134524799	2.597960614859822	0.009877042357362
18	ancient_07	4886.449025605959	6240.0	6222.521327211758	5432.409217365904	7112.46537626034	0	1353.550974394041	1353.550974394041	14591.88129165291	48159.012723796965	0.5674073522881211	7663.094134524799	2.597960614859822	0.009877042357362
18	ancient_08	5588.16250038049	4460.0	4439.623535890299	3764.959813329904	5158.941143382318	0	-1128.1625003804902	1128.1625003804902	14591.88129165291	52246.640073856295	0.5724858632994896	7663.094134524799	2.597960614859822	0.009877042357362
18	ancient_09	7135.92043128462	7880.0	7876.399059439865	7522.870070156462	8203.294999462458	0	744.0795687153804	744.0795687153804	14591.88129165291	59087.66825720918	0.5579595355923246	7663.094134524799	2.597960614859822	0.009877042357362
18	ancient_10	9108.9708978098	9360.0	9346.696223568119	9073.241471495181	9603.758118661739	1	251.0291021901994	251.0291021901994	14591.88129165291	52718.46334421704	0.5804872245520879	7663.094134524799	2.597960614859822	0.009877042357362
19	ancient_01	388.4902858439476	360.0	355.67847801508645	245.9654835609504	493.5288772643592	1	-28.490285843947618	28.490285843947618	32931.89500493675	49641.849022253016	0.3313751326229282	6661.806649882857	3.060159394125156	0.009946703024293506
19	ancient_02	569.0183223900391	580.0	418.8880016707312	138.1610222537903	589.098053314472	1	10.981677609960911	10.981677609960911	6661.806649882857	42771.85208266751	0.38932704748367875	6661.806649882857	3.060159394125156	0.009946703024293506
19	ancient_03	2743.053902525797	4380.0	4448.552109377258	3768.3966388813396	5160.197814117274	0	1636.9460974742028	1636.9460974742028	6661.806649882857	44439.04732091052	1.2634541697479302	6661.806649882857	3.060159394125156	0.009946703024293506
19	ancient_04	3030.529287516208	4600.0	4642.08787102974	3810.533680077427	5470.734981791699	0	1569.4707124837919	1569.4707124837919	6661.806649882857	49068.689729658596	1.2404048039336912	6661.806649882857	3.060159394125156	0.009946703024293506
19	ancient_05	5589.484928634115	4940.0	4996.388803953297	3978.978883921185	5992.617391534907	1	-649.484928634115	649.484928634115	6661.806649882857	79619.24095285773	1.0545053386719365	6661.806649882857	3.060159394125156	0.009946703024293506
19	ancient_06	5774.286929681688	6200.0	6407.090679682712	5521.002187986572	7316.520201166069	1	425.713070318312	425.713070318312	6661.806649882857	81109.14303422805	1.0424920416799972	6661.806649882857	3.060159394125156	0.009946703024293506
19	ancient_07	6284.368835478478	6720.0	6581.725813173166	5651.0759677733195	7411.2937485018065	1	435.6311645215219	435.6311645215219	6661.806649882857	84886.09645916877	1.010954696608656	6661.806649882857	3.060159394125156	0.009946703024293506
19	ancient_08	6899.174140697636	7460.0	7443.573292247397	6612.215247166441	8118.030128684201	1	560.8258593023638	560.8258593023638	6661.806649882857	88874.46071809213	0.975962217126131	6661.806649882857	3.060159394125156	0.009946703024293506
19	ancient_09	7482.1320750872865	5900.0	6172.937218546599	5351.605645487245	7176.244612941147	0	-1582.1320750872865	1582.1320750872865	6661.806649882857	92184.45572053088	0.9455761038013993	6661.806649882857	3.060159394125156	0.009946703024293506
19	ancient_10	8352.55508269342	8340.0	8317.250582722892	7701.847806981399	8830.565355879307	1	-12.555082693419536	12.555082693419536	6661.806649882857	91802.52939256652	0.8952902891544859	6661.806649882857	3.060159394125156	0.009946703024293506
20	ancient_01	911.4779453747457	920.0	915.6091107080119	855.6443955837251	980.0756357429752	1	8.522054625254327	8.522054625254327	5413.890729332036	20621.92876120141	1.473784589694269	5413.890729332036	3.280994405198486	0.00967953482271674
20	ancient_02	1145.610242795262	1220.0	1224.2659300037394	1180.5133854812796	1273.1930304391417	0	74.38975720473809	74.38975720473809	5413.890729332036	15690.079601449292	1.4209044203368413	5413.890729332036	3.280994405198486	0.00967953482271674
20	ancient_03	2002.195919222567	2720.0	2731.5527917277745	2324.161772102446	3164.0534750204497	0	717.804080777433	717.804080777433	5413.890729332036	18756.670234370034	1.2089880764711112	5413.890729332036	3.280994405198486	0.00967953482271674
20	ancient_04	3329.157442359798	3280.0	3122.568324236311	2553.4482403749694	3497.0086592108246	1	-49.1574423597981	49.1574423597981	5413.890729332036	23772.079867751847	0.9868809985419171	5413.890729332036	3.280994405198486	0.00967953482271674
20	ancient_05	5704.806734377135	6000.0	6007.328972430377	5769.331345558799	6250.319668403501	0	295.1932656228646	295.1932656228646	5413.890729332036	23153.71447565704	0.7545414418454889	5413.890729332036	3.280994405198486	0.00967953482271674
20	ancient_06	7609.927205197304	8600.0	8609.838616319143	7529.767584879654	9805.628299595503	1	990.0727948026961	990.0727948026961	5413.890729332036	23567.008566255165	0.6889130262721025	5413.890729332036	3.280994405198486	0.00967953482271674
20	ancient_07	8126.430016321196	8300.0	8503.431347239768	7514.0543731085445	9723.438114982586	1	173.56998367880442	173.56998367880442	5413.890729332036	26410.907537985517	0.7972930669781275	5413.890729332036	3.280994405198486	0.00967953482271674
20	ancient_08	8261.357267163496	9260.0	9102.018019169693	7954.024472939934	9937.74306040901	1	998.6427328365044	998.6427328365044	5413.890729332036	27144.98444254249	0.8188780770036258	5413.890729332036	3.280994405198486	0.00967953482271674
20	ancient_09	9169.551223431796	7540.0	8014.3871841912305	7372.405233816141	9102.007945012789	0	-1629.5512234317957	1629.5512234317957	5413.890729332036	31967.878489743278	0.9205606242965448	5413.890729332036	3.280994405198486	0.00967953482271674
20	ancient_10	9832.163331878459	9940.0	9237.31385807831	8012.268250124376	9967.259202578352	1	107.83666812154115	107.83666812154115	5413.890729332036	35338.973320283665	0.9640604380626412	5413.890729332036	3.280994405198486	0.00967953482271674
21	ancient_01	937.8008370918267	1040.0	1049.7454276723686	988.8417295612909	1116.1194336369508	0	102.19916290817332	102.19916290817332	5326.454882605195	18784.211688545238	1.249085132105735	5326.454882605195	3.2674902848770007	0.00991269552564569
21	ancient_02	2366.447286333846	2760.0	2754.0174818640144	2582.2866550471663	2929.590067009497	0	393.552713666154	393.552713666154	5326.454882605195	12359.87201931078	0.8986986093649589	5326.454882605195	3.2674902848770007	0.00991269552564569
21	ancient_03	3018.8061889927008	2880.0	2895.876068380926	2743.1303414505746	3056.3830743094545	1	-138.80618899270075	138.80618899270075	5326.454882605195	12207.169251241397	0.7960439868807436	5326.454882605195	3.2674902848770007	0.00991269552564569
21	ancient_04	3932.957389581194	3560.0	3801.7762020213627	3227.3906827762025	4426.751354191986	1	-372.9573895811941	372.9573895811941	5326.454882605195	15006.950310422942	0.81541727492759	5326.454882605195	3.2674902848770007	0.00991269552564569
21	ancient_05	4565.883183357061	4880.0	4884.465249198911	4329.451519894232	5397.412572433542	1	314.11681664293883	314.11681664293883	5326.454882605195	16896.850259727536	0.8125028811069616	5326.454882605195	3.2674902848770007	0.00991269552564569
21	ancient_06	4966.019031415922	4840.0	4863.130451578571	4373.120745330832	5377.987634081426	1	-126.01903141592175	126.01903141592175	5326.454882605195	17930.72102607644	0.8044962662424228	5326.454882605195	3.2674902848770007	0.00991269552564569
21	ancient_07	6269.588894176847	7660.0	7594.734085402068	6964.656525855309	8035.586881966809	0	1390.4111058231529	1390.4111058231529	5326.454882605195	20643.824855802493	0.7669921143265211	5326.454882605195	3.2674902848770007	0.00991269552564569
21	ancient_08	7434.718795566584	6600.0	6613.951691143922	6027.440429738194	7171.928944291005	0	-834.718795566584	834.718795566584	5326.454882605195	22455.5056147112	0.7308638195417817	5326.454882605195	3.2674902848770007	0.00991269552564569
21	ancient_09	8935.563725165817	9000.0	9008.278099929856	8663.06760286366	9345.607566205039	1	64.43627483418277	64.43627483418277	5326.454882605195	21426.74807357427	0.6777598116552989	5326.454882605195	3.2674902848770007	0.00991269552564569
21	ancient_10	9923.376453627076	10000.0	9950.230378665165	9826.002612246873	9998.347968759203	1	76.62354637292447	76.62354637292447	5326.454882605195	20868.868271874504	0.6480183240686566	5326.454882605195	3.2674902848770007	0.00991269552564569
22	ancient_01	182.62544004154168	1200.0	1209.1822104193334	1151.399804662521	1270.3226601162642	0	1017.3745599584583	1017.3745599584583	19429.551143715995	40596.216115893614	0.8106617847112734	5079.639843159366	3.249640259211535	0.009971126622375466
22	ancient_02	978.4008841897618	800.0	799.2332080431835	747.5083521951852	857.2708484574812	0	-178.40088418976177	178.40088418976177	11504.559053974815	27401.618108640738	0.8454937787449542	5079.639843159366	3.249640259211535	0.009971126622375466
22	ancient_03	2294.343144550578	2280.0	2289.4923421591825	2240.8233770219404	2339.0950966547707	1	-14.343144550578018	14.343144550578018	5079.639843159366	11828.131951813042	0.9513864111986096	5079.639843159366	3.249640259211535	0.009971126622375466
22	ancient_04	3324.973695514637	3340.0	3472.5420372384606	3157.143610944538	3990.2497993803963	1	15.026304485363198	15.026304485363198	5079.639843159366	10463.858659501097	0.996321616865004	5079.639843159366	3.249640259211535	0.009971126622375466
22	ancient_05	3665.5377897505705	3120.0	3234.1651518760814	3086.947697760854	3607.923097123774	0	-545.5377897505705	545.5377897505705	5079.639843159366	12750.269391022572	1.1321374835672242	5079.639843159366	3.249640259211535	0.009971126622375466
22	ancient_06	3711.4778923763856	3120.0	3341.4996860101915	3090.5772619003974	3908.011291761726	1	-591.4778923763856	591.4778923763856	5079.639843159366	13058.440720390618	1.1451547169356198	5079.639843159366	3.249640259211535	0.009971126622375466
22	ancient_07	4612.374864587448	5580.0	5566.920340398255	4928.631152799274	6265.852700182271	0	967.6251354125516	967.6251354125516	5079.639843159366	18946.736476042108	1.2751278471506036	5079.639843159366	3.249640259211535	0.009971126622375466
22	ancient_08	6177.383806404028	5620.0	5631.915347784361	4956.482452834039	6418.800135488015	1	-557.3838064040283	557.3838064040283	5079.639843159366	27941.166736725343	1.2879363976352816	5079.639843159366	3.249640259211535	0.009971126622375466
22	ancient_09	7033.5648769039635	7920.0	7926.962601647324	7368.491762064615	8495.369206335761	0	886.4351230960365	886.4351230960365	5079.639843159366	32119.599971366486	1.2637230398185009	5079.639843159366	3.249640259211535	0.009971126622375466
22	ancient_10	9288.047157148292	8480.0	8534.955392270047	8023.659884122725	9111.408176803101	0	-808.0471571482922	808.0471571482922	5079.639843159366	38184.87459281401	1.1437302428560254	5079.639843159366	3.249640259211535	0.009971126622375466
23	ancient_01	645.1926517795504	180.0	237.3883433015717	121.34433000898528	547.2103127022924	0	-465.1926517795504	465.1926517795504	6014.290766290242	29332.43316529786	0.8348285641815859	5630.6620459157475	2.383423366397441	0.009966241560390098
23	ancient_02	1225.0439280647086	60.0	108.05508525356635	4.972913039290325	317.1845481911765	0	-1165.0439280647086	1165.0439280647086	6014.290766290242	38133.26412321864	0.6660815698217557	5630.6620459157475	2.383423366397441	0.009966241560390098
23	ancient_03	2178.122388529898	2980.0	2967.229114439089	2625.426050123419	3180.6810325865576	0	801.8776114701018	801.8776114701018	6014.290766290242	34402.50403741947	0.527995657010024	5630.6620459157475	2.383423366397441	0.009966241560390098
23	ancient_04	2286.2722987236784	1540.0	1519.4539728504953	1302.1083432515745	1734.659479347333	0	-746.2722987236784	746.2722987236784	6014.290766290242	34078.47320029779	0.517103166629718	5630.6620459157475	2.383423366397441	0.009966241560390098
23	ancient_05	3956.110255004789	3980.0	3965.820946622731	3861.143507455996	4067.094793206467	1	23.889744995211004	23.889744995211004	5630.6620459157475	22764.151160928537	0.8063707780041223	5630.6620459157475	2.383423366397441	0.009966241560390098
23	ancient_06	5421.979054677861	5740.0	5762.995775965899	5686.7178749605455	5855.916801925743	0	318.0209453221387	318.0209453221387	5630.6620459157475	15603.720602656069	0.9270376563391415	5630.6620459157475	2.383423366397441	0.009966241560390098
23	ancient_07	6132.462522052211	7180.0	7178.800909240919	7049.056561986121	7307.357200784016	0	1047.5374779477888	1047.5374779477888	5630.6620459157475	13865.715205586252	0.9307277183077347	5630.6620459157475	2.383423366397441	0.009966241560390098
23	ancient_08	7889.803061643045	8100.0	7979.321706539263	7726.850968379949	8212.711639609883	1	210.1969383569549	210.1969383569549	5630.6620459157475	11474.436597611066	0.8946534881662694	5630.6620459157475	2.383423366397441	0.009966241560390098
23	ancient_09	9592.58090738266	9600.0	9535.033576403204	9261.433122687607	9768.156970778873	1	7.419092617339629	7.419092617339629	5630.6620459157475	10535.063084830097	0.8319422241876336	5630.6620459157475	2.383423366397441	0.009966241560390098
23	ancient_10	9990.112752877636	9720.0	9690.348193404394	9384.3852643001	9908.583025291664	0	-270.112752877636	270.112752877636	5630.6620459157475	10370.454038039194	0.8188838962190593	5630.6620459157475	2.383423366397441	0.009966241560390098
24	ancient_01	484.1396974623946	700.0	687.7812766692646	623.3499323227574	743.8104292350068	0	215.86030253760538	215.86030253760538	6313.7320644018755	7281.323046155596	0.14711946743780852	5388.966739911333	3.294549573660225	0.009957862053670438
24	ancient_02	2001.1608116076106	2120.0	2153.551450199129	2060.974697903385	2288.4570634031857	0	118.83918839238936	118.83918839238936	5410.337245954083	6750.881041642953	0.20051904826517486	5388.966739911333	3.294549573660225	0.009957862053670438
24	ancient_03	2783.0419765849924	2900.0	2907.320308426263	2820.0158474664563	3005.6536804014318	0	116.95802341500757	116.95802341500757	5410.337245954083	7158.506422532781	0.19418839660869816	5388.966739911333	3.294549573660225	0.009957862053670438
24	ancient_04	4567.416331074757	5720.0	5780.092794388213	4483.444726412039	7077.129361311524	1	1152.5836689252428	1152.5836689252428	5410.337245954083	17769.036631619314	1.3460698469091372	5388.966739911333	3.294549573660225	0.009957862053670438
24	ancient_05	4926.256246358845	6060.0	6203.674794667274	4947.6142778455915	7441.151399700274	0	1133.7437536411553	1133.7437536411553	5410.337245954083	20564.113198650142	1.3969866284874168	5388.966739911333	3.294549573660225	0.009957862053670438
24	ancient_06	6948.128605298998	8220.0	8189.727650295022	7698.625313166271	8683.034949323872	0	1271.871394701002	1271.871394701002	5410.337245954083	35326.94705672074	1.4481179277838747	5388.966739911333	3.294549573660225	0.009957862053670438
24	ancient_07	8084.16333405043	8940.0	8934.132232155582	8493.243125654344	9363.58085548656	0	855.8366659495696	855.8366659495696	5410.337245954083	38768.0176397794	1.382851299127628	5388.966739911333	3.294549573660225	0.009957862053670438
24	ancient_08	8382.451800225896	7660.0	7477.806358873855	6501.74255524804	8109.804392226531	0	-722.4518002258956	722.4518002258956	5410.337245954083	38699.3474780042	1.3580555008943123	5388.966739911333	3.294549573660225	0.009957862053670438
24	ancient_09	8979.81303684231	8420.0	8429.830141259401	8021.265587508018	8884.55184631724	0	-559.8130368423099	559.8130368423099	5410.337245954083	38575.85016295653	1.3121620871587933	5388.966739911333	3.294549573660225	0.009957862053670438
24	ancient_10	9532.607431609089	9580.0	9572.726635019226	9108.846613704194	9960.649920528589	1	47.39256839091104	47.39256839091104	5410.337245954083	38475.64628169896	1.2735910272972173	5388.966739911333	3.294549573660225	0.009957862053670438
25	ancient_01	666.1157682622809	700.0	724.3335499888622	536.1515485404293	970.2824846171345	1	33.88423173771912	33.88423173771912	14639.164159138832	28728.565548731585	0.8664405681393244	6425.421890964783	3.090379724997785	0.010068897194578286
25	ancient_02	3753.2614276596964	3680.0	3696.259711927615	3425.2182757123755	3969.466071647709	1	-73.26142765969644	73.26142765969644	6425.421890964783	13534.11390186292	0.8238806362191662	6425.421890964783	3.090379724997785	0.010068897194578286
25	ancient_03	5431.204728973332	5780.0	5766.290760066215	5420.872901717691	6080.399089712788	1	348.79527102666816	348.79527102666816	6425.421890964783	15506.234861136885	0.714467366842374	6425.421890964783	3.090379724997785	0.010068897194578286
25	ancient_04	5701.017601390841	5860.0	5889.969894875581	5490.296593458649	6276.758272255154	1	158.98239860915874	158.98239860915874	6425.421890964783	15731.145288101505	0.7003421193583756	6425.421890964783	3.090379724997785	0.010068897194578286
25	ancient_05	5812.996065529589	6220.0	6206.5656035018355	5895.447737579486	6519.625210312019	0	407.00393447041097	407.00393447041097	6425.421890964783	15819.232713425583	0.6947072775362815	6425.421890964783	3.090379724997785	0.010068897194578286
25	ancient_06	5984.485518597023	6200.0	6213.030233729928	5917.6346730695195	6497.9419560409715	1	215.51448140297725	215.51448140297725	6425.421890964783	15948.629812756648	0.6863221020697919	6425.421890964783	3.090379724997785	0.010068897194578286
25	ancient_07	8702.390654820767	9000.0	8961.994971624541	8214.35127185544	9649.048403846828	1	297.60934517923306	297.60934517923306	6425.421890964783	19406.482886065598	0.6763586025632826	6425.421890964783	3.090379724997785	0.010068897194578286
25	ancient_08	9097.659436564318	8600.0	8593.159649560332	7819.267204674712	9364.49915226737	1	-497.65943656431773	497.65943656431773	6425.421890964783	20158.688784835	0.6851455431579855	6425.421890964783	3.090379724997785	0.010068897194578286
25	ancient_09	9270.807750827771	9300.0	9264.537698692613	8560.32476650445	9873.2892569025	1	29.192249172228912	29.192249172228912	6425.421890964783	20476.38715929996	0.6881166725851585	6425.421890964783	3.090379724997785	0.010068897194578286
25	ancient_10	9690.904186299103	9320.0	9289.651585653115	8595.227196570815	9904.05259651215	1	-370.90418629910346	370.90418629910346	6425.421890964783	21218.823352978976	0.6935217574284018	6425.421890964783	3.090379724997785	0.010068897194578286
26	ancient_01	123.7510306816647	0.0	43.994720570000325	1.8054189137745618	112.63951983348862	0	-123.7510306816647	123.7510306816647	10916.788238585874	69281.2369627514	0.9005611087738232	5701.261768137762	2.9363753245148434	0.00984318743118993
26	ancient_02	275.7265726302682	820.0	800.585367025158	716.9909927203149	875.1740596884982	0	544.2734273697317	544.2734273697317	10916.788238585874	31273.67170874957	1.069829327782859	5701.261768137762	2.9363753245148434	0.00984318743118993
26	ancient_03	353.28119931674064	800.0	921.2264203111579	732.2740029748863	1383.4013946354894	0	446.71880068325936	446.71880068325936	10916.788238585874	35223.06533177457	0.9713707329334793	5701.261768137762	2.9363753245148434	0.00984318743118993
26	ancient_04	1790.6104703171766	2060.0	2049.153912614287	1972.9449657125617	2118.091482943367	0	269.3895296828234	269.3895296828234	5701.261768137762	15334.082519282945	0.8740822868583527	5701.261768137762	2.9363753245148434	0.00984318743118993
26	ancient_05	2310.9914496774554	2620.0	2616.063349643335	2534.2578258230155	2696.01500512975	0	309.0085503225446	309.0085503225446	5701.261768137762	12271.634752384121	0.8733670893493832	5701.261768137762	2.9363753245148434	0.00984318743118993
26	ancient_06	2735.7405842287817	2880.0	2846.9033634021916	2717.527600252245	2919.914953633761	1	144.2594157712183	144.2594157712183	5701.261768137762	10894.610862197598	0.8493641377984119	5701.261768137762	2.9363753245148434	0.00984318743118993
26	ancient_07	5594.534845504162	6200.0	6336.637569594258	5539.51777809857	7247.599302392567	1	605.4651544958379	605.4651544958379	5701.261768137762	21960.26775562175	1.090135123553248	5701.261768137762	2.9363753245148434	0.00984318743118993
26	ancient_08	6009.290835540245	6920.0	6848.551177355246	5967.93208524082	7568.9979252998155	1	910.7091644597549	910.7091644597549	5701.261768137762	23569.979876119134	1.0834530278775902	5701.261768137762	2.9363753245148434	0.00984318743118993
26	ancient_09	6061.44012528635	5580.0	5411.4218032933895	4458.1989634821175	6307.381370804664	1	-481.44012528634994	481.44012528634994	5701.261768137762	23764.26796941339	1.0823755531610317	5701.261768137762	2.9363753245148434	0.00984318743118993
26	ancient_10	8068.831230386475	8040.0	8124.713778646682	7684.195919600585	8627.736966861868	1	-28.831230386475	28.831230386475	5701.261768137762	28779.338621575724	1.0051336552923207	5701.261768137762	2.9363753245148434	0.00984318743118993
27	ancient_01	1029.966037846649	1100.0	1127.3503642921416	995.1434530887625	1272.4499303701361	1	70.03396215335101	70.03396215335101	5144.6198319632185	10914.944532732963	0.6058357140607616	5144.6198319632185	2.7749124102238536	0.010268839103869654
27	ancient_02	1136.778728161183	1760.0	1749.9834340543553	1640.3894781104013	1827.283852209805	0	623.2212718388171	623.2212718388171	5144.6198319632185	11003.149440506044	0.5772126776500683	5144.6198319632185	2.7749124102238536	0.010268839103869654
27	ancient_03	1175.371350380635	1420.0	1463.1973758475915	1359.1183796585449	1673.2541935020529	0	244.62864961936498	244.62864961936498	5144.6198319632185	11031.224586960772	0.5678258279921534	5144.6198319632185	2.7749124102238536	0.010268839103869654
27	ancient_04	2966.999047738249	3160.0	3179.861119877587	3042.8614937824905	3321.317980218686	0	193.00095226175108	193.00095226175108	5144.6198319632185	8111.518357153703	0.4579210984950408	5144.6198319632185	2.7749124102238536	0.010268839103869654
27	ancient_05	3245.0909501271854	2820.0	2912.5761349871264	2719.8458490373423	3260.154841797099	1	-425.09095012718535	425.09095012718535	5144.6198319632185	8017.818664793945	0.44294847956351574	5144.6198319632185	2.7749124102238536	0.010268839103869654
27	ancient_06	3820.385559465833	4180.0	4208.475561850556	4042.161549311227	4396.461774537232	0	359.614440534167	359.614440534167	5144.6198319632185	8219.921447634524	0.4124968893069511	5144.6198319632185	2.7749124102238536	0.010268839103869654
27	ancient_07	4535.297634982582	4900.0	4884.15008382077	4682.64848183433	5046.852481170445	0	364.70236501741783	364.70236501741783	5144.6198319632185	8403.899348646346	0.382034249913719	5144.6198319632185	2.7749124102238536	0.010268839103869654
27	ancient_08	7233.188242153608	7120.0	7093.585960036161	6868.425916252025	7292.905420029168	1	-113.18824215360837	113.18824215360837	5144.6198319632185	8782.977004627977	0.30787137028767053	5144.6198319632185	2.7749124102238536	0.010268839103869654
27	ancient_09	9791.194447545906	9380.0	9383.666978009374	8973.507258005908	9781.281524977143	0	-411.19444754590586	411.19444754590586	5144.6198319632185	10458.1306214394	0.4085040653124484	5144.6198319632185	2.7749124102238536	0.010268839103869654
27	ancient_10	9846.009136317776	9660.0	9664.960428400502	9288.36273756632	9970.21931783259	1	-186.0091363177762	186.0091363177762	5144.6198319632185	10490.930714713431	0.40950956456949794	5144.6198319632185	2.7749124102238536	0.010268839103869654
28	ancient_01	30.917630752250737	0.0	0.00012806833582802834	0.5000016008593207	19.500062433513506	0	-30.917630752250737	30.917630752250737	18718.31672339972	18718.31672339972	0.0	16603.55126014183	1.7178452456771733	0.009870304867778339
28	ancient_02	2226.066924051494	2540.0	2532.7983162943474	2429.052820903342	2633.5447235624733	0	313.93307594850603	313.93307594850603	16603.55126014183	19604.8616387814	0.11790861724138939	16603.55126014183	1.7178452456771733	0.009870304867778339
28	ancient_03	3451.235389172136	3840.0	3867.7575969629634	3470.6733453381607	4325.423452410843	0	388.7646108278641	388.7646108278641	16603.55126014183	21117.70860942474	0.3071957747543601	16603.55126014183	1.7178452456771733	0.009870304867778339
28	ancient_04	4312.6485700841695	5220.0	5214.608661925708	4853.450301569686	5654.695855416505	0	907.3514299158305	907.3514299158305	16603.55126014183	25603.882878124638	0.47348574156779566	16603.55126014183	1.7178452456771733	0.009870304867778339
28	ancient_05	4593.792278848219	5400.0	5345.824568599409	4889.221874237209	5776.033264139049	0	806.2077211517808	806.2077211517808	16603.55126014183	26842.255766215338	0.49466232761157497	16603.55126014183	1.7178452456771733	0.009870304867778339
28	ancient_06	6308.05212725244	6720.0	6727.011633944976	6334.052831482879	7136.682350862548	0	411.9478727475598	411.9478727475598	16603.55126014183	32683.72857454313	0.5311188608035472	16603.55126014183	1.7178452456771733	0.009870304867778339
28	ancient_07	6361.605393095937	5800.0	5831.034202435467	5450.586799261689	6212.871209442382	0	-561.605393095937	561.605393095937	16603.55126014183	32829.226277298905	0.5310711227190379	16603.55126014183	1.7178452456771733	0.009870304867778339
28	ancient_08	6599.733089684619	5320.0	5338.799064029643	4949.486480119096	5777.805387001219	0	-1279.7330896846188	1279.7330896846188	16603.55126014183	33454.858169344974	0.5304533967339673	16603.55126014183	1.7178452456771733	0.009870304867778339
28	ancient_09	6728.030131444518	7260.0	7207.755269384943	6717.468015718234	7681.902550538637	1	531.9698685554822	531.9698685554822	16603.55126014183	33778.14439772892	0.5298799132889928	16603.55126014183	1.7178452456771733	0.009870304867778339
28	ancient_10	9388.948377169307	10000.0	9891.467503497295	9640.607182014883	9996.602055184805	0	611.0516228306933	611.0516228306933	16603.55126014183	39337.54561456882	0.510010481631068	16603.55126014183	1.7178452456771733	0.009870304867778339
29	ancient_01	0.4580842293211429	60.0	60.714265307435774	7.172859828858448	155.1438780744001	0	59.541915770678855	59.541915770678855	7980.518646548073	7980.518646548073	0.0	6523.576237776911	2.206239454189575	0.010140724946695096
29	ancient_02	56.43551252443646	840.0	951.577316849874	572.0353327778463	1331.8295475162088	0	783.5644874755635	783.5644874755635	7980.518646548073	7980.518646548073	0.0	6523.576237776911	2.206239454189575	0.010140724946695096
29	ancient_03	1437.0056315433856	2160.0	2052.375637844464	1789.0944063672027	2251.122025937758	0	722.9943684566144	722.9943684566144	7980.518646548073	27985.13650641585	0.5645713272849904	6523.576237776911	2.206239454189575	0.010140724946695096
29	ancient_04	2399.813429458494	2480.0	2479.1958592309966	2360.2025568920353	2594.043507167553	1	80.18657054150617	80.18657054150617	7980.518646548073	18445.769335094854	0.6709639841731718	6523.576237776911	2.206239454189575	0.010140724946695096
29	ancient_05	2811.8078686527424	2860.0	2857.963442597531	2738.9337945450234	2973.802608090019	1	48.1921313472576	48.1921313472576	7980.518646548073	16838.661825625495	0.6577476338881879	6523.576237776911	2.206239454189575	0.010140724946695096
29	ancient_06	4131.193792284494	4280.0	4269.024019622381	3476.6420329869934	5067.759373558453	1	148.8062077155064	148.8062077155064	7980.518646548073	21621.22036358039	0.7918593608924712	6523.576237776911	2.206239454189575	0.010140724946695096
29	ancient_07	6403.652113183676	4840.0	4832.017174030169	4088.8388705794605	5589.5915786497535	0	-1563.6521131836762	1563.6521131836762	7980.518646548073	30919.24108954339	0.7982056835477235	6523.576237776911	2.206239454189575	0.010140724946695096
29	ancient_08	8299.530476773632	9100.0	9130.147671646817	8844.989064897436	9428.535448624343	0	800.4695232263675	800.4695232263675	7980.518646548073	31797.34235994245	0.7624061947441656	6523.576237776911	2.206239454189575	0.010140724946695096
29	ancient_09	8738.524098895121	8180.0	8211.157541421231	7887.914299143535	8538.423908688363	0	-558.5240988951209	558.5240988951209	7980.518646548073	30810.848031449965	0.7555400264122972	6523.576237776911	2.206239454189575	0.010140724946695096
29	ancient_10	8763.902746738493	8500.0	8489.341893563002	8075.404227989809	8934.449978960392	1	-263.9027467384931	263.9027467384931	7980.518646548073	30757.73211730622	0.7551243402445776	6523.576237776911	2.206239454189575	0.010140724946695096
30	ancient_01	373.0820253349332	520.0	525.904397181785	441.33027426503463	600.532592637004	0	146.91797466506682	146.91797466506682	10749.290898595194	41648.75974688254	1.0285771587387185	6248.979050508883	2.758385247733184	0.009940473526384103
30	ancient_02	1015.3947240998962	920.0	927.7543392715888	844.6990727810538	1009.4736249619348	0	-95.39472409989617	95.39472409989617	7144.27392356052	14734.822706051293	1.0187090817430122	6248.979050508883	2.758385247733184	0.009940473526384103
30	ancient_03	2029.764432952027	1900.0	1950.8461820589198	1383.5679620991966	2809.214093341054	1	-129.76443295202694	129.76443295202694	7144.27392356052	23730.216289239255	1.1785539115721702	6248.979050508883	2.758385247733184	0.009940473526384103
30	ancient_04	2979.361888350457	3100.0	2840.056751599018	2015.3306155192201	3372.7023927150217	1	120.63811164954313	120.63811164954313	7144.27392356052	35271.560051721404	1.1322689024445771	6248.979050508883	2.758385247733184	0.009940473526384103
30	ancient_05	3322.466340545176	1580.0	1721.7264578951551	1322.8084058745214	2386.9495441317254	0	-1742.466340545176	1742.466340545176	7144.27392356052	35551.55723625356	1.1046280320519648	6248.979050508883	2.758385247733184	0.009940473526384103
30	ancient_06	3669.0808764849903	3640.0	3662.2297982023133	3479.4773169063874	3917.181765559425	1	-29.080876484990313	29.080876484990313	7144.27392356052	32928.7428449432	1.0776042537159627	6248.979050508883	2.758385247733184	0.009940473526384103
30	ancient_07	4278.108316419991	4740.0	4742.401441189351	4530.644124635502	4944.207835861817	0	461.89168358000916	461.89168358000916	7144.27392356052	29659.04701655783	1.0304403422522574	6248.979050508883	2.758385247733184	0.009940473526384103
30	ancient_08	5561.636597378469	5420.0	5374.701630413682	5095.448269336842	5624.852013419183	1	-141.63659737846865	141.63659737846865	7144.27392356052	25645.458198252	0.941927146258401	6248.979050508883	2.758385247733184	0.009940473526384103
30	ancient_09	6604.0693559981055	6640.0	6647.657165931477	6449.8534090495805	6839.2299737481135	1	35.93064400189451	35.93064400189451	7144.27392356052	23756.7956754227	0.8822709879805248	6248.979050508883	2.758385247733184	0.009940473526384103
30	ancient_10	8568.871750897384	9120.0	9091.708580947467	8072.207390400256	9919.350727840318	1	551.1282491026159	551.1282491026159	7144.27392356052	26557.56798681779	0.891628172572049	6248.979050508883	2.758385247733184	0.009940473526384103
31	ancient_01	363.1728200818485	0.0	20.753504543935207	0.9792356112474354	62.990204840263125	0	-363.1728200818485	363.1728200818485	6645.822223501602	24159.37453716499	0.7970568509209807	5926.160460162882	3.1424800325878923	0.01010999233884207
31	ancient_02	1072.1479886197583	200.0	223.09606674902523	91.75472833422158	409.2488199321897	0	-872.1479886197583	872.1479886197583	6645.822223501602	54830.912053664484	0.8260294691698981	5926.160460162882	3.1424800325878923	0.01010999233884207
31	ancient_03	2670.0954107212083	2460.0	2460.490720673047	2158.497079076885	2758.2309725457653	1	-210.09541072120828	210.09541072120828	6645.822223501602	53063.06665251662	0.5826821408336499	5926.160460162882	3.1424800325878923	0.01010999233884207
31	ancient_04	4643.868178563366	5280.0	5448.329237638809	4373.614459877657	6610.7159315347435	1	636.1318214366338	636.1318214366338	6645.822223501602	70593.3653496233	0.6362914545367958	5926.160460162882	3.1424800325878923	0.01010999233884207
31	ancient_05	5082.972884874063	5100.0	5007.32415122501	4085.9477512211415	5899.047525375936	1	17.02711512593669	17.02711512593669	6645.822223501602	74767.02122882563	0.6362275595187169	5926.160460162882	3.1424800325878923	0.01010999233884207
31	ancient_06	6823.32537504605	5520.0	5636.762541466651	4700.602942542785	6708.630011092741	0	-1303.3253750460499	1303.3253750460499	6645.822223501602	87297.36015611912	0.6096381643935488	5926.160460162882	3.1424800325878923	0.01010999233884207
31	ancient_07	7004.391564288332	6600.0	6644.200500448326	5647.068373307638	7599.161181313626	1	-404.3915642883321	404.3915642883321	6645.822223501602	88324.58195619391	0.6059770632246176	5926.160460162882	3.1424800325878923	0.01010999233884207
31	ancient_08	8177.4381996525035	9400.0	9341.826529221447	8669.87703084161	9915.757106659717	0	1222.5618003474965	1222.5618003474965	6645.822223501602	90249.21704891998	0.5710822181408884	5926.160460162882	3.1424800325878923	0.01010999233884207
31	ancient_09	8222.244448737561	8800.0	8735.312870102958	8068.294709686498	9363.250099538502	1	577.7555512624385	577.7555512624385	6645.822223501602	90208.36972148641	0.5695569033258608	5926.160460162882	3.1424800325878923	0.01010999233884207
31	ancient_10	9944.317885658204	9560.0	9482.92485458049	8849.745265555684	9959.010293108511	1	-384.3178856582035	384.3178856582035	6645.822223501602	88926.87303540012	0.5188414837716249	5926.160460162882	3.1424800325878923	0.01010999233884207
32	ancient_01	1105.7385604266801	1540.0	1539.3673917657916	1488.6015425204196	1593.1984810235995	0	434.2614395733199	434.2614395733199	12528.662321295893	38046.52341476172	0.7933202417549491	5551.482320247401	3.1555381846568427	0.009883557581244342
32	ancient_02	2766.8591974099654	2900.0	2894.154016082676	2810.984010767255	2978.2515020763076	0	133.14080259003458	133.14080259003458	5551.482320247401	14906.278314053987	1.1560537985731452	5551.482320247401	3.1555381846568427	0.009883557581244342
32	ancient_03	3103.3190296687485	3820.0	3762.941013415157	3452.7098466370935	4056.3032791600112	0	716.6809703312515	716.6809703312515	5551.482320247401	13392.499306559946	1.133960683852755	5551.482320247401	3.1555381846568427	0.009883557581244342
32	ancient_04	5206.374607012961	4920.0	4891.56160365074	4586.1939144089865	5169.153249398926	0	-286.37460701296095	286.37460701296095	5551.482320247401	16430.83117159883	0.9222541893322552	5551.482320247401	3.1555381846568427	0.009883557581244342
32	ancient_05	6158.630028646839	5680.0	5742.460441107601	5387.543594063993	6119.400788040206	0	-478.6300286468386	478.6300286468386	5551.482320247401	17322.316895891447	0.8569144397890178	5551.482320247401	3.1555381846568427	0.009883557581244342
32	ancient_06	7284.348353892645	6920.0	6894.496313483483	6549.087396719596	7200.10398540863	0	-364.3483538926448	364.3483538926448	5551.482320247401	18113.156169934307	0.7948126053967226	5551.482320247401	3.1555381846568427	0.009883557581244342
32	ancient_07	7759.509579414234	8900.0	8909.890126566626	7810.239260533596	9854.596818012857	0	1140.4904205857656	1140.4904205857656	5551.482320247401	19118.340906000456	0.8113407874523647	5551.482320247401	3.1555381846568427	0.009883557581244342
32	ancient_08	7968.809577752303	8860.0	8844.908831119486	7812.524606933192	9852.679661236934	1	891.1904222476969	891.1904222476969	5551.482320247401	19810.065701394953	0.8293474247473747	5551.482320247401	3.1555381846568427	0.009883557581244342
32	ancient_09	8739.375640575796	8280.0	8360.533253565669	7573.868183169799	9182.068791555877	1	-459.37564057579584	459.37564057579584	5551.482320247401	22250.659939434725	0.8756495428672235	5551.482320247401	3.1555381846568427	0.009883557581244342
32	ancient_10	9229.042998098786	7440.0	7648.63183748901	7161.580279992109	8364.632265771048	0	-1789.0429980987865	1789.0429980987865	5551.482320247401	23715.27698568178	0.8936489520610738	5551.482320247401	3.1555381846568427	0.009883557581244342
33	ancient_01	573.8892744547164	640.0	647.4514632585056	602.3044292249351	703.9981318331418	0	66.11072554528357	66.11072554528357	6848.293739795896	47621.89045907019	1.1782899610756603	6848.293739795896	2.8064416820224682	0.009885043942247332
33	ancient_02	2507.4173899154607	1320.0	1326.2825062041095	1264.893764972583	1422.8327643412692	0	-1187.4173899154607	1187.4173899154607	6848.293739795896	15133.29408716024	0.8652335356688351	6848.293739795896	2.8064416820224682	0.009885043942247332
33	ancient_03	2541.0127513135762	2460.0	2452.7487044151326	2328.1094081131837	2560.3942274529477	1	-81.01275131357625	81.01275131357625	6848.293739795896	15102.264092718251	0.8596776710794449	6848.293739795896	2.8064416820224682	0.009885043942247332
33	ancient_04	4377.557757071328	3080.0	3148.9904792269404	2955.9304046798497	3649.47382681991	0	-1297.5577570713276	1297.5577570713276	6848.293739795896	24982.797975674184	1.0826413447660845	6848.293739795896	2.8064416820224682	0.009885043942247332
33	ancient_05	4559.184385289933	5360.0	5347.464608636094	4569.537397209266	6270.1882838401425	0	800.8156147100672	800.8156147100672	6848.293739795896	26403.179822970327	1.0950415717552435	6848.293739795896	2.8064416820224682	0.009885043942247332
33	ancient_06	5652.188502356088	6580.0	6522.596516403478	5555.800492741461	7454.5176091731855	1	927.8114976439119	927.8114976439119	6848.293739795896	34165.306509308306	1.1154819738714807	6848.293739795896	2.8064416820224682	0.009885043942247332
33	ancient_07	5724.164108301518	8280.0	8263.477853102178	7951.885359825985	8556.185315323	0	2555.8358916984816	2555.8358916984816	6848.293739795896	34630.27249843357	1.1149006016392229	6848.293739795896	2.8064416820224682	0.009885043942247332
33	ancient_08	5789.710771474478	7600.0	6886.357552791358	5520.109350031039	7736.841689262442	1	1810.289228525522	1810.289228525522	6848.293739795896	35048.96041753565	1.1142457822969354	6848.293739795896	2.8064416820224682	0.009885043942247332
33	ancient_09	7512.060295591303	5620.0	6034.7994357287225	5014.369912629208	7283.678118810681	0	-1892.0602955913027	1892.0602955913027	6848.293739795896	44473.80680014814	1.07285552661305	6848.293739795896	2.8064416820224682	0.009885043942247332
33	ancient_10	9311.952451480103	10000.0	9967.022434697294	9877.330673551778	9998.81542648289	0	688.0475485198967	688.0475485198967	6848.293739795896	39565.14469699735	0.9927870001215342	6848.293739795896	2.8064416820224682	0.009885043942247332
34	ancient_01	404.93046916986964	380.0	381.3450589362802	311.80659823302676	438.1217678113662	1	-24.93046916986964	24.93046916986964	6616.587026233991	11947.658769686752	0.8453832059012	6616.587026233991	2.9608118121093945	0.010153725991408387
34	ancient_02	2812.9643396743677	3620.0	3605.193126089658	3494.8454410336	3692.9203210831524	0	807.0356603256323	807.0356603256323	6616.587026233991	40101.80673598128	1.085178744211411	6616.587026233991	2.9608118121093945	0.010153725991408387
34	ancient_03	3250.5680609330834	2000.0	2045.7983531852744	1357.887853415866	2828.633677422413	0	-1250.5680609330834	1250.5680609330834	6616.587026233991	42495.89528034859	1.0914696067799352	6616.587026233991	2.9608118121093945	0.010153725991408387
34	ancient_04	3376.3615752565966	3420.0	3420.6089553848965	3333.0194542326594	3523.63274478152	1	43.63842474340345	43.63842474340345	6616.587026233991	39841.534982149315	1.1200071436082288	6616.587026233991	2.9608118121093945	0.010153725991408387
34	ancient_05	5047.768919975245	5100.0	5126.432370655987	4986.598716779173	5284.4372273123545	1	52.2310800247551	52.2310800247551	6616.587026233991	22943.908671771977	1.2059279222206527	6616.587026233991	2.9608118121093945	0.010153725991408387
34	ancient_06	5331.033429760398	3980.0	4011.96626052341	3904.3316130955745	4157.185900353287	0	-1351.0334297603977	1351.0334297603977	6616.587026233991	21624.307683143285	1.1997980025915689	6616.587026233991	2.9608118121093945	0.010153725991408387
34	ancient_07	8953.993887075872	9020.0	9017.058386559678	8850.258807822212	9179.932276867023	1	66.00611292412759	66.00611292412759	6616.587026233991	13833.425402562594	1.0733751393395161	6616.587026233991	2.9608118121093945	0.010153725991408387
34	ancient_08	9064.812311515772	8500.0	8475.8120531163	8242.270964192241	8699.357579923731	0	-564.8123115157723	564.8123115157723	6616.587026233991	13710.582040550278	1.0698027197218987	6616.587026233991	2.9608118121093945	0.010153725991408387
34	ancient_09	9151.163318190505	8960.0	9031.260452604129	8804.528098602997	9289.147143574484	1	-191.16331819050538	191.16331819050538	6616.587026233991	13617.656875893304	1.0670208933450043	6616.587026233991	2.9608118121093945	0.010153725991408387
34	ancient_10	9255.200970014503	8960.0	8918.975393135393	8619.337806865751	9111.765276342821	0	-295.2009700145027	295.2009700145027	6616.587026233991	13508.811398034417	1.0636729477869136	6616.587026233991	2.9608118121093945	0.010153725991408387
35	ancient_01	196.74873138737058	520.0	467.9778701910327	243.85048733702624	706.7120029199597	0	323.2512686126294	323.2512686126294	5843.559099251426	18088.296745073163	1.111404865002933	5598.354412530162	3.2480649094034497	0.010024596884394643
35	ancient_02	340.7876434117252	460.0	433.384182292214	234.05863559069752	655.2049653307291	1	119.21235658827482	119.21235658827482	5843.559099251426	20752.644620443327	1.0428836299309825	5598.354412530162	3.2480649094034497	0.010024596884394643
35	ancient_03	2639.0271045643976	3420.0	3420.026651415325	3301.7394615255294	3549.349456737077	0	780.9728954356024	780.9728954356024	5843.559099251426	56777.008962731226	1.0167859768664937	5598.354412530162	3.2480649094034497	0.010024596884394643
35	ancient_04	2818.5233857887392	1100.0	1122.1330676773641	920.634146387555	1522.8459637870367	0	-1718.5233857887392	1718.5233857887392	5843.559099251426	60246.68894607559	1.0098228904721993	5598.354412530162	3.2480649094034497	0.010024596884394643
35	ancient_05	3838.550716663823	3420.0	3420.9239444992013	3291.2848300455353	3540.951774957732	0	-418.5507166638231	418.5507166638231	5843.559099251426	44244.93285074209	1.2533200912187872	5598.354412530162	3.2480649094034497	0.010024596884394643
35	ancient_06	4621.423851555546	4400.0	4412.8639870543875	4295.863258135879	4567.3229020011695	0	-221.4238515555462	221.4238515555462	5843.559099251426	32140.375148080362	1.3437375653656864	5598.354412530162	3.2480649094034497	0.010024596884394643
35	ancient_07	6363.0967721421675	5960.0	5961.401437800529	5749.492324867693	6177.016169787961	0	-403.09677214216754	403.09677214216754	5843.559099251426	20929.32557015538	1.3415131671870466	5598.354412530162	3.2480649094034497	0.010024596884394643
35	ancient_08	7618.63147478192	7360.0	7421.088349588224	7148.657825154147	7765.974610004061	1	-258.6314747819197	258.6314747819197	5843.559099251426	17468.850655123984	1.2927948176170025	5598.354412530162	3.2480649094034497	0.010024596884394643
35	ancient_09	8939.332656887498	9980.0	9789.882435961628	9420.665562710617	9992.1936646195	0	1040.6673431125018	1040.6673431125018	5843.559099251426	16172.793541354322	1.2077575465962826	5598.354412530162	3.2480649094034497	0.010024596884394643
35	ancient_10	9924.245158461035	10000.0	9854.364739302815	9619.503511006245	9993.803903678334	1	75.75484153896468	75.75484153896468	5843.559099251426	15474.558898293195	1.1539465853379076	5598.354412530162	3.2480649094034497	0.010024596884394643
36	ancient_01	784.8817729129021	700.0	680.518833297177	542.2368304184827	787.586170195001	1	-84.88177291290208	84.88177291290208	17722.758717884826	37341.07039777421	0.7472884523988729	17722.758717884826	1.6152380447592805	0.010082791634513517
36	ancient_02	1067.2562232626237	1240.0	1243.3753515488186	1161.9266608481726	1354.5350840543263	0	172.74377673737627	172.74377673737627	17722.758717884826	30658.723466718875	0.7202459056277223	17722.758717884826	1.6152380447592805	0.010082791634513517
36	ancient_03	4062.2116883766626	4960.0	4897.48294729571	4661.195207039243	5116.748904834983	0	897.7883116233374	897.7883116233374	17722.758717884826	44550.010492811176	0.564962412490074	17722.758717884826	1.6152380447592805	0.010082791634513517
36	ancient_04	4915.384911611871	6220.0	6139.85212589469	5788.26470879782	6444.34324742091	0	1304.6150883881292	1304.6150883881292	17722.758717884826	43295.57326625793	0.5173640717598418	17722.758717884826	1.6152380447592805	0.010082791634513517
36	ancient_05	5194.460788098906	4140.0	4097.439997465688	3850.188457229464	4317.791642058344	0	-1054.460788098906	1054.460788098906	17722.758717884826	42980.396929796785	0.5042075804799224	17722.758717884826	1.6152380447592805	0.010082791634513517
36	ancient_06	5317.762604543767	4840.0	4872.460092620333	4469.778528725261	5336.4650692803525	1	-477.76260454376734	477.76260454376734	17722.758717884826	42852.34264969409	0.4987040090399401	17722.758717884826	1.6152380447592805	0.010082791634513517
36	ancient_07	6164.348677371691	6340.0	6322.244925004132	6061.107900608614	6566.998240389805	1	175.65132262830866	175.65132262830866	17722.758717884826	42118.914413771534	0.4652112439305897	17722.758717884826	1.6152380447592805	0.010082791634513517
36	ancient_08	6614.421419929166	6720.0	6780.067904920559	6561.063856195365	7046.869594747666	1	105.5785800708336	105.5785800708336	17722.758717884826	41809.27877061068	0.44993440186673117	17722.758717884826	1.6152380447592805	0.010082791634513517
36	ancient_09	7112.119994640056	7080.0	7093.155637690765	6880.0863389341075	7310.085663658728	1	-32.119994640055666	32.119994640055666	17722.758717884826	41514.64349276251	0.43467120106070634	17722.758717884826	1.6152380447592805	0.010082791634513517
36	ancient_10	9308.621504328288	8680.0	8653.233101708023	8406.646148797096	8886.084626351183	0	-628.6215043282882	628.6215043282882	17722.758717884826	38480.34692647197	0.40696788652253346	17722.758717884826	1.6152380447592805	0.010082791634513517
37	ancient_01	415.8131279876043	0.0	56.07453736254826	1.7454790400907954	196.9185341710092	0	-415.8131279876043	415.8131279876043	5059.211273035614	30284.402611417034	1.5603660970581072	5059.211273035614	3.3058321743563006	0.009630992000934197
37	ancient_02	1497.0447207735137	1380.0	1397.7362167460574	1293.2211901065346	1476.2413326061076	0	-117.04472077351375	117.04472077351375	5059.211273035614	17137.74680624463	0.9864720036983131	5059.211273035614	3.3058321743563006	0.009630992000934197
37	ancient_03	2703.3069092951932	2320.0	2326.956379359664	2249.329893332684	2409.870647247441	0	-383.30690929519324	383.30690929519324	5059.211273035614	12384.254352600557	0.8184577824503194	5059.211273035614	3.3058321743563006	0.009630992000934197
37	ancient_04	3296.2923110011197	2920.0	2947.991238857817	2848.8683833259392	3055.4093044455026	0	-376.29231100111974	376.29231100111974	5059.211273035614	11570.878660953105	0.7555180225787407	5059.211273035614	3.3058321743563006	0.009630992000934197
37	ancient_05	3869.1814055761242	4420.0	4428.2641014447	4304.382407112479	4540.968396928846	0	550.8185944238758	550.8185944238758	5059.211273035614	11196.304983054584	0.7017990720242248	5059.211273035614	3.3058321743563006	0.009630992000934197
37	ancient_06	4232.060449522312	3460.0	3442.89664761962	3314.961040499501	3596.407968254204	0	-772.0604495223124	772.0604495223124	5059.211273035614	11015.996424613655	0.6731277841932721	5059.211273035614	3.3058321743563006	0.009630992000934197
37	ancient_07	4885.113774673268	4840.0	4882.278583824721	4529.346893621055	5184.146909884672	1	-45.11377467326838	45.11377467326838	5059.211273035614	10763.995679377702	0.6292852341154436	5059.211273035614	3.3058321743563006	0.009630992000934197
37	ancient_08	6850.478725156894	6140.0	6194.6400321322935	6028.206913086573	6386.354719204166	0	-710.4787251568941	710.4787251568941	5059.211273035614	10310.698226947885	0.5357152946916974	5059.211273035614	3.3058321743563006	0.009630992000934197
37	ancient_09	8525.161045858431	8900.0	8840.333389378053	8513.528661038465	9116.055706718213	1	374.83895414156905	374.83895414156905	5059.211273035614	10724.609992713496	0.49867185876790815	5059.211273035614	3.3058321743563006	0.009630992000934197
37	ancient_10	9515.045067013969	9000.0	8971.427849258673	8621.443767443143	9297.288888171557	0	-515.045067013969	515.045067013969	5059.211273035614	11128.311910870234	0.4843164998914135	5059.211273035614	3.3058321743563006	0.009630992000934197
38	ancient_01	1661.81390765598	1620.0	1622.791051322701	1481.3151422554583	1774.403321355272	1	-41.813907655980074	41.813907655980074	7630.008417307958	65714.386337625	0.8544499408295971	7630.008417307958	2.9320961675193047	0.009932956353909186
38	ancient_02	4359.959508807928	4640.0	4613.975596942278	4211.250299147615	5000.741750666469	1	280.0404911920723	280.0404911920723	7630.008417307958	48293.96009303037	0.6777048612650728	7630.008417307958	2.9320961675193047	0.009932956353909186
38	ancient_03	4832.34022731487	6000.0	6060.633030252378	5645.7207251499	6527.499484612937	0	1167.6597726851296	1167.6597726851296	7630.008417307958	49772.24865253976	0.6502135670708131	7630.008417307958	2.9320961675193047	0.009932956353909186
38	ancient_04	5135.685406633962	6080.0	6058.434116591757	5614.514736064556	6490.199633603402	0	944.314593366038	944.314593366038	7630.008417307958	50597.13322145328	0.6341213969221877	7630.008417307958	2.9320961675193047	0.009932956353909186
38	ancient_05	5373.116034224571	4800.0	4710.701725183696	4229.986583752693	5175.256362763164	0	-573.1160342245712	573.1160342245712	7630.008417307958	51185.98165944234	0.6222838432411106	7630.008417307958	2.9320961675193047	0.009932956353909186
38	ancient_06	5477.244877137068	5260.0	5311.778910974173	4825.077512817871	5884.50788691451	1	-217.24487713706822	217.24487713706822	7630.008417307958	51430.109798973834	0.6172872594713857	7630.008417307958	2.9320961675193047	0.009932956353909186
38	ancient_07	7214.145991552361	5860.0	5816.8004730915745	5372.21540051563	6318.6653417859825	0	-1354.145991552361	1354.145991552361	7630.008417307958	54561.9190669201	0.5480158121140436	7630.008417307958	2.9320961675193047	0.009932956353909186
38	ancient_08	7290.172619037463	7860.0	7863.834770698573	7319.296091783955	8465.568322873947	0	569.8273809625371	569.8273809625371	7630.008417307958	54668.08992967928	0.5454795891819791	7630.008417307958	2.9320961675193047	0.009932956353909186
38	ancient_09	7447.089378773978	7660.0	7757.49757159786	7147.208184174062	8429.509555667395	1	212.91062122602216	212.91062122602216	7630.008417307958	54880.98895037271	0.5403519755795838	7630.008417307958	2.9320961675193047	0.009932956353909186
38	ancient_10	8439.35899712052	9280.0	9239.053332687214	8532.913022617438	9859.487886399676	0	840.6410028794799	840.6410028794799	7630.008417307958	57604.882729654484	0.5249837246279516	7630.008417307958	2.9320961675193047	0.009932956353909186
39	ancient_01	363.2210781073619	0.0	27.55557375394155	1.057471395679065	104.49607857408697	0	-363.2210781073619	363.2210781073619	15975.006906426155	39617.094699147085	0.5832501189029181	6405.871355063157	3.079549848583312	0.010280284123632175
39	ancient_02	1793.1028898946854	1320.0	1992.419423753514	1309.2564843501366	3035.965695033095	1	-473.1028898946854	473.1028898946854	6405.871355063157	26536.59426708082	1.3320964641879904	6405.871355063157	3.079549848583312	0.010280284123632175
39	ancient_03	2153.110172932102	1200.0	1197.9997700553536	1127.4480102714006	1267.4374483984482	0	-953.1101729321022	953.1101729321022	6405.871355063157	35015.402546913465	1.36406598801903	6405.871355063157	3.079549848583312	0.010280284123632175
39	ancient_04	3412.3247169535884	4140.0	4096.329294404344	3815.0148831442257	4262.474633745167	0	727.6752830464116	727.6752830464116	6405.871355063157	47615.534698761425	1.3352554137643742	6405.871355063157	3.079549848583312	0.010280284123632175
39	ancient_05	3548.2856314105725	3780.0	3774.205374111103	3643.09847139612	3936.4260410520315	0	231.71436858942752	231.71436858942752	6405.871355063157	44636.238454151484	1.34884033123988	6405.871355063157	3.079549848583312	0.010280284123632175
39	ancient_06	4303.848590558608	4540.0	4517.395771928033	4290.801021534081	4706.824621295094	1	236.1514094413924	236.1514094413924	6405.871355063157	33577.54439626747	1.3713449816082592	6405.871355063157	3.079549848583312	0.010280284123632175
39	ancient_07	5407.294378201071	5720.0	5730.270389162975	5580.885422252093	5907.897967425992	0	312.7056217989293	312.7056217989293	6405.871355063157	25560.023944207867	1.3368423265832525	6405.871355063157	3.079549848583312	0.010280284123632175
39	ancient_08	8351.30710777366	9060.0	9044.883486547165	8716.634456863985	9339.668908877547	0	708.6928922263396	708.6928922263396	6405.871355063157	18345.689736682423	1.171457524431864	6405.871355063157	3.079549848583312	0.010280284123632175
39	ancient_09	8794.252116859898	8080.0	8123.844011365902	7805.619430646946	8450.865872876397	0	-714.2521168598978	714.2521168598978	6405.871355063157	18064.78338736594	1.1435391194818398	6405.871355063157	3.079549848583312	0.010280284123632175
39	ancient_10	9704.875747824126	9760.0	9752.519194308628	9470.960077834556	9982.530877404615	1	55.12425217587406	55.12425217587406	6405.871355063157	17578.324627672573	1.0918682588903457	6405.871355063157	3.079549848583312	0.010280284123632175
40	ancient_01	1087.8292334484008	1480.0	1466.7823844539735	1342.604565310233	1625.7490875548551	0	392.1707665515992	392.1707665515992	5418.086790383247	20817.91591695704	1.2574797290690083	5418.086790383247	3.0991467630411744	0.009961043560382481
40	ancient_02	1155.8909896404257	1560.0	1543.2665124180876	1325.6403822295022	1665.7642546643267	0	404.1090103595743	404.1090103595743	5418.086790383247	19762.596802340064	1.237498671160681	5418.086790383247	3.0991467630411744	0.009961043560382481
40	ancient_03	3254.2816336046353	2920.0	2919.825510900514	2773.148847122535	3071.216284203949	0	-334.2816336046353	334.2816336046353	5418.086790383247	15461.800675855702	0.7956824819731674	5418.086790383247	3.0991467630411744	0.009961043560382481
40	ancient_04	5673.595487261017	4100.0	4097.461711573393	3661.9584004239587	4587.310416273897	0	-1573.5954872610173	1573.5954872610173	5418.086790383247	24948.43285115391	0.8191738389235613	5418.086790383247	3.0991467630411744	0.009961043560382481
40	ancient_05	6255.3579192525185	5980.0	5965.704947543553	5525.3324220825525	6397.319086584168	1	-275.3579192525185	275.3579192525185	5418.086790383247	26487.251554590726	0.8022302506224002	5418.086790383247	3.0991467630411744	0.009961043560382481
40	ancient_06	6406.470413140792	6280.0	6381.696878752251	5915.171441614086	6883.4834154389655	1	-126.4704131407916	126.4704131407916	5418.086790383247	26854.455082512348	0.7976466210071124	5418.086790383247	3.0991467630411744	0.009961043560382481
40	ancient_07	6837.313818737802	6640.0	6603.090840517496	6034.636787116673	7119.628343205734	1	-197.31381873780174	197.31381873780174	5418.086790383247	27836.43093807075	0.7844280181223777	5418.086790383247	3.0991467630411744	0.009961043560382481
40	ancient_08	8593.18286642039	8500.0	8451.94970973873	8095.370457083199	8796.725479236846	1	-93.18286642038947	93.18286642038947	5418.086790383247	28582.067654746847	0.7159243344393638	5418.086790383247	3.0991467630411744	0.009961043560382481
40	ancient_09	8739.693154178236	7460.0	7354.714111892031	6787.843758845409	7759.092416810046	0	-1279.693154178236	1279.693154178236	5418.086790383247	28514.23342752	0.7101313747916318	5418.086790383247	3.0991467630411744	0.009961043560382481
40	ancient_10	9913.933092266358	9560.0	9570.612693440991	9260.620317076276	9882.138637350337	0	-353.93309226635756	353.93309226635756	5418.086790383247	28047.412746199934	0.668270295197839	5418.086790383247	3.0991467630411744	0.009961043560382481
41	ancient_01	979.9688166547238	1300.0	1338.676864348789	1240.3639217614582	1620.8339250985828	0	320.0311833452762	320.0311833452762	7149.503501728941	17385.143974034436	0.9937056555907383	5047.247433431668	3.31682284352714	0.009868224657767922
41	ancient_02	3756.785188344044	4120.0	4116.037367949347	4022.1462967910443	4211.784469505687	0	363.21481165595605	363.21481165595605	5047.247433431668	28016.204799277395	1.2336674727302612	5047.247433431668	3.31682284352714	0.009868224657767922
41	ancient_03	4600.6287689415985	4340.0	4339.318051533596	4237.554499733004	4437.342157585991	0	-260.62876894159854	260.62876894159854	5047.247433431668	20458.810015894986	1.2972145383295135	5047.247433431668	3.31682284352714	0.009868224657767922
41	ancient_04	5536.804546970165	5660.0	5662.266960002305	5553.238224163456	5756.57251895814	0	123.19545302983533	123.19545302983533	5047.247433431668	16147.592286614316	1.2936143108117548	5047.247433431668	3.31682284352714	0.009868224657767922
41	ancient_05	5747.918438654662	6000.0	5952.919716107517	5750.087540064405	6116.0259510937785	0	252.08156134533783	252.08156134533783	5047.247433431668	15472.404133331027	1.2883409167049438	5047.247433431668	3.31682284352714	0.009868224657767922
41	ancient_06	5776.210098102401	6120.0	6102.717405971072	5949.372467977125	6262.229106746172	0	343.7899018975986	343.7899018975986	5047.247433431668	15387.743065404606	1.287559252671467	5047.247433431668	3.31682284352714	0.009868224657767922
41	ancient_07	5802.383808840341	5760.0	5758.524604321901	5658.394152943689	5865.876754667155	1	-42.38380884034086	42.38380884034086	5047.247433431668	15310.561898418397	1.2868219317044145	5047.247433431668	3.31682284352714	0.009868224657767922
41	ancient_08	6418.9351963123145	6200.0	6215.553000655442	6083.897719814769	6350.166823195757	0	-218.93519631231447	218.93519631231447	5047.247433431668	13762.590090364756	1.2664034342449904	5047.247433431668	3.31682284352714	0.009868224657767922
41	ancient_09	6755.084946215575	6700.0	6716.763455224065	6610.30756639441	6828.545084032227	1	-55.084946215574746	55.084946215574746	5047.247433431668	13092.463517209611	1.2536149955353533	5047.247433431668	3.31682284352714	0.009868224657767922
41	ancient_10	8356.798283954655	7900.0	8204.467330440473	7514.5390219157935	9302.570522175705	1	-456.79828395465483	456.79828395465483	5047.247433431668	14044.670581195487	1.2571715561284995	5047.247433431668	3.31682284352714	0.009868224657767922
42	ancient_01	1653.9735551598023	2700.0	2617.741216827936	2250.725083500645	2913.0462356800676	0	1046.0264448401977	1046.0264448401977	7876.496838050758	66975.67522292894	0.8782249873203914	7876.496838050758	2.926465942602748	0.00984624688888372
42	ancient_02	1815.3427133422983	1780.0	1777.1372237036485	1607.2276055888751	1962.3803338600455	1	-35.34271334229834	35.34271334229834	7876.496838050758	63018.04637889852	0.86066431371249	7876.496838050758	2.926465942602748	0.00984624688888372
42	ancient_03	2318.2229788347986	2140.0	2145.800644413555	1907.707708305233	2431.550928412332	1	-178.2229788347986	178.2229788347986	7876.496838050758	55036.551850639946	0.803903737574193	7876.496838050758	2.926465942602748	0.00984624688888372
42	ancient_04	2727.8759298419664	3420.0	3409.7848018603045	3178.4715852313548	3624.41379821302	0	692.1240701580336	692.1240701580336	7876.496838050758	51140.83937899276	0.7613870534912079	7876.496838050758	2.926465942602748	0.00984624688888372
42	ancient_05	5049.890021991845	4820.0	4792.397031774809	4590.167542761796	4972.9125570788365	0	-229.89002199184506	229.89002199184506	7876.496838050758	35491.14625615224	0.6965052219371186	7876.496838050758	2.926465942602748	0.00984624688888372
42	ancient_06	6722.596476901266	6940.0	6926.215805637317	6722.860756872719	7128.977898419715	0	217.40352309873379	217.40352309873379	7876.496838050758	31211.9370897101	0.6436223400536929	7876.496838050758	2.926465942602748	0.00984624688888372
42	ancient_07	7688.64279316613	7660.0	7664.5826365654	7395.397398735912	7863.142473144534	1	-28.642793166130105	28.642793166130105	7876.496838050758	29651.476143661934	0.6170240212408651	7876.496838050758	2.926465942602748	0.00984624688888372
42	ancient_08	8866.652918365056	8320.0	8320.83904698493	8117.106758294545	8549.040726685262	0	-546.6529183650564	546.6529183650564	7876.496838050758	27967.664081152372	0.5936707777981018	7876.496838050758	2.926465942602748	0.00984624688888372
42	ancient_09	9088.011207443069	9860.0	9805.651208249234	9540.734817386816	9986.395568711921	0	771.988792556931	771.988792556931	7876.496838050758	27708.933553085873	0.5893390024834237	7876.496838050758	2.926465942602748	0.00984624688888372
42	ancient_10	9150.1515684924	9280.0	9298.4975615199	8993.661764130144	9587.813385870166	1	129.84843150760025	129.84843150760025	7876.496838050758	27638.96732850961	0.5881297198009329	7876.496838050758	2.926465942602748	0.00984624688888372
43	ancient_01	143.67362215245706	760.0	542.5274678971714	29.246314485544403	1084.906298097009	1	616.326377847543	616.326377847543	91288.46554002792	109058.28887347768	0.117539312692502	8270.142547206206	2.6569078093097502	0.009917625717429447
43	ancient_02	352.2741217423431	1340.0	1223.1274317011948	753.6312678332348	1377.4063458371215	0	987.7258782576569	987.7258782576569	73230.7086544641	91334.15476155834	0.18550978338750945	8270.142547206206	2.6569078093097502	0.009917625717429447
43	ancient_03	563.3720941008047	420.0	337.59825316778165	26.311159183808456	659.3205681035341	1	-143.3720941008047	143.3720941008047	43616.452769336895	83998.6564773268	0.18359010655851757	8270.142547206206	2.6569078093097502	0.009917625717429447
43	ancient_04	671.2759304130101	1380.0	1380.359486698083	1228.5250313415354	1474.6324107948021	0	708.7240695869899	708.7240695869899	43616.452769336895	75599.85316213261	0.29364951380509907	8270.142547206206	2.6569078093097502	0.009917625717429447
43	ancient_05	1022.5875894420833	980.0	948.0330023618553	673.86543429582	1188.7356217150752	1	-42.5875894420833	42.5875894420833	43616.452769336895	62583.0260646987	0.35331499741440314	8270.142547206206	2.6569078093097502	0.009917625717429447
43	ancient_06	4409.2188694427905	4280.0	4237.935538829169	3966.340232347339	4475.684596375475	1	-129.2188694427905	129.2188694427905	8270.142547206206	16984.828689979196	0.8476559146310573	8270.142547206206	2.6569078093097502	0.009917625717429447
43	ancient_07	4527.29881961588	4540.0	4547.383625669814	4375.401678973932	4726.190267316388	1	12.701180384119652	12.701180384119652	8270.142547206206	16874.77792227774	0.8374712731007773	8270.142547206206	2.6569078093097502	0.009917625717429447
43	ancient_08	5094.698811044435	4740.0	4763.120381119536	4574.912522373817	4946.573377716973	0	-354.6988110444354	354.6988110444354	8270.142547206206	16424.707902489346	0.7931446755561291	8270.142547206206	2.6569078093097502	0.009917625717429447
43	ancient_09	8750.896481409114	8840.0	8760.9762905472	8196.564035678182	9350.473177046555	1	89.10351859088587	89.10351859088587	8270.142547206206	16933.145978430595	0.6590889377555994	8270.142547206206	2.6569078093097502	0.009917625717429447
43	ancient_10	9298.76612854292	9080.0	9108.196278024348	8515.537641422656	9736.949479006411	1	-218.76612854292034	218.76612854292034	8270.142547206206	17539.185438864013	0.6546410842829524	8270.142547206206	2.6569078093097502	0.009917625717429447
44	ancient_01	2990.0417567106806	1400.0	1436.7718381416166	1166.4338279645226	1705.761705518671	0	-1590.0417567106806	1590.0417567106806	5847.674868308664	67038.6970235927	0.5925101396669498	5847.674868308664	3.227238375425056	0.009984824910198045
44	ancient_02	5047.63946913717	3680.0	3656.997977413204	3029.149470307919	4309.224731162548	0	-1367.6394691371697	1367.6394691371697	5847.674868308664	87182.33557851447	0.5734590641986638	5847.674868308664	3.227238375425056	0.009984824910198045
44	ancient_03	5059.8959321169705	7640.0	7643.688742581515	7583.163839047168	7714.269463414085	0	2580.1040678830295	2580.1040678830295	5847.674868308664	87277.35819564147	0.5731905663645828	5847.674868308664	3.227238375425056	0.009984824910198045
44	ancient_04	5116.922819723167	2620.0	2554.8831711448465	2130.7420732138426	2942.1032436614864	0	-2496.922819723167	2496.922819723167	5847.674868308664	87714.82352426588	0.5719299822289613	5847.674868308664	3.227238375425056	0.009984824910198045
44	ancient_05	5685.970102136152	4720.0	4733.9431320982685	4272.277279169523	5291.04917051278	0	-965.9701021361516	965.9701021361516	5847.674868308664	91696.91393410446	0.5586524023566964	5847.674868308664	3.227238375425056	0.009984824910198045
44	ancient_06	5882.4838334138085	3880.0	4137.402984052083	3520.3184745088606	5016.710547455683	0	-2002.4838334138085	2002.4838334138085	5847.674868308664	92928.05627590719	0.5539071739336299	5847.674868308664	3.227238375425056	0.009984824910198045
44	ancient_07	6204.087132279371	5780.0	6045.286010637188	5074.499700615372	7050.910042292173	1	-424.08713227937096	424.08713227937096	5847.674868308664	94805.67048633493	0.5461024419545347	5847.674868308664	3.227238375425056	0.009984824910198045
44	ancient_08	7401.916626730483	2920.0	3042.2768321242042	2640.6366074892317	3721.886375089489	0	-4481.916626730483	4481.916626730483	5847.674868308664	100588.6915743085	0.5178080355989498	5847.674868308664	3.227238375425056	0.009984824910198045
44	ancient_09	7721.93444469987	2140.0	2154.5952835096195	1981.7544765588605	2334.047443567	0	-5581.93444469987	5581.93444469987	5847.674868308664	95384.6912839332	0.6064516672511732	5847.674868308664	3.227238375425056	0.009984824910198045
44	ancient_10	9292.032761244713	8640.0	8703.884526073873	8583.822979060302	8830.32218564149	0	-652.0327612447127	652.0327612447127	5847.674868308664	68959.24878188466	0.9073070784156042	5847.674868308664	3.227238375425056	0.009984824910198045
45	ancient_01	497.46409548728224	120.0	113.49744697876537	66.44634256478282	155.47955851036278	0	-377.46409548728224	377.46409548728224	5289.005172086847	24268.628358756723	1.3102795058863776	5199.257745569199	3.144246523780385	0.009900302219751972
45	ancient_02	1250.9434027548316	800.0	806.5550730240914	698.0202486196994	899.0548640130477	0	-450.9434027548316	450.9434027548316	5289.005172086847	18331.29047524222	0.9490742634457721	5199.257745569199	3.144246523780385	0.009900302219751972
45	ancient_03	1777.7981163233715	1320.0	1321.2316487260491	1203.0611179186924	1436.1950959226829	0	-457.79811632337146	457.79811632337146	5289.005172086847	16043.45118357239	0.8225506316979527	5199.257745569199	3.144246523780385	0.009900302219751972
45	ancient_04	2507.1772361233734	2980.0	2993.386453688431	2857.4848324957666	3117.267472177646	0	472.8227638766266	472.8227638766266	5289.005172086847	14550.508335077086	0.7092336194707266	5199.257745569199	3.144246523780385	0.009900302219751972
45	ancient_05	3535.7390120311884	3860.0	3874.1570038858845	3784.3002268139617	3997.5793567198916	0	324.2609879688116	324.2609879688116	5289.005172086847	12557.704230676909	0.6680456932406915	5199.257745569199	3.144246523780385	0.009900302219751972
45	ancient_06	3888.5825170828457	3220.0	3241.1010780406223	3172.4297423177263	3322.9860999962348	0	-668.5825170828457	668.5825170828457	5289.005172086847	11647.13256124624	0.6801245803134488	5199.257745569199	3.144246523780385	0.009900302219751972
45	ancient_07	5388.28434180246	5400.0	5393.994135812191	5249.728283213759	5547.780191363174	1	11.715658197539597	11.715658197539597	5289.005172086847	9441.529174206978	0.6694087854564545	5199.257745569199	3.144246523780385	0.009900302219751972
45	ancient_08	7324.054875506689	7120.0	7128.321458251742	7008.869901083914	7277.400567487343	0	-204.0548755066893	204.0548755066893	5289.005172086847	8176.31881146559	0.6223276498127994	5199.257745569199	3.144246523780385	0.009900302219751972
45	ancient_09	7335.927250037235	7180.0	7194.147544032459	7085.428159916069	7303.7256448880335	0	-155.92725003723535	155.92725003723535	5289.005172086847	8171.0211472281635	0.6220322050206814	5199.257745569199	3.144246523780385	0.009900302219751972
45	ancient_10	8829.288921318312	9480.0	9471.152891238135	9036.536185349014	9886.064889433479	0	650.7110786816884	650.7110786816884	5289.005172086847	9453.593112228717	0.6774277042154546	5199.257745569199	3.144246523780385	0.009900302219751972
46	ancient_01	2179.1816065336156	2080.0	2085.073547726099	2009.950844328462	2150.7962505682467	0	-99.18160653361565	99.18160653361565	5038.242714157624	18344.35939731797	1.058051961196513	5038.242714157624	3.070138167737049	0.010194475651803354
46	ancient_02	2873.656031347568	3060.0	3070.6518443639184	2989.734851993722	3208.9499723461586	0	186.34396865243207	186.34396865243207	5038.242714157624	15381.301256627235	0.9727887833532204	5038.242714157624	3.070138167737049	0.010194475651803354
46	ancient_03	3915.0500891226757	3920.0	4014.7290434715205	3266.0438314851212	4869.7675457095975	1	4.949910877324328	4.949910877324328	5038.242714157624	21501.36141811848	1.1571922071061553	5038.242714157624	3.070138167737049	0.010194475651803354
46	ancient_04	5774.8354617369905	7180.0	7053.057469556828	6065.059419698813	7792.704308324168	0	1405.1645382630095	1405.1645382630095	5038.242714157624	36217.434679649974	1.2166276121589896	5038.242714157624	3.070138167737049	0.010194475651803354
46	ancient_05	6353.6721041635265	8360.0	8330.066874916998	7320.927732464761	9137.175711061482	0	2006.3278958364735	2006.3278958364735	5038.242714157624	40026.42822522898	1.2021227012280602	5038.242714157624	3.070138167737049	0.010194475651803354
46	ancient_06	7372.0141853515415	7680.0	7494.809001110061	6551.270267038061	8258.11041806677	1	307.9858146484585	307.9858146484585	5038.242714157624	45940.739753527356	1.1678936240217017	5038.242714157624	3.070138167737049	0.010194475651803354
46	ancient_07	7826.741831113111	7700.0	7346.896859094971	6179.6900295289615	8264.035638122332	1	-126.7418311131114	126.7418311131114	5038.242714157624	47544.82838195474	1.1425651524309781	5038.242714157624	3.070138167737049	0.010194475651803354
46	ancient_08	7984.351122400965	6540.0	6526.802421897544	5582.487406807153	7469.6011430594235	0	-1444.3511224009653	1444.3511224009653	5038.242714157624	47971.128729660835	1.1329794971281983	5038.242714157624	3.070138167737049	0.010194475651803354
46	ancient_09	8592.039305502109	6860.0	6942.268594838299	5964.317933143797	7936.032509619145	0	-1732.0393055021086	1732.0393055021086	5038.242714157624	49498.912694169565	1.0980750529974355	5038.242714157624	3.070138167737049	0.010194475651803354
46	ancient_10	9192.913352869478	7720.0	7812.990503731657	6995.856064270364	8741.852791326044	0	-1472.9133528694783	1472.9133528694783	5038.242714157624	50849.74303807146	1.0664531330315183	5038.242714157624	3.070138167737049	0.010194475651803354
47	ancient_01	929.0675638972157	1420.0	1433.3898719461426	1224.8324965871898	1608.2480693640316	0	490.9324361027843	490.9324361027843	8352.013637270467	19305.727561962376	0.6504215838924174	8352.013637270467	2.668659610282244	0.009822810627720212
47	ancient_02	1797.2034007726056	1840.0	1837.9234964123136	1663.7044785494882	2012.3671752445262	1	42.79659922739438	42.79659922739438	8352.013637270467	23977.875683205275	0.5190488900468473	8352.013637270467	2.668659610282244	0.009822810627720212
47	ancient_03	2595.1300319228576	3100.0	3255.6695056913436	2926.369456383234	3712.063906059943	0	504.8699680771424	504.8699680771424	8352.013637270467	25526.197321824377	0.44203448592329325	8352.013637270467	2.668659610282244	0.009822810627720212
47	ancient_04	2724.991417767656	2640.0	2611.9064079698665	2383.6548424197495	2802.143792793835	1	-84.991417767656	84.991417767656	8352.013637270467	25698.220309868302	0.4324168307799255	8352.013637270467	2.668659610282244	0.009822810627720212
47	ancient_05	5255.0720233511265	6180.0	6159.5027246406125	5305.059291481691	7069.119198438947	0	924.9279766488735	924.9279766488735	8352.013637270467	41618.17799873456	0.6503436061195771	8352.013637270467	2.668659610282244	0.009822810627720212
47	ancient_06	5609.749328561481	7380.0	7111.183800442092	6380.605215760366	7580.830982472133	0	1770.250671438519	1770.250671438519	8352.013637270467	43502.69350048601	0.652123082220176	8352.013637270467	2.668659610282244	0.009822810627720212
47	ancient_07	6697.749310477936	7360.0	7328.4655036803015	6796.740051591756	7729.846563404538	0	662.250689522064	662.250689522064	8352.013637270467	48395.713377425294	0.6440197238980225	8352.013637270467	2.668659610282244	0.009822810627720212
47	ancient_08	8282.566378693957	7960.0	7983.198075692669	7732.534089971184	8206.945017346728	0	-322.5663786939567	322.5663786939567	8352.013637270467	47468.26893620694	0.6479308957749309	8352.013637270467	2.668659610282244	0.009822810627720212
47	ancient_09	9063.820153974464	9960.0	9903.965520523188	9738.52506860794	9995.762077535444	0	896.1798460255359	896.1798460255359	8352.013637270467	44507.98659192347	0.6539018484245002	8352.013637270467	2.668659610282244	0.009822810627720212
47	ancient_10	9274.197464966068	9860.0	9805.12713602839	9557.051351865663	9984.342553855906	0	585.8025350339321	585.8025350339321	8352.013637270467	43824.055437684736	0.6543852162639779	8352.013637270467	2.668659610282244	0.009822810627720212
48	ancient_01	1741.5519286018366	1600.0	1713.6641120311062	1355.4595715139246	2099.665293427657	1	-141.5519286018366	141.5519286018366	7556.525818541643	24564.96720614398	1.1268560573436854	7556.525818541643	2.7978988330830585	0.010098365296157385
48	ancient_02	2173.97745580568	1760.0	1791.8139137148296	1524.4532927959149	2104.443628756952	0	-413.97745580568017	413.97745580568017	7556.525818541643	28657.598770256798	1.05492301622044	7556.525818541643	2.7978988330830585	0.010098365296157385
48	ancient_03	2621.667027433553	2400.0	2416.83994390272	2150.2230973295427	2715.482207500376	1	-221.6670274335529	221.6670274335529	7556.525818541643	31861.47440987658	0.9886175212504943	7556.525818541643	2.7978988330830585	0.010098365296157385
48	ancient_04	2884.2388040043843	1340.0	1394.8084056215805	1300.8931825908167	1568.7352195138626	0	-1544.2388040043843	1544.2388040043843	7556.525818541643	33389.72133257911	0.9540987087133219	7556.525818541643	2.7978988330830585	0.010098365296157385
48	ancient_05	3544.3940131215268	2620.0	2614.309376126984	2360.7890258337134	2916.427954356546	0	-924.3940131215268	924.3940131215268	7556.525818541643	37779.84907503573	0.9014440078014311	7556.525818541643	2.7978988330830585	0.010098365296157385
48	ancient_06	4083.84258708265	3400.0	3470.735585005483	3069.4047782716566	3923.297118283657	0	-683.84258708265	683.84258708265	7556.525818541643	41340.849844651704	0.8709600044850221	7556.525818541643	2.7978988330830585	0.010098365296157385
48	ancient_07	4319.700473716634	3840.0	3807.9961014122227	3326.050930255277	4257.830276462037	0	-479.7004737166344	479.7004737166344	7556.525818541643	42698.56732454981	0.8574574594356791	7556.525818541643	2.7978988330830585	0.010098365296157385
48	ancient_08	5104.398228023269	6120.0	6057.9895253683735	5608.589648170357	6463.831881908519	0	1015.6017719767306	1015.6017719767306	7556.525818541643	46533.8338872913	0.8142076028610011	7556.525818541643	2.7978988330830585	0.010098365296157385
48	ancient_09	6599.551097810353	6940.0	7035.276541241181	6604.297636631056	7513.3250235774985	0	340.448902189647	340.448902189647	7556.525818541643	51803.27153468546	0.7429875526321135	7556.525818541643	2.7978988330830585	0.010098365296157385
48	ancient_10	8305.59938861557	8580.0	8651.33058595229	8109.2248027482565	9296.261341348043	1	274.4006113844298	274.4006113844298	7556.525818541643	55854.31751789233	0.6786517888795919	7556.525818541643	2.7978988330830585	0.010098365296157385
49	ancient_01	1366.4055567194844	1320.0	1287.7775332907172	1161.392707991942	1378.9843066611354	1	-46.405556719484366	46.405556719484366	6973.188004117058	23379.228292961427	0.5958146700319241	6973.188004117058	2.9233658339930653	0.009824113196423307
49	ancient_02	2523.6686547343056	2800.0	2817.185323749115	2703.56514853742	2953.8453514782823	0	276.3313452656944	276.3313452656944	6973.188004117058	18016.958617634074	0.5218740167514999	6973.188004117058	2.9233658339930653	0.009824113196423307
49	ancient_03	2891.3174713084886	2880.0	2897.6680132006823	2789.2512030512867	3033.1402929598203	1	-11.31747130848862	11.31747130848862	6973.188004117058	17325.819540939105	0.498220690373208	6973.188004117058	2.9233658339930653	0.009824113196423307
49	ancient_04	5744.151915150428	5880.0	5831.714050148099	5577.354514185707	6023.37357178031	1	135.84808484957193	135.84808484957193	6973.188004117058	17308.653727279438	0.35867315957622614	6973.188004117058	2.9233658339930653	0.009824113196423307
49	ancient_05	5762.495148432488	5720.0	5690.349935656724	5384.627450024995	5863.035729190067	1	-42.49514843248835	42.49514843248835	6973.188004117058	17310.13945789397	0.3581050598017891	6973.188004117058	2.9233658339930653	0.009824113196423307
49	ancient_06	6929.466511155469	7380.0	7371.699933360601	7160.77292309792	7600.31685036548	0	450.53348884453135	450.53348884453135	6973.188004117058	17388.67250319341	0.3267170253468917	6973.188004117058	2.9233658339930653	0.009824113196423307
49	ancient_07	7875.58424640878	6320.0	6332.698968228132	6119.73383430937	6568.710093533232	0	-1555.58424640878	1555.58424640878	6973.188004117058	17847.62360286325	0.3252119619631118	6973.188004117058	2.9233658339930653	0.009824113196423307
49	ancient_08	8630.205509763106	10000.0	9836.846295911919	9597.941014588641	9993.12630889153	0	1369.7944902368945	1369.7944902368945	6973.188004117058	18620.602819404725	0.33952277774940876	6973.188004117058	2.9233658339930653	0.009824113196423307
49	ancient_09	8710.34936303928	8520.0	8488.387082576255	8148.044040233706	8839.508668303926	1	-190.34936303928043	190.34936303928043	6973.188004117058	18696.5680261901	0.34058773876811793	6973.188004117058	2.9233658339930653	0.009824113196423307
49	ancient_10	9414.27717957271	10000.0	9974.592641167452	9899.835599339925	9999.020013867292	0	585.7228204272906	585.7228204272906	6973.188004117058	19319.625949895988	0.34730930444501695	6973.188004117058	2.9233658339930653	0.009824113196423307
50	ancient_01	1411.9262132873635	1700.0	1746.400997527935	1312.239390315168	2227.216592912744	1	288.07378671263655	288.07378671263655	22502.672435013377	30857.138340289206	0.5302617512726129	13419.464530494533	2.0986038238424047	0.010058240523142945
50	ancient_02	2999.227046508686	3700.0	3699.2945712906917	3522.6484858598847	3889.5360847868214	0	700.7729534913142	700.7729534913142	22502.672435013377	54975.841646368724	0.6550213538239799	13419.464530494533	2.0986038238424047	0.010058240523142945
50	ancient_03	4732.377295014926	4840.0	4843.066539411591	4608.653016052218	5077.065835823455	1	107.62270498507405	107.62270498507405	22502.672435013377	43253.96125754798	0.6506647436074546	13419.464530494533	2.0986038238424047	0.010058240523142945
50	ancient_04	6559.879462550753	6540.0	6556.8386176018785	6311.035075199119	6767.433267042485	1	-19.879462550752578	19.879462550752578	22502.672435013377	37250.81274151687	0.6026867911690846	13419.464530494533	2.0986038238424047	0.010058240523142945
50	ancient_05	6779.61903499931	6680.0	6669.362870827868	6461.531738462742	6867.774441055112	1	-99.61903499931032	99.61903499931032	22502.672435013377	36786.58162590856	0.5967857889346785	13419.464530494533	2.0986038238424047	0.010058240523142945
50	ancient_06	7913.847446122678	7400.0	7412.149711122991	7042.802037379476	7960.475130644583	1	-513.8474461226779	513.8474461226779	22502.672435013377	37346.99930094922	0.6030694213073001	13419.464530494533	2.0986038238424047	0.010058240523142945
50	ancient_07	8408.268482126523	8320.0	8345.699849559347	7625.274014612371	9055.885835957717	1	-88.26848212652294	88.26848212652294	22502.672435013377	39428.412080575254	0.6240087119476949	13419.464530494533	2.0986038238424047	0.010058240523142945
50	ancient_08	9472.772935185416	8080.0	8011.168315783552	7459.477668304513	8680.084007076297	0	-1392.772935185416	1392.772935185416	22502.672435013377	43468.567561446944	0.64868813004061	13419.464530494533	2.0986038238424047	0.010058240523142945
50	ancient_09	9513.218895261916	9600.0	9473.140913582632	8822.5170965077	9956.981837657768	1	86.78110473808374	86.78110473808374	22502.672435013377	43611.20292731922	0.6492463120844182	13419.464530494533	2.0986038238424047	0.010058240523142945
50	ancient_10	9581.58126690055	9400.0	9378.633415423526	8688.238883918186	9938.608951043314	1	-181.58126690054996	181.58126690054996	22502.672435013377	43850.59488744136	0.6501411391090202	13419.464530494533	2.0986038238424047	0.010058240523142945
51	ancient_01	1177.416638959915	1500.0	1516.2480208816573	1341.3098056969961	1680.0666254520565	0	322.58336104008504	322.58336104008504	9954.176239636789	35586.854579805055	0.7218547921153708	6287.9545292821285	3.164677497150965	0.009906099643023436
51	ancient_02	3026.784923345486	5120.0	5055.5791565888585	3562.200395820385	6732.34461263384	0	2093.215076654514	2093.215076654514	9954.176239636789	26757.70381408547	0.5320546158265688	6287.9545292821285	3.164677497150965	0.009906099643023436
51	ancient_03	3379.629604372201	3160.0	3658.862464083859	3063.5792697261004	4657.0108953925055	1	-219.6296043722009	219.6296043722009	9954.176239636789	29585.999902613723	0.6598245994483658	6287.9545292821285	3.164677497150965	0.009906099643023436
51	ancient_04	3505.869809820741	3660.0	3912.5600166124964	3128.9736422448996	5122.768954330319	1	154.130190179259	154.130190179259	9954.176239636789	31358.67755046942	0.71438150892218	6287.9545292821285	3.164677497150965	0.009906099643023436
51	ancient_05	7177.204305663807	7660.0	7575.209714880345	6506.504301814311	7789.9635688826365	1	482.79569433619326	482.79569433619326	9954.176239636789	69571.80218781167	0.9250231545126897	6287.9545292821285	3.164677497150965	0.009906099643023436
51	ancient_06	7901.720802978411	8000.0	7978.31548980215	7849.722879222547	8090.188502785535	1	98.27919702158943	98.27919702158943	7508.817872151138	64062.68070585851	1.0230464771538168	6287.9545292821285	3.164677497150965	0.009906099643023436
51	ancient_07	8146.4611235513385	8340.0	8287.607754471046	8096.254612235813	8451.285510087479	1	193.53887644866154	193.53887644866154	7508.817872151138	60066.80094257052	1.071962055778752	6287.9545292821285	3.164677497150965	0.009906099643023436
51	ancient_08	8935.605799363724	8900.0	8901.44587760215	8733.893545662508	9092.363560873278	1	-35.605799363724145	35.605799363724145	7508.817872151138	49989.7354581805	1.1814198859836642	6287.9545292821285	3.164677497150965	0.009906099643023436
51	ancient_09	9251.096573117802	9380.0	9389.640606088298	9249.214796409324	9541.142945626407	1	128.9034268821979	128.9034268821979	7508.817872151138	46860.127585623806	1.211005526489276	6287.9545292821285	3.164677497150965	0.009906099643023436
51	ancient_10	9301.823341059298	9020.0	9014.719354830644	8883.057505283052	9139.85278465509	0	-281.8233410592984	281.8233410592984	7508.817872151138	46394.524887740205	1.2152044064940815	6287.9545292821285	3.164677497150965	0.009906099643023436
52	ancient_01	618.1964040018406	540.0	638.4709912968519	409.0535129683479	919.6942300863819	1	-78.19640400184062	78.19640400184062	8289.538292414547	19767.011858841834	0.5282511894633413	8289.538292414547	1.8205251874078563	0.010212364709740898
52	ancient_02	942.4164634942412	420.0	446.5343444743096	247.1964720080787	691.2417592789616	0	-522.4164634942412	522.4164634942412	8289.538292414547	24996.534383073704	0.5367476225021398	8289.538292414547	1.8205251874078563	0.010212364709740898
52	ancient_03	2319.871746495781	1820.0	1800.218298448505	1425.544303772115	2167.1706538649355	0	-499.8717464957808	499.8717464957808	8289.538292414547	28890.33983542545	0.37569579530387626	8289.538292414547	1.8205251874078563	0.010212364709740898
52	ancient_04	2775.924257019975	2620.0	2528.824240718016	2145.612437865611	2846.6435661188525	1	-155.9242570199749	155.9242570199749	8289.538292414547	28977.15847054454	0.34351745732830086	8289.538292414547	1.8205251874078563	0.010212364709740898
52	ancient_05	4131.335819759551	3680.0	3743.354164107748	3556.258181353349	3934.3425459314913	0	-451.33581975955076	451.33581975955076	8289.538292414547	23600.904771627116	0.46824551819322374	8289.538292414547	1.8205251874078563	0.010212364709740898
52	ancient_06	4215.6989618597045	4440.0	4480.17621431899	4277.00176092777	4730.9860882049425	0	224.30103814029553	224.30103814029553	8289.538292414547	23283.887482751426	0.4730985165112467	8289.538292414547	1.8205251874078563	0.010212364709740898
52	ancient_07	6992.178969894581	7280.0	7292.27662026337	7107.231855547642	7534.579686056549	0	287.8210301054187	287.8210301054187	8289.538292414547	17899.82462027379	0.48984299930705616	8289.538292414547	1.8205251874078563	0.010212364709740898
52	ancient_08	7349.211263517047	8020.0	7965.853211949691	7522.484349748754	8411.430753938015	0	670.788736482953	670.788736482953	8289.538292414547	17555.95597398147	0.4854464357199841	8289.538292414547	1.8205251874078563	0.010212364709740898
52	ancient_09	7991.556406268055	8340.0	8352.39695451396	7978.092509575609	8747.23252004733	1	348.44359373194493	348.44359373194493	8289.538292414547	17641.552832626003	0.4708774616743084	8289.538292414547	1.8205251874078563	0.010212364709740898
52	ancient_10	8875.61476852516	8100.0	8154.061863528099	7747.183294837284	8607.30815894629	0	-775.6147685251599	775.6147685251599	8289.538292414547	17977.71704061459	0.450401352344023	8289.538292414547	1.8205251874078563	0.010212364709740898
53	ancient_01	4354.18019578622	4600.0	4643.848515296793	4471.169867065908	4829.214456937354	0	245.81980421378012	245.81980421378012	6911.285797257347	12920.809929741172	0.5769333729044516	6911.285797257347	2.6474712374454334	0.010054988216810683
53	ancient_02	6201.931727260551	6480.0	6474.378860999368	6306.220788199331	6637.882603332664	0	278.06827273944873	278.06827273944873	6911.285797257347	11705.033371974821	0.5066527006667212	6911.285797257347	2.6474712374454334	0.010054988216810683
53	ancient_03	6332.886597531318	6760.0	6844.795085598178	6600.620371383096	7092.704166949863	0	427.11340246868167	427.11340246868167	6911.285797257347	11648.804926657434	0.5024808377180249	6911.285797257347	2.6474712374454334	0.010054988216810683
53	ancient_04	7048.551382964808	6640.0	6645.3371516151565	6404.895886840745	6871.229009562168	0	-408.551382964808	408.551382964808	6911.285797257347	11382.176292257485	0.48124366008421093	6911.285797257347	2.6474712374454334	0.010054988216810683
53	ancient_05	7125.339766733358	6980.0	6962.233833666182	6689.010338981102	7195.760047805559	1	-145.33976673335837	145.33976673335837	6911.285797257347	11357.0706310797	0.4791108080887462	6911.285797257347	2.6474712374454334	0.010054988216810683
53	ancient_06	7450.637741698507	6920.0	6929.3792354588695	6715.307513157701	7139.742818974327	0	-530.6377416985069	530.6377416985069	6911.285797257347	11257.009797768837	0.470362009824024	6911.285797257347	2.6474712374454334	0.010054988216810683
53	ancient_07	7534.83024403954	7900.0	7908.631206494291	7647.693175281886	8185.813881591751	0	365.16975596045995	365.16975596045995	6911.285797257347	11251.315596196817	0.46810565035297486	6911.285797257347	2.6474712374454334	0.010054988216810683
53	ancient_08	8935.91491843253	8940.0	8938.773949128507	8624.886319441914	9231.716009394413	1	4.085081567469388	4.085081567469388	6911.285797257347	11528.428236704716	0.4335316928341867	6911.285797257347	2.6474712374454334	0.010054988216810683
53	ancient_09	9719.618579334348	9800.0	9790.78170466688	9494.375889130384	9988.430609261672	1	80.3814206656516	80.3814206656516	6911.285797257347	11650.702140327123	0.417210172814499	6911.285797257347	2.6474712374454334	0.010054988216810683
53	ancient_10	9761.062336448269	9240.0	9175.924830067812	8808.254334494657	9527.77945572748	0	-521.062336448269	521.062336448269	6911.285797257347	11656.654413593255	0.4163970035700662	6911.285797257347	2.6474712374454334	0.010054988216810683
54	ancient_01	388.7597136344878	820.0	819.2404508082229	701.0505307771188	938.0291620831041	0	431.2402863655122	431.2402863655122	68357.32650505412	101499.45800661799	0.3022717931851539	7260.738271034636	2.9874517392203987	0.01010880155894771
54	ancient_02	620.0559303782638	260.0	304.236706124055	17.00690543666131	615.578142570259	0	-360.05593037826384	360.05593037826384	18774.837780171132	95671.9634928342	0.594246921213821	7260.738271034636	2.9874517392203987	0.01010880155894771
54	ancient_03	1050.4709269646694	1300.0	1206.0236791452605	1034.6221603808078	1352.8766736906116	1	249.5290730353306	249.5290730353306	18774.837780171132	49092.643559294316	0.9218255596566534	7260.738271034636	2.9874517392203987	0.01010880155894771
54	ancient_04	1561.4144446095102	1480.0	1485.3768017789725	1421.6812597751475	1544.0319825652311	0	-81.41444460951016	81.41444460951016	7260.738271034636	31203.078603769536	1.032921523749487	7260.738271034636	2.9874517392203987	0.01010880155894771
54	ancient_05	2175.46249476693	2860.0	2847.4614244755767	2753.0881969343204	2943.383796423875	0	684.5375052330701	684.5375052330701	7260.738271034636	20675.933457319552	1.0938253118535497	7260.738271034636	2.9874517392203987	0.01010880155894771
54	ancient_06	2768.903895387893	2940.0	2940.3082616452766	2870.228318221916	3004.0469546494987	0	171.09610461210696	171.09610461210696	7260.738271034636	16521.840047568312	1.0603937401092642	7260.738271034636	2.9874517392203987	0.01010880155894771
54	ancient_07	2783.903217088649	2800.0	2791.5103087126918	2710.626461382684	2866.98195966539	1	16.096782911351056	16.096782911351056	7260.738271034636	16448.811503134835	1.0592446518833099	7260.738271034636	2.9874517392203987	0.01010880155894771
54	ancient_08	3785.087639851816	3860.0	3865.991822693034	3731.2354282639985	4007.5602687572105	1	74.91236014818378	74.91236014818378	7260.738271034636	13534.726951155493	0.9653972596787089	7260.738271034636	2.9874517392203987	0.01010880155894771
54	ancient_09	5353.817121329133	5400.0	5389.564658833454	5251.773327012759	5526.193278068397	1	46.18287867086656	46.18287867086656	7260.738271034636	11713.359826730693	0.8422044046633501	7260.738271034636	2.9874517392203987	0.01010880155894771
54	ancient_10	7976.312244498609	7900.0	7910.280444040992	7489.132109493327	8464.587239155586	1	-76.31224449860929	76.31224449860929	7260.738271034636	11453.439436104307	0.7702914922841645	7260.738271034636	2.9874517392203987	0.01010880155894771
55	ancient_01	512.4274291005038	460.0	448.5034566830603	382.1325668949469	512.5079956556824	1	-52.42742910050379	52.42742910050379	7035.072807913509	10205.109370511344	0.22250833852763158	6148.112736812162	2.8161528162059284	0.009985588768537028
55	ancient_02	1039.3272369240824	340.0	351.64294498401546	292.7373245318552	415.6717138299757	0	-699.3272369240824	699.3272369240824	7035.072807913509	29327.938016545973	1.157699084921864	6148.112736812162	2.8161528162059284	0.009985588768537028
55	ancient_03	3479.82855548431	4060.0	4108.589983199211	3551.415847749941	4705.921534200819	0	580.1714445156899	580.1714445156899	7035.072807913509	34770.48621444213	0.7647067754757122	6148.112736812162	2.8161528162059284	0.009985588768537028
55	ancient_04	4236.07205039909	5260.0	5278.585636934376	4654.317652246713	5871.371054319382	0	1023.9279496009103	1023.9279496009103	7035.072807913509	39926.0703271834	0.7538839208801053	6148.112736812162	2.8161528162059284	0.009985588768537028
55	ancient_05	5069.943499131754	4600.0	4569.525684812751	3879.875406610924	5207.224089338615	1	-469.9434991317539	469.9434991317539	7035.072807913509	44330.271243895164	0.7283445341465887	6148.112736812162	2.8161528162059284	0.009985588768537028
55	ancient_06	5458.950260726797	6120.0	6169.690320949317	5611.564050659666	6764.004035180959	0	661.0497392732032	661.0497392732032	7035.072807913509	46041.683084550394	0.7151108873489119	6148.112736812162	2.8161528162059284	0.009985588768537028
55	ancient_07	7418.612172414014	7400.0	7327.221029727232	6707.49487773888	7837.575154975641	1	-18.612172414013912	18.612172414013912	7035.072807913509	52455.01998479668	0.6509020062389211	6148.112736812162	2.8161528162059284	0.009985588768537028
55	ancient_08	8729.328468738997	9140.0	9137.83149043665	8581.86722115972	9658.750947714236	1	410.6715312610031	410.6715312610031	7035.072807913509	53999.443928382294	0.6042414288747252	6148.112736812162	2.8161528162059284	0.009985588768537028
55	ancient_09	9072.825761029158	8920.0	8956.855014993913	8406.12450512037	9536.536044665823	1	-152.82576102915846	152.82576102915846	7035.072807913509	54313.43389699894	0.5934129967485837	6148.112736812162	2.8161528162059284	0.009985588768537028
55	ancient_10	9484.391800864714	10000.0	9829.391766522034	9489.472765470757	9993.933158700536	0	515.6081991352858	515.6081991352858	7035.072807913509	54661.81198894377	0.581170744051482	6148.112736812162	2.8161528162059284	0.009985588768537028
56	ancient_01	393.38441311778104	0.0	71.6484506696072	2.6575127534459293	229.74701178002127	0	-393.38441311778104	393.38441311778104	23352.434562622668	34932.123979010634	0.6410983402091724	6700.086087459609	2.748671112654197	0.01
56	ancient_02	914.3224869616606	1420.0	1447.6105225722852	1367.0640550676912	1575.2900704109966	0	505.6775130383394	505.6775130383394	23352.434562622668	38553.534440492615	0.5086339987864261	6700.086087459609	2.748671112654197	0.01
56	ancient_03	1229.4537471412814	1500.0	1492.1355652125108	1069.7253615318984	1616.822017224394	1	270.5462528587186	270.5462528587186	23352.434562622668	41903.43229325375	0.4610195423253048	6700.086087459609	2.748671112654197	0.01
56	ancient_04	2985.6388545397695	2740.0	2739.8237128579244	2609.9503313195064	2859.722506997503	0	-245.63885453976945	245.63885453976945	6942.117895849355	15626.911526778827	0.951334703961884	6700.086087459609	2.748671112654197	0.01
56	ancient_05	3790.7386754427353	3680.0	3686.7200574825406	3329.687141799937	4057.8469004186873	1	-110.73867544273526	110.73867544273526	6942.117895849355	15906.586886189127	0.8728082666993814	6700.086087459609	2.748671112654197	0.01
56	ancient_06	6834.102610001527	6380.0	6321.387680525698	5848.550080256089	6756.86640698643	0	-454.10261000152695	454.10261000152695	6942.117895849355	18320.821279774766	0.6688963939663312	6700.086087459609	2.748671112654197	0.01
56	ancient_07	7743.3492096059645	7380.0	7293.30496751414	6774.19062794027	7670.247268417188	0	-363.34920960596446	363.34920960596446	6942.117895849355	18420.76111895458	0.6328336723057081	6700.086087459609	2.748671112654197	0.01
56	ancient_08	8796.689478160906	9060.0	9066.57239199372	8721.562574837108	9443.681739514137	1	263.3105218390938	263.3105218390938	6942.117895849355	17745.56558388062	0.6023081978059133	6700.086087459609	2.748671112654197	0.01
56	ancient_09	9339.073479787641	9440.0	9366.371899280488	8986.856068694447	9725.08691508658	1	100.92652021235881	100.92652021235881	6942.117895849355	17464.892133961366	0.5880720404938599	6700.086087459609	2.748671112654197	0.01
56	ancient_10	9439.388837254965	9440.0	9377.252636084519	8986.580539658898	9760.520176802458	1	0.6111627450354717	0.6111627450354717	6942.117895849355	17416.965808102592	0.5855394768050034	6700.086087459609	2.748671112654197	0.01
57	ancient_01	205.3448600744412	200.0	181.86410263531468	88.49088414752966	256.46413131015873	1	-5.344860074441186	5.344860074441186	8803.995619562702	10276.662151922577	0.15874948807014064	5733.46527349928	2.3377421382870516	0.009943582510578279
57	ancient_02	1311.6434333685856	1220.0	1229.4842060107837	997.5423536282532	1507.6633646121547	1	-91.64343336858565	91.64343336858565	8803.995619562702	18769.981797164717	0.5211813339357455	5733.46527349928	2.3377421382870516	0.009943582510578279
57	ancient_03	1647.4464642572527	960.0	911.1365646795048	604.4965958798913	1192.6569307415393	0	-687.4464642572527	687.4464642572527	8803.995619562702	22541.977502755628	0.5917173550909031	5733.46527349928	2.3377421382870516	0.009943582510578279
57	ancient_04	2376.277115655598	2940.0	2895.65689708316	2511.390378147032	3265.944493831129	0	563.7228843444018	563.7228843444018	8803.995619562702	28343.422234606525	0.6010778678610506	5733.46527349928	2.3377421382870516	0.009943582510578279
57	ancient_05	5797.815475510351	6060.0	6083.815725384622	5314.711740641962	6878.796923813652	1	262.18452448964945	262.18452448964945	8803.995619562702	42555.449102244886	0.5176275364672097	5733.46527349928	2.3377421382870516	0.009943582510578279
57	ancient_06	6056.985779144883	6180.0	6185.238288313178	5534.320184492596	6851.359085274235	1	123.01422085511695	123.01422085511695	8803.995619562702	43166.61591288836	0.5109033724609606	5733.46527349928	2.3377421382870516	0.009943582510578279
57	ancient_07	6637.076899128802	6660.0	6646.417820579292	5860.01329170466	7336.705582357979	1	22.923100871197676	22.923100871197676	8803.995619562702	44387.06393636349	0.4963113423018268	5733.46527349928	2.3377421382870516	0.009943582510578279
57	ancient_08	8507.601733300382	8520.0	8542.617011364271	8360.45035808852	8735.18443351974	1	12.398266699618034	12.398266699618034	8803.995619562702	38213.06496001188	0.6703464391913242	5733.46527349928	2.3377421382870516	0.009943582510578279
57	ancient_09	8938.304410480907	9280.0	9302.816085262488	9065.476833179086	9544.574938239828	0	341.6955895190931	341.6955895190931	8803.995619562702	35785.29381109281	0.7161142720760363	5733.46527349928	2.3377421382870516	0.009943582510578279
57	ancient_10	9093.520019544889	8780.0	8796.943738094433	8628.189893685802	8984.492982052912	0	-313.5200195448888	313.5200195448888	8803.995619562702	35002.022493866134	0.7295694609343072	5733.46527349928	2.3377421382870516	0.009943582510578279
58	ancient_01	886.9765475479086	1160.0	1171.6026786619273	1121.5234712795245	1239.0077592864986	0	273.0234524520914	273.0234524520914	5975.977743007018	25210.461663436632	1.334307419169006	5975.977743007018	2.9928246713272166	0.010114024740646644
58	ancient_02	1221.9627691120927	1420.0	1410.3931768295977	1334.5254734933308	1478.9272267856293	0	198.0372308879073	198.0372308879073	5975.977743007018	17603.223772137648	1.2782392189147174	5975.977743007018	2.9928246713272166	0.010114024740646644
58	ancient_03	2975.491395179389	2820.0	2808.064888772205	2729.5685466251875	2881.900880769952	0	-155.4913951793892	155.4913951793892	5975.977743007018	9886.114362653636	0.9502621225751144	5975.977743007018	2.9928246713272166	0.010114024740646644
58	ancient_04	5218.975660110533	5580.0	5600.679824371054	4517.218933974886	6688.0532614145095	1	361.0243398894672	361.0243398894672	5975.977743007018	24259.47102424812	1.3513156077776836	5975.977743007018	2.9928246713272166	0.010114024740646644
58	ancient_05	5835.1640253892965	3080.0	3216.0084530213157	3024.5328980858094	3846.5326189405937	0	-2755.1640253892965	2755.1640253892965	5975.977743007018	28174.89887385594	1.3501262084774406	5975.977743007018	2.9928246713272166	0.010114024740646644
58	ancient_06	6726.339296357717	6280.0	6219.5144916088	5049.588061101482	7344.8547690176765	1	-446.3392963577171	446.3392963577171	5975.977743007018	33325.886844849	1.3288797392706966	5975.977743007018	2.9928246713272166	0.010114024740646644
58	ancient_07	7010.39009663466	6020.0	6070.8527944512425	4855.990172015069	7333.395386946943	1	-990.39009663466	990.39009663466	5975.977743007018	34843.96023030188	1.3196048007385026	5975.977743007018	2.9928246713272166	0.010114024740646644
58	ancient_08	9017.148319377027	8940.0	8871.19517958944	8298.581772143443	9423.343687961551	1	-77.14831937702729	77.14831937702729	5975.977743007018	37614.916656837406	1.1876353091099339	5975.977743007018	2.9928246713272166	0.010114024740646644
58	ancient_09	9286.221306966483	9580.0	9566.309291470676	9094.649919687463	9956.80607118627	1	293.7786930335169	293.7786930335169	5975.977743007018	37656.924929931134	1.1703204993418375	5975.977743007018	2.9928246713272166	0.010114024740646644
58	ancient_10	9351.104271036775	10000.0	9905.099492834917	9671.674630357524	9997.104014924455	0	648.8957289632253	648.8957289632253	5975.977743007018	37666.69956233434	1.1662574102287138	5975.977743007018	2.9928246713272166	0.010114024740646644
59	ancient_01	110.8981805095155	260.0	289.10391455317347	200.92411895523784	406.2091515346301	0	149.1018194904845	149.1018194904845	7073.422090923952	35685.506131755545	0.5342726319706718	6482.462148528935	2.78848222621866	0.010019538882375927
59	ancient_02	595.2899079763297	920.0	1039.2741746261995	564.41481310593	1771.291568005433	1	324.7100920236703	324.7100920236703	7073.422090923952	19163.588327889123	0.6866124874035925	6482.462148528935	2.78848222621866	0.010019538882375927
59	ancient_03	2328.0188073482345	1260.0	1271.9951220676778	686.7284494407762	1956.076434504066	0	-1068.0188073482345	1068.0188073482345	7073.422090923952	59837.77037206165	0.7527404568036011	6482.462148528935	2.78848222621866	0.010019538882375927
59	ancient_04	3989.0330173955203	3820.0	3845.399415559352	3709.551342736502	4013.680712285159	1	-169.03301739552035	169.03301739552035	7073.422090923952	44932.200952539504	0.955031836541406	6482.462148528935	2.78848222621866	0.010019538882375927
59	ancient_05	4144.996948381332	3440.0	3452.8225549414756	3333.5771479020386	3574.1269059335596	0	-704.996948381332	704.996948381332	7073.422090923952	42522.996478249566	0.977468647139742	6482.462148528935	2.78848222621866	0.010019538882375927
59	ancient_06	5295.561046542484	5080.0	5083.069390212163	4956.221934721117	5198.266420389556	0	-215.5610465424843	215.5610465424843	7073.422090923952	31305.66788061417	1.0419832787028196	6482.462148528935	2.78848222621866	0.010019538882375927
59	ancient_07	6705.5571933642095	6380.0	6392.310290526047	6230.004890685772	6556.553629109937	0	-325.5571933642095	325.5571933642095	7073.422090923952	24823.990532713316	1.0293484828189061	6482.462148528935	2.78848222621866	0.010019538882375927
59	ancient_08	6831.447063010985	6880.0	6881.96907122365	6738.496340762463	7023.650858325597	1	48.5529369890146	48.5529369890146	7073.422090923952	24428.597928873816	1.0265302635951736	6482.462148528935	2.78848222621866	0.010019538882375927
59	ancient_09	7318.041412076589	7200.0	7220.440847420647	7077.007306673498	7370.606007330228	1	-118.04141207658904	118.04141207658904	7073.422090923952	23078.19371028806	1.0144441958289434	6482.462148528935	2.78848222621866	0.010019538882375927
59	ancient_10	7419.2183676252125	7420.0	7583.6278659615755	7305.784362496729	8209.875344453963	1	0.7816323747874776	0.7816323747874776	7073.422090923952	22828.2950185143	1.0117493019971362	6482.462148528935	2.78848222621866	0.010019538882375927
60	ancient_01	994.4651980937736	1040.0	1014.6433160189285	593.1696601914696	1394.8795915321634	1	45.53480190622645	45.53480190622645	8558.222715505335	44046.48763203124	0.7416537441075934	5453.140590033578	2.649246040144485	0.009962995736465289
60	ancient_02	1346.2476634248865	440.0	572.9924616500493	228.81918715849108	1200.1972552357604	0	-906.2476634248865	906.2476634248865	8558.222715505335	50660.02209471117	0.6825946381337414	5453.140590033578	2.649246040144485	0.009962995736465289
60	ancient_03	1757.3044599659615	1800.0	1798.4648941143596	1466.932192690759	2181.9438263308243	1	42.69554003403846	42.69554003403846	8558.222715505335	47601.18338795494	0.6079886158550143	5453.140590033578	2.649246040144485	0.009962995736465289
60	ancient_04	2712.9733286845158	1560.0	1621.959154136209	1185.5624580046901	2078.5696525300564	0	-1152.9733286845158	1152.9733286845158	8558.222715505335	44300.99374877544	0.49892938006067944	5453.140590033578	2.649246040144485	0.009962995736465289
60	ancient_05	3081.4109067550767	2880.0	2876.3565744038538	2516.3693901428005	3237.1395358966683	1	-201.41090675507667	201.41090675507667	8558.222715505335	43606.655026597706	0.4701106662347917	5453.140590033578	2.649246040144485	0.009962995736465289
60	ancient_06	3446.869385211918	3440.0	3459.6503473661214	3157.8008359092696	3774.7841075750885	1	-6.869385211918143	6.869385211918143	8558.222715505335	42318.87400138357	0.4538531692260425	5453.140590033578	2.649246040144485	0.009962995736465289
60	ancient_07	4044.0451030782474	4360.0	4317.552567311663	3944.2374354936132	4634.342773365857	1	315.9548969217526	315.9548969217526	8558.222715505335	40484.83829029662	0.43231463624796423	5453.140590033578	2.649246040144485	0.009962995736465289
60	ancient_08	5862.462413372647	6060.0	6053.561609098225	5502.619991502891	6552.158005364728	1	197.53758662735345	197.53758662735345	8558.222715505335	37397.55253238952	0.378044527436304	5453.140590033578	2.649246040144485	0.009962995736465289
60	ancient_09	8192.999566142887	8500.0	8486.865401006324	8258.709933344871	8723.963634331161	0	307.0004338571125	307.0004338571125	8558.222715505335	32329.70333391953	0.4807346160823322	5453.140590033578	2.649246040144485	0.009962995736465289
60	ancient_10	9026.440166786291	8740.0	8767.587289504052	8564.318274889392	9023.624150770876	0	-286.44016678629123	286.44016678629123	8558.222715505335	29052.956113115073	0.567479668273062	5453.140590033578	2.649246040144485	0.009962995736465289
61	ancient_01	468.653744914751	120.0	136.5651019872366	9.050624273809104	362.34923675825735	0	-348.653744914751	348.653744914751	10850.45023307747	43437.66902532935	0.9079988507548697	10684.077706388844	2.1083522644493584	0.010118505013673656
61	ancient_02	2311.7433584109936	2120.0	2140.2013889188374	1690.8742761602211	2624.6319373781926	1	-191.74335841099355	191.74335841099355	10684.077706388844	33095.73161110643	0.9142353030812969	10684.077706388844	2.1083522644493584	0.010118505013673656
61	ancient_03	3048.185674641001	2560.0	2461.15580599415	1989.4408924239226	2880.6160232814855	0	-488.1856746410008	488.1856746410008	10684.077706388844	38886.86299053546	0.8458801882462247	10684.077706388844	2.1083522644493584	0.010118505013673656
61	ancient_04	3451.8356415759076	2020.0	2090.013484142625	1645.3146369251538	2548.364462498799	0	-1431.8356415759076	1431.8356415759076	10684.077706388844	40628.54328078543	0.8044477897597847	10684.077706388844	2.1083522644493584	0.010118505013673656
61	ancient_05	3969.4583103646387	6020.0	6032.008642056858	5642.018470583356	6421.83214517397	0	2050.5416896353613	2050.5416896353613	10684.077706388844	42134.19757594722	0.7560284877536098	10684.077706388844	2.1083522644493584	0.010118505013673656
61	ancient_06	4081.365858738657	3620.0	3590.9392404112673	3140.1523055442462	4017.303828851173	0	-461.36585873865715	461.36585873865715	10684.077706388844	42415.47789082337	0.7466439531821553	10684.077706388844	2.1083522644493584	0.010118505013673656
61	ancient_07	4123.063011268427	3680.0	3702.727205682815	3347.7110604346985	4074.634574266995	0	-443.06301126842664	443.06301126842664	10684.077706388844	42516.83635900907	0.7432341196923501	10684.077706388844	2.1083522644493584	0.010118505013673656
61	ancient_08	5743.6406354801375	6160.0	6165.481583740421	5702.123186977888	6644.406854069495	1	416.35936451986254	416.35936451986254	10684.077706388844	45413.861750217446	0.6384293060479442	10684.077706388844	2.1083522644493584	0.010118505013673656
61	ancient_09	5944.743489014509	6040.0	6076.873043136428	5687.452074395425	6493.347870835918	1	95.25651098549133	95.25651098549133	10684.077706388844	45672.23954669516	0.6282697958905809	10684.077706388844	2.1083522644493584	0.010118505013673656
61	ancient_10	8561.447889679555	8780.0	8745.031585524437	8033.917381984867	9470.413255394358	1	218.55211032044463	218.55211032044463	10684.077706388844	49746.23701449462	0.5448320290167816	10684.077706388844	2.1083522644493584	0.010118505013673656
62	ancient_01	1313.4386024231837	1400.0	1464.7281861529414	1306.6152324696225	1708.9721377669757	1	86.56139757681626	86.56139757681626	5892.219987798048	11453.051354995274	0.7477447149029693	5892.219987798048	3.15938776037998	0.010002203128442388
62	ancient_02	1325.2756932101927	1780.0	1824.4739705205425	1450.9108755494387	2278.474759817912	0	454.7243067898073	454.7243067898073	5892.219987798048	11403.488437683785	0.745798348847289	5892.219987798048	3.15938776037998	0.010002203128442388
62	ancient_03	2109.5875072761974	2180.0	2207.3669340636807	1867.036835978142	2577.872203744885	1	70.41249272380264	70.41249272380264	5892.219987798048	18866.76000462685	0.8894201508677237	5892.219987798048	3.15938776037998	0.010002203128442388
62	ancient_04	2521.606618087313	3040.0	2994.150969252094	2576.90393565314	3401.481335499102	0	518.3933819126869	518.3933819126869	5892.219987798048	21749.63033576271	0.8748355664210765	5892.219987798048	3.15938776037998	0.010002203128442388
62	ancient_05	2579.171973428671	3120.0	3105.1607961110035	2771.9558147363573	3421.0229784018165	0	540.8280265713288	540.8280265713288	5892.219987798048	22105.942785430216	0.8716777589374523	5892.219987798048	3.15938776037998	0.010002203128442388
62	ancient_06	2734.6608937951733	2900.0	2987.4637417003673	2593.9608377268555	3539.6489561607245	1	165.33910620482675	165.33910620482675	5892.219987798048	23018.972688739454	0.8624326920434886	5892.219987798048	3.15938776037998	0.010002203128442388
62	ancient_07	3256.9677769082673	3380.0	3428.982331804752	3069.344467019789	3853.7074406726183	1	123.0322230917327	123.0322230917327	5892.219987798048	25598.40149127778	0.8268215408242506	5892.219987798048	3.15938776037998	0.010002203128442388
62	ancient_08	4510.644884980295	5280.0	5194.929204280784	4582.428793083415	5603.428490383345	0	769.3551150197054	769.3551150197054	5892.219987798048	29540.30522645535	0.739539960735497	5892.219987798048	3.15938776037998	0.010002203128442388
62	ancient_09	5103.982213042799	5220.0	5176.824311997452	4828.943098574722	5521.044009658847	1	116.01778695720077	116.01778695720077	5892.219987798048	30846.12394723859	0.7053821435675574	5892.219987798048	3.15938776037998	0.010002203128442388
62	ancient_10	6578.64480359756	5700.0	5671.885718111622	5179.378149188536	6104.800260138359	0	-878.64480359756	878.64480359756	5892.219987798048	33205.73036541077	0.6362672677765301	5892.219987798048	3.15938776037998	0.010002203128442388
63	ancient_01	262.3887061722996	1820.0	1771.9065965502436	1351.323694109898	2120.477345253206	0	1557.6112938277004	1557.6112938277004	15479.816574157729	23655.269159395506	0.34533750604240904	10158.04936149574	1.8504178528159123	0.01017193081647863
63	ancient_02	1493.5215856050488	620.0	703.2094204354576	392.1836783918865	1041.0256857146492	0	-873.5215856050488	873.5215856050488	15479.816574157729	46994.32034372261	0.4030927810615729	10158.04936149574	1.8504178528159123	0.01017193081647863
63	ancient_03	1979.6987889927043	2080.0	2095.9285456495236	1835.8829533581422	2377.7217602100814	1	100.3012110072957	100.3012110072957	15479.816574157729	45566.79220073457	0.3542654226309939	10158.04936149574	1.8504178528159123	0.01017193081647863
63	ancient_04	3201.5206956067354	3080.0	3092.5924740429773	2766.759850305588	3425.6087072341943	1	-121.52069560673544	121.52069560673544	15479.816574157729	44052.13228480491	0.2826627118124196	10158.04936149574	1.8504178528159123	0.01017193081647863
63	ancient_05	3675.9291152201477	4240.0	4261.935254613529	3856.8795415571517	4631.347193524186	0	564.0708847798523	564.0708847798523	15479.816574157729	44806.37584042591	0.26745402336399615	10158.04936149574	1.8504178528159123	0.01017193081647863
63	ancient_06	4047.412715289146	3060.0	3040.555843284131	2720.0491124525024	3371.105250539933	0	-987.412715289146	987.412715289146	15479.816574157729	45280.0113656698	0.25702215469078366	10158.04936149574	1.8504178528159123	0.01017193081647863
63	ancient_07	5613.192282819847	4660.0	4650.92083482119	4209.248205876054	5055.903408244552	0	-953.1922828198467	953.1922828198467	15479.816574157729	46613.50724781067	0.2231831081193231	10158.04936149574	1.8504178528159123	0.01017193081647863
63	ancient_08	6061.521985311453	5420.0	5326.767344988237	4727.257824645627	5872.794375444874	0	-641.5219853114531	641.5219853114531	15479.816574157729	46872.89371201963	0.21566660021512343	10158.04936149574	1.8504178528159123	0.01017193081647863
63	ancient_09	8978.514864594097	9840.0	9671.685854588708	9135.49749043219	9981.138335478467	0	861.4851354059028	861.4851354059028	15479.816574157729	47281.889011324114	0.17926033136984387	10158.04936149574	1.8504178528159123	0.01017193081647863
63	ancient_10	9317.14835613637	8820.0	8812.155176720613	8322.938003159086	9305.673616090637	0	-497.14835613636933	497.14835613636933	15479.816574157729	47241.581592020375	0.17602734378418397	10158.04936149574	1.8504178528159123	0.01017193081647863
64	ancient_01	1295.2692386484998	560.0	634.2533416452266	460.22375306240014	925.3332699399634	0	-735.2692386484998	735.2692386484998	14229.0875386065	30892.3275007144	0.4799345166663892	5042.036097680277	3.254288101102942	0.009302325581395349
64	ancient_02	1721.4692966269806	1940.0	1957.602736767365	1690.9751377628336	2268.987413308201	1	218.53070337301938	218.53070337301938	14229.0875386065	31153.10579997469	0.4170652877001019	5042.036097680277	3.254288101102942	0.009302325581395349
64	ancient_03	1937.3469095566054	1440.0	1417.7535766284684	1109.4584117090392	1727.2698335066384	0	-497.3469095566054	497.3469095566054	14229.0875386065	31197.017067013494	0.3931626145881017	5042.036097680277	3.254288101102942	0.009302325581395349
64	ancient_04	2865.673889910607	3540.0	3538.740069020303	3452.5081102031513	3619.7993379481104	0	674.3261100893928	674.3261100893928	14229.0875386065	31310.737374441327	0.3233105921703694	5042.036097680277	3.254288101102942	0.009302325581395349
64	ancient_05	3153.394658750711	3480.0	3460.9879306950443	3250.5656543585196	3565.670708415457	0	326.6053412492888	326.6053412492888	14229.0875386065	31332.438270226117	0.3082159301527237	5042.036097680277	3.254288101102942	0.009302325581395349
64	ancient_06	4211.312372275032	3960.0	3937.641684323231	3774.624871551272	4085.865020641559	0	-251.31237227503243	251.31237227503243	5042.036097680277	19877.790353167376	0.8339036614980534	5042.036097680277	3.254288101102942	0.009302325581395349
64	ancient_07	4757.094282810296	5100.0	5094.173450917259	4986.954022434076	5196.622890421884	0	342.90571718970386	342.90571718970386	5042.036097680277	16983.07209582785	0.8981888247762664	5042.036097680277	3.254288101102942	0.009302325581395349
64	ancient_08	5131.029366354179	4820.0	4867.073543083896	4698.006991885278	5151.229530291056	1	-311.0293663541788	311.0293663541788	5042.036097680277	15544.61836043107	0.9206494713327716	5042.036097680277	3.254288101102942	0.009302325581395349
64	ancient_09	5728.7282686793005	5880.0	5863.062837788917	5732.6534806064	5996.330639858115	0	151.27173132069947	151.27173132069947	5042.036097680277	13821.76896969801	0.9368154959825915	5042.036097680277	3.254288101102942	0.009302325581395349
64	ancient_10	9643.394432371831	9500.0	9512.392557840254	9159.353281332285	9875.69327029478	1	-143.3944323718315	143.3944323718315	5042.036097680277	9898.906960244713	0.8342900714658266	5042.036097680277	3.254288101102942	0.009302325581395349
65	ancient_01	341.54913520349385	160.0	190.67226340006974	121.63510918347417	463.9148301981749	1	-181.54913520349385	181.54913520349385	5891.127394810128	17786.42934320328	0.9814942745288779	5891.127394810128	2.8231858708753546	0.010251615564416335
65	ancient_02	489.09803950159426	760.0	775.4508733874299	665.0349676548233	890.3228205113586	0	270.90196049840574	270.90196049840574	5891.127394810128	25712.60301359071	0.9935440813469913	5891.127394810128	2.8231858708753546	0.010251615564416335
65	ancient_03	2221.3695877552377	2200.0	2176.5962599687787	1838.2628230543128	2468.527924869986	1	-21.369587755237717	21.369587755237717	5891.127394810128	28206.265105582228	0.6388964423003142	5891.127394810128	2.8231858708753546	0.010251615564416335
65	ancient_04	3656.2176205557594	4800.0	4852.956263903129	4107.597088782865	5706.2043996047905	0	1143.7823794442406	1143.7823794442406	5891.127394810128	37417.27413578746	0.6565360038215307	5891.127394810128	2.8231858708753546	0.010251615564416335
65	ancient_05	4660.135576401892	4280.0	4355.608033075848	3647.1065005066857	5098.66168130529	1	-380.13557640189174	380.13557640189174	5891.127394810128	46157.80318826624	0.7061801395251219	5891.127394810128	2.8231858708753546	0.010251615564416335
65	ancient_06	5031.901589992557	5040.0	5031.203120568545	4391.453344197206	5674.88899042722	1	8.098410007442908	8.098410007442908	5891.127394810128	48840.19505726495	0.7084094625813147	5891.127394810128	2.8231858708753546	0.010251615564416335
65	ancient_07	5742.425540145191	5160.0	5092.235388232546	4093.7627590402467	5939.895870082989	1	-582.425540145191	582.425540145191	5891.127394810128	53312.243582008734	0.7029297461513686	5891.127394810128	2.8231858708753546	0.010251615564416335
65	ancient_08	6030.3340346285	6120.0	6211.05070596103	5403.985987095454	7058.75697708242	1	89.66596537149962	89.66596537149962	5891.127394810128	54915.147175506856	0.6985860216385942	5891.127394810128	2.8231858708753546	0.010251615564416335
65	ancient_09	6465.227567602804	6880.0	6837.330764369351	6056.566201263669	7582.613535616369	1	414.7724323971961	414.7724323971961	5891.127394810128	57141.64891272445	0.690722654773158	5891.127394810128	2.8231858708753546	0.010251615564416335
65	ancient_10	7539.007149000616	7280.0	7245.990657304882	6441.612668352283	7993.587768400912	1	-259.00714900061575	259.00714900061575	5891.127394810128	61768.93843606546	0.6676249286723378	5891.127394810128	2.8231858708753546	0.010251615564416335
66	ancient_01	2853.714479799534	2600.0	2659.1944317045654	2274.9515874120225	3103.9954739311493	1	-253.71447979953382	253.71447979953382	5159.231907392852	45294.565971079785	0.6778599532491324	5159.231907392852	2.8507434173041712	0.00976333289868301
66	ancient_02	3466.8047645609854	3280.0	3389.170351482585	2944.249914843203	3986.000036659035	1	-186.8047645609854	186.8047645609854	5159.231907392852	48610.29637866947	0.6442345363391693	5159.231907392852	2.8507434173041712	0.00976333289868301
66	ancient_03	3836.7355098114263	3600.0	3700.011936882441	3080.1329007811837	4382.0523040139915	1	-236.73550981142625	236.73550981142625	5159.231907392852	51543.609639343114	0.6381179076045131	5159.231907392852	2.8507434173041712	0.00976333289868301
66	ancient_04	4444.728903386806	4240.0	4241.852981184278	3535.0079656361413	4991.394901272407	1	-204.72890338680645	204.72890338680645	5159.231907392852	55564.24342428302	0.6221709545439874	5159.231907392852	2.8507434173041712	0.00976333289868301
66	ancient_05	6900.072353248808	7580.0	7389.511911414634	6632.595692208338	7813.287441195934	1	679.9276467511918	679.9276467511918	5159.231907392852	65772.80297675241	0.5484970833399033	5159.231907392852	2.8507434173041712	0.00976333289868301
66	ancient_06	7248.350600895761	7200.0	7079.706939317224	6306.572058160584	7688.190050647817	1	-48.35060089576109	48.35060089576109	5159.231907392852	66744.84500049627	0.5391266480533199	5159.231907392852	2.8507434173041712	0.00976333289868301
66	ancient_07	8704.387588435915	8520.0	8493.067983517876	8220.507100795898	8778.615871136888	1	-184.38758843591495	184.38758843591495	5159.231907392852	56629.95006785621	0.6579088959189917	5159.231907392852	2.8507434173041712	0.00976333289868301
66	ancient_08	8883.494628013896	9220.0	9164.485281711064	8855.408347146802	9447.981533946968	1	336.50537198610436	336.50537198610436	5159.231907392852	55407.09711663067	0.6687881307482662	5159.231907392852	2.8507434173041712	0.00976333289868301
66	ancient_09	9342.130664649569	9720.0	9729.243801795408	9430.861936853533	9976.642246967198	0	377.86933535043136	377.86933535043136	5159.231907392852	52595.11774049989	0.691277205270294	5159.231907392852	2.8507434173041712	0.00976333289868301
66	ancient_10	9432.718190746127	9760.0	9723.540944448792	9422.401372929682	9959.780093689447	1	327.2818092538728	327.2818092538728	5159.231907392852	52088.01244735571	0.6949498176129646	5159.231907392852	2.8507434173041712	0.00976333289868301
67	ancient_01	64.4078166431139	0.0	0.3343496224683368	0.504214435944692	19.664363001842986	0	-64.4078166431139	64.4078166431139	12164.639258459538	12164.639258459538	0.0	12164.639258459538	2.077910775327066	0.009741092504135457
67	ancient_02	902.7331980740316	1740.0	1624.0216380169834	1095.2280819006205	1962.2830685316808	0	837.2668019259684	837.2668019259684	12164.639258459538	25566.443472238185	0.7797717580129815	12164.639258459538	2.077910775327066	0.009741092504135457
67	ancient_03	1155.2796755001882	1600.0	1640.9255609594852	1301.4808133227266	2019.0160509835807	0	444.7203244998118	444.7203244998118	12164.639258459538	31712.01327035422	0.8006216255892592	12164.639258459538	2.077910775327066	0.009741092504135457
67	ancient_04	2808.272263327779	4040.0	4048.5617731363736	3943.575389169386	4141.864648196951	0	1231.727736672221	1231.727736672221	12164.639258459538	37365.94163173154	0.5474284760653628	12164.639258459538	2.077910775327066	0.009741092504135457
67	ancient_05	3081.106985145786	3560.0	3584.455425339327	3427.583254924578	3733.938268878731	0	478.893014854214	478.893014854214	12164.639258459538	37549.3259072556	0.522865089286323	12164.639258459538	2.077910775327066	0.009741092504135457
67	ancient_06	3411.2687791017524	3660.0	3657.9808014095915	3550.752617904253	3768.6071450441723	0	248.73122089824756	248.73122089824756	12164.639258459538	34845.01566183843	0.5660556388554673	12164.639258459538	2.077910775327066	0.009741092504135457
67	ancient_07	4978.467457322827	5080.0	5085.15018938004	4963.089131090821	5216.764774788297	1	101.5325426771733	101.5325426771733	12164.639258459538	25710.66121279876	0.6486271234943359	12164.639258459538	2.077910775327066	0.009741092504135457
67	ancient_08	5582.402551127999	5320.0	5336.664227806412	5217.251577136587	5470.909265169495	0	-262.4025511279988	262.4025511279988	12164.639258459538	23934.421237151946	0.6461019929472535	12164.639258459538	2.077910775327066	0.009741092504135457
67	ancient_09	6511.871510382802	6720.0	6697.860643670975	6548.884891290553	6834.97926262614	0	208.12848961719828	208.12848961719828	12164.639258459538	22000.95793596246	0.6328317728416966	12164.639258459538	2.077910775327066	0.009741092504135457
67	ancient_10	8216.259152474624	8620.0	8633.313325451916	8365.028173503262	8927.197654073669	0	403.740847525376	403.740847525376	12164.639258459538	20588.30753685286	0.5866012275311957	12164.639258459538	2.077910775327066	0.009741092504135457
68	ancient_01	572.9930439799869	520.0	520.4572589642319	467.63840039246537	635.1941804293095	1	-52.99304397998685	52.99304397998685	6480.554227434289	15951.831724082118	1.1437940428549749	6480.554227434289	2.734743710829333	0.010076298569062423
68	ancient_02	1076.0365892465795	300.0	300.42000033834483	261.568968896811	341.0047904949779	0	-776.0365892465795	776.0365892465795	6480.554227434289	28588.541256323966	1.0413362426890138	6480.554227434289	2.734743710829333	0.010076298569062423
68	ancient_03	1169.653067043367	1060.0	1035.556792651821	665.6310646701542	1363.9632536545757	1	-109.65306704336695	109.65306704336695	6480.554227434289	30150.331562822525	1.014942564421253	6480.554227434289	2.734743710829333	0.010076298569062423
68	ancient_04	2246.114515277676	2500.0	2449.3095709485715	2284.4372154377893	2576.436466703695	0	253.88548472232378	253.88548472232378	6480.554227434289	22117.701274103576	0.8814042311762458	6480.554227434289	2.734743710829333	0.010076298569062423
68	ancient_05	5809.7622721450625	3140.0	3292.594328243552	3024.4905900915664	3764.6508558012556	0	-2669.7622721450625	2669.7622721450625	6480.554227434289	38671.722058718224	0.9787275196806132	6480.554227434289	2.734743710829333	0.010076298569062423
68	ancient_06	7021.716741416886	5260.0	5275.493570033734	4435.304842577304	6186.170712658161	0	-1761.7167414168862	1761.7167414168862	6480.554227434289	44875.64147571558	0.9479938485702586	6480.554227434289	2.734743710829333	0.010076298569062423
68	ancient_07	8373.91909463646	8660.0	8683.541300276614	8395.780170100712	8980.849793543646	0	286.0809053635403	286.0809053635403	6480.554227434289	44031.24800762433	0.9034646262484572	6480.554227434289	2.734743710829333	0.010076298569062423
68	ancient_08	8409.61103690578	7640.0	7621.176100149198	6931.07086017278	8069.855493689525	0	-769.6110369057806	769.6110369057806	6480.554227434289	43928.24782169322	0.9022587638545781	6480.554227434289	2.734743710829333	0.010076298569062423
68	ancient_09	8551.169362301374	7700.0	7757.600811227584	7257.328654348568	8149.559701256849	0	-851.1693623013743	851.1693623013743	6480.554227434289	43530.485035296915	0.897501985196145	6480.554227434289	2.734743710829333	0.010076298569062423
68	ancient_10	8845.836050295638	8880.0	8919.195416542776	8591.271301456603	9268.214007203836	1	34.163949704361585	34.163949704361585	6480.554227434289	42753.92113193312	0.8877388275029997	6480.554227434289	2.734743710829333	0.010076298569062423
69	ancient_01	198.0569840174895	120.0	105.50934475582949	14.789452734671556	182.60925780499224	0	-78.0569840174895	78.0569840174895	11457.837816661016	20551.124206687127	0.5785378276816613	10381.359053338807	2.3919384919219073	0.01000923335584251
69	ancient_02	1226.1662443565012	1480.0	1638.0218739021482	1315.9261846481966	2126.517460948632	0	253.83375564349876	253.83375564349876	11457.837816661016	19593.539533411233	0.277192509199621	10381.359053338807	2.3919384919219073	0.01000923335584251
69	ancient_03	4001.90552798665	2740.0	2772.3130370606764	2299.257167451853	3354.346243150445	0	-1261.9055279866502	1261.9055279866502	11457.837816661016	54192.709423007596	0.7307380008987627	10381.359053338807	2.3919384919219073	0.01000923335584251
69	ancient_04	4407.057897715378	3800.0	3807.5945984629143	3263.04712556786	4380.6364631384695	0	-607.0578977153782	607.0578977153782	11457.837816661016	57088.939312080474	0.7153059932363044	10381.359053338807	2.3919384919219073	0.01000923335584251
69	ancient_05	7424.152286413734	6780.0	6779.975418651797	6081.725633391138	7424.820594675592	1	-644.1522864137341	644.1522864137341	11457.837816661016	70358.3598027672	0.6062407518566582	10381.359053338807	2.3919384919219073	0.01000923335584251
69	ancient_06	7563.918627954301	7260.0	7268.873056529935	6701.025896818243	7796.440732133628	1	-303.918627954301	303.918627954301	11457.837816661016	70751.42628632899	0.6019847128018929	10381.359053338807	2.3919384919219073	0.01000923335584251
69	ancient_07	8263.179353101692	8140.0	8203.425517665684	7550.815738919575	8912.245565358684	1	-123.17935310169196	123.17935310169196	11457.837816661016	72518.9156072401	0.5816399681937612	10381.359053338807	2.3919384919219073	0.01000923335584251
69	ancient_08	8317.910775310409	8060.0	8095.4469550065	7436.585395769562	8780.98395234115	1	-257.910775310409	257.910775310409	11457.837816661016	72646.38779444502	0.5801247196274751	10381.359053338807	2.3919384919219073	0.01000923335584251
69	ancient_09	8438.028958476802	8980.0	8962.809525436973	8334.130866958028	9553.450528192505	1	541.9710415231984	541.9710415231984	11457.837816661016	72921.1106646962	0.5768365730549886	10381.359053338807	2.3919384919219073	0.01000923335584251
69	ancient_10	9448.928570101845	9080.0	9177.10318581118	8527.431113976489	9838.10796581182	1	-368.92857010184525	368.92857010184525	11457.837816661016	74989.0200327697	0.5510617323537195	10381.359053338807	2.3919384919219073	0.01000923335584251
70	ancient_01	519.3370833665467	0.0	48.86554562633266	1.636772354727095	165.9065060672622	0	-519.3370833665467	519.3370833665467	70075.31606617424	85462.72755904165	0.11936611590594798	5161.138531890309	2.898588344513845	0.00985331989698802
70	ancient_02	789.0189980728724	0.0	165.45014676893152	5.78592573833959	484.731599863201	0	-789.0189980728724	789.0189980728724	70075.31606617424	88008.61744386356	0.10520818990982411	5161.138531890309	2.898588344513845	0.00985331989698802
70	ancient_03	791.7504104363749	1260.0	1507.913613260913	778.641599599674	2387.531219737099	1	468.24958956362514	468.24958956362514	70075.31606617424	88027.04377986363	0.10508681102638515	5161.138531890309	2.898588344513845	0.00985331989698802
70	ancient_04	3196.223991115089	3180.0	2895.346837202426	2386.264271375337	3215.8967012320877	1	-16.22399111508912	16.22399111508912	5161.138531890309	67557.57179447389	0.3514084509926021	5161.138531890309	2.898588344513845	0.00985331989698802
70	ancient_05	4953.312889843883	4960.0	4939.61544204834	4845.229010752183	5024.443931151117	1	6.687110156117342	6.687110156117342	5161.138531890309	27131.008051236313	1.2624056243716664	5161.138531890309	2.898588344513845	0.00985331989698802
70	ancient_06	5170.740530682614	4980.0	4996.191357869779	4890.552756562942	5129.023092741023	0	-190.740530682614	190.740530682614	5161.138531890309	25302.295030463854	1.2796836374845013	5161.138531890309	2.898588344513845	0.00985331989698802
70	ancient_07	5839.909459753374	6120.0	6149.300035936572	6023.884762116538	6361.940963076674	0	280.090540246626	280.090540246626	5161.138531890309	21088.633448310607	1.306273947934843	5161.138531890309	2.898588344513845	0.00985331989698802
70	ancient_08	6193.95558218981	6380.0	6383.23633158973	6281.148774122247	6490.276727921131	0	186.04441781018977	186.04441781018977	5161.138531890309	19458.36746078264	1.309806392003829	5161.138531890309	2.898588344513845	0.00985331989698802
70	ancient_09	7317.516741064376	7220.0	7223.814858980378	7119.299758297922	7343.471868810517	1	-97.51674106437622	97.51674106437622	5161.138531890309	15871.194573265222	1.2965646962153121	5161.138531890309	2.898588344513845	0.00985331989698802
70	ancient_10	9629.976898641291	9820.0	9651.774959153214	9099.147948518941	9982.785633752415	1	190.02310135870903	190.02310135870903	5161.138531890309	18078.082758209453	1.1780272788533703	5161.138531890309	2.898588344513845	0.00985331989698802
71	ancient_01	485.182112473137	2380.0	2469.0483923951133	1836.2723120603086	3123.4466038385144	0	1894.817887526863	1894.817887526863	9484.881461760884	18207.577097898054	0.890398096606005	9484.881461760884	2.6219779026011754	0.009788846778559826
71	ancient_02	1633.357029102346	1720.0	1586.8129546741227	912.9364644024806	2314.164875812617	1	86.6429708976541	86.6429708976541	9484.881461760884	48521.77368506411	0.9242958284675971	9484.881461760884	2.6219779026011754	0.009788846778559826
71	ancient_03	2583.234606751141	3560.0	3603.297911749917	3348.0572530644818	3858.1824171711223	0	976.7653932488588	976.7653932488588	9484.881461760884	60846.52618929033	0.792637686170334	9484.881461760884	2.6219779026011754	0.009788846778559826
71	ancient_04	3992.7722579581414	3880.0	3925.029554422252	3685.1604129775783	4187.147457124743	1	-112.77225795814138	112.77225795814138	9484.881461760884	58650.26610714519	0.6847355452220723	9484.881461760884	2.6219779026011754	0.009788846778559826
71	ancient_05	5718.495435543194	5840.0	5826.557871038053	5524.556986635122	6108.286218764189	1	121.50456445680629	121.50456445680629	9484.881461760884	51803.4404217999	0.6025136444691325	9484.881461760884	2.6219779026011754	0.009788846778559826
71	ancient_06	7506.231283920792	7700.0	7681.4956948646495	7484.388443378299	7822.038722561068	1	193.7687160792084	193.7687160792084	9484.881461760884	48331.78147413495	0.5412079988217036	9484.881461760884	2.6219779026011754	0.009788846778559826
71	ancient_07	9011.745691315089	8660.0	8700.428767085828	8523.26280621117	8892.765684500018	0	-351.74569131508906	351.74569131508906	9484.881461760884	39487.10501404534	0.6690638877137974	9484.881461760884	2.6219779026011754	0.009788846778559826
71	ancient_08	9261.245699643203	8960.0	8833.858608435903	8470.308469157197	9110.86191675128	0	-301.2456996432029	301.2456996432029	9484.881461760884	38429.53129444604	0.6798581247413473	9484.881461760884	2.6219779026011754	0.009788846778559826
71	ancient_09	9518.029424018281	9040.0	9068.088675958057	8895.95655121251	9258.7447657582	0	-478.02942401828113	478.02942401828113	9484.881461760884	37426.23498752204	0.6891861852364276	9484.881461760884	2.6219779026011754	0.009788846778559826
71	ancient_10	9554.140948899394	9860.0	9756.415100392725	9474.464977061076	9970.185533136986	1	305.85905110060594	305.85905110060594	9484.881461760884	37291.51087624631	0.690369508047034	9484.881461760884	2.6219779026011754	0.009788846778559826
72	ancient_01	1003.2449159142753	780.0	740.8508585276686	557.3270735155282	986.9992543428457	0	-223.24491591427534	223.24491591427534	5367.741895128735	23579.707926669806	1.0381606922667979	5367.741895128735	2.7723642092122187	0.009638989856699717
72	ancient_02	1034.7613169541314	1680.0	1682.4682940985238	1397.570412422666	1968.0594798077675	0	645.2386830458686	645.2386830458686	5367.741895128735	24066.49648328035	1.0287093237410698	5367.741895128735	2.7723642092122187	0.009638989856699717
72	ancient_03	1187.475959009615	1780.0	1797.598275434785	1433.1277813276022	2177.1362651459995	0	592.524040990385	592.524040990385	5367.741895128735	26166.344925281235	0.9846645715235511	5367.741895128735	2.7723642092122187	0.009638989856699717
72	ancient_04	1355.8162713033062	2180.0	2202.1994962653143	1902.800579414075	2541.309271615879	0	824.1837286966938	824.1837286966938	5367.741895128735	28109.26602421621	0.9409847142132068	5367.741895128735	2.7723642092122187	0.009638989856699717
72	ancient_05	1521.0968759997622	2180.0	2196.4192034128455	1823.8385779509001	2617.5631761361415	0	658.9031240002378	658.9031240002378	5367.741895128735	29908.868310532624	0.9059964461615143	5367.741895128735	2.7723642092122187	0.009638989856699717
72	ancient_06	2376.6928784134766	2480.0	2517.810039466233	2117.110859227366	2958.3071557838375	1	103.30712158652341	103.30712158652341	5367.741895128735	35924.173256676484	0.7648786232194273	5367.741895128735	2.7723642092122187	0.009638989856699717
72	ancient_07	4424.348437633889	4440.0	4399.888566829237	4077.591638306069	4653.2227120122025	1	15.651562366110738	15.651562366110738	5367.741895128735	37084.19882729297	0.5783536813373356	5367.741895128735	2.7723642092122187	0.009638989856699717
72	ancient_08	5988.900763131008	6640.0	6724.579715529155	6444.058966470819	7101.607074474036	0	651.0992368689922	651.0992368689922	5367.741895128735	35909.98963955092	0.5000369473553908	5367.741895128735	2.7723642092122187	0.009638989856699717
72	ancient_09	8782.657508401187	9740.0	9695.745117198916	9510.170177328591	9869.611016356668	0	957.3424915988126	957.3424915988126	5367.741895128735	31447.915732086254	0.49803195547202067	5367.741895128735	2.7723642092122187	0.009638989856699717
72	ancient_10	9581.478271130358	9240.0	9261.161444985848	9041.471453186652	9487.025310398056	0	-341.4782711303578	341.4782711303578	5367.741895128735	29744.270929664148	0.5113340094553722	5367.741895128735	2.7723642092122187	0.009638989856699717
73	ancient_01	1380.5817719860204	980.0	973.7792798100425	885.7289026736852	1057.3346640239756	0	-400.5817719860204	400.5817719860204	6655.387160544789	9656.505436350362	0.44312789155414306	6655.387160544789	3.0650654165580136	0.009716447306718355
73	ancient_02	2216.340430374173	2040.0	2040.5801616510253	1924.1321288615586	2128.332092368602	0	-176.34043037417314	176.34043037417314	6655.387160544789	8391.985652850604	0.3935193317672227	6655.387160544789	3.0650654165580136	0.009716447306718355
73	ancient_03	5509.509009548235	3320.0	3550.110128260612	3140.5642138253847	4287.399117863058	0	-2189.5090095482346	2189.5090095482346	6655.387160544789	18863.69401996107	1.053775443407148	6655.387160544789	3.0650654165580136	0.009716447306718355
73	ancient_04	7290.815939287105	7560.0	7405.060200023495	6829.780587760089	7790.605263003974	1	269.1840607128952	269.1840607128952	6655.387160544789	25195.72883958717	1.0479708946613542	6655.387160544789	3.0650654165580136	0.009716447306718355
73	ancient_05	7361.533604215843	8120.0	8125.838946019782	7961.127966429358	8298.199220066741	0	758.4663957841567	758.4663957841567	6655.387160544789	25413.33992942738	1.0465741697258606	6655.387160544789	3.0650654165580136	0.009716447306718355
73	ancient_06	8188.8952794332845	8240.0	8290.192861745618	8025.524647547721	8633.553324624272	1	51.104720566715514	51.104720566715514	6655.387160544789	24422.414327363702	1.0157306079790218	6655.387160544789	3.0650654165580136	0.009716447306718355
73	ancient_07	8380.137694338138	8920.0	8948.12356174294	8760.346801718606	9156.584606726758	0	539.8623056618617	539.8623056618617	6655.387160544789	24085.419594877967	1.008181994163216	6655.387160544789	3.0650654165580136	0.009716447306718355
73	ancient_08	8780.631511357902	8900.0	8921.292760749253	8653.528637273988	9157.176960374938	1	119.36848864209787	119.36848864209787	6655.387160544789	23440.60593920961	0.9927131705270357	6655.387160544789	3.0650654165580136	0.009716447306718355
73	ancient_09	8809.09031077865	10000.0	9970.321225144755	9883.49422508112	9998.914036940545	0	1190.9096892213493	1190.9096892213493	6655.387160544789	23397.64529542201	0.9916319883979882	6655.387160544789	3.0650654165580136	0.009716447306718355
73	ancient_10	9091.828035651693	9400.0	9425.117999123824	9069.493714024637	9759.693757894416	1	308.1719643483066	308.1719643483066	6655.387160544789	22989.422117127637	0.981023232267563	6655.387160544789	3.0650654165580136	0.009716447306718355
74	ancient_01	966.0145244744633	1100.0	1113.3477662800804	1024.9968585088932	1219.1494328709025	0	133.98547552553669	133.98547552553669	5662.232285779338	9111.94347338195	0.6209174651697713	5662.232285779338	2.3003495608936113	0.009727429751021612
74	ancient_02	1183.793342913415	880.0	913.6243280085139	792.571200163724	1068.7192205927597	0	-303.793342913415	303.793342913415	5662.232285779338	9257.300566167816	0.5618925374006447	5662.232285779338	2.3003495608936113	0.009727429751021612
74	ancient_03	1895.8892301425278	1540.0	1454.3834685037036	1177.1740973174058	1669.530145878929	0	-355.8892301425278	355.8892301425278	5662.232285779338	10024.31695886598	0.4579082624396142	5662.232285779338	2.3003495608936113	0.009727429751021612
74	ancient_04	3016.600206800171	2760.0	2767.622408985498	2525.334792196052	2958.4533051837325	0	-256.6002068001708	256.6002068001708	5662.232285779338	10678.104104423115	0.3722013394495514	5662.232285779338	2.3003495608936113	0.009727429751021612
74	ancient_05	3259.629781598652	3420.0	3409.559453947825	3041.912358252791	3916.3642945318998	1	160.3702184013482	160.3702184013482	5662.232285779338	11144.39493742094	0.418507031562012	5662.232285779338	2.3003495608936113	0.009727429751021612
74	ancient_06	3362.9064671858146	4260.0	4249.4683668905045	3625.5321076766204	4906.84197556563	0	897.0935328141854	897.0935328141854	5662.232285779338	11572.854554892348	0.46334542815261787	5662.232285779338	2.3003495608936113	0.009727429751021612
74	ancient_07	3685.9775817669915	4720.0	4667.894839876164	4020.343296652764	5485.445655062031	0	1034.0224182330085	1034.0224182330085	5662.232285779338	12845.908496741296	0.5560980860248497	5662.232285779338	2.3003495608936113	0.009727429751021612
74	ancient_08	3914.2102822716674	5000.0	5013.338460897827	4594.0136720592245	5405.821379604615	0	1085.7897177283326	1085.7897177283326	5662.232285779338	13685.928434771418	0.5966679129161269	5662.232285779338	2.3003495608936113	0.009727429751021612
74	ancient_09	5380.617439594563	5000.0	4969.254139936072	4466.59717795742	5434.1904561153815	1	-380.6174395945627	380.6174395945627	5662.232285779338	18086.56574027847	0.6829846262022115	5662.232285779338	2.3003495608936113	0.009727429751021612
74	ancient_10	8934.7676398644	8960.0	8994.356071796365	8809.801619458767	9239.010877962131	1	25.232360135600175	25.232360135600175	5662.232285779338	18706.70543842295	0.7333766377579243	5662.232285779338	2.3003495608936113	0.009727429751021612
75	ancient_01	11.322085582806674	0.0	54.36323573244361	2.343127298363742	127.4127770767215	1	-11.322085582806674	11.322085582806674	59690.976574431865	59690.976574431865	0.0	5883.833857090501	3.1961066172979855	0.010207625519063797
75	ancient_02	278.3542425825114	60.0	64.58499941115946	3.207209166326547	141.21967695911107	0	-218.3542425825114	218.3542425825114	9524.488235730822	27526.494279342638	1.0838930059430594	5883.833857090501	3.1961066172979855	0.010207625519063797
75	ancient_03	783.8182361626045	720.0	770.309846189216	278.8540855261425	1312.2255871248124	1	-63.818236162604535	63.818236162604535	9524.488235730822	71674.0497794414	0.9722178370896807	5883.833857090501	3.1961066172979855	0.010207625519063797
75	ancient_04	3775.0982065214544	4140.0	4143.493941305203	4007.589533200029	4278.635142771727	0	364.90179347854564	364.90179347854564	9524.488235730822	42616.64672933055	0.7597272234080418	5883.833857090501	3.1961066172979855	0.010207625519063797
75	ancient_05	3795.943127995709	3840.0	3829.876875758514	3671.3462911150477	3993.8570305529324	1	44.05687200429111	44.05687200429111	9524.488235730822	42344.25547190793	0.7625366816506519	5883.833857090501	3.1961066172979855	0.010207625519063797
75	ancient_06	3962.7219801691494	4440.0	4423.827184919756	4265.276784289515	4562.843789625274	0	477.27801983085055	477.27801983085055	9524.488235730822	40324.467891976405	0.7818937711957148	5883.833857090501	3.1961066172979855	0.010207625519063797
75	ancient_07	4623.118593445814	4180.0	4126.151958638156	3913.283555162636	4297.420267181839	0	-443.11859344581444	443.11859344581444	9524.488235730822	34399.994616160264	0.8219122203359841	5883.833857090501	3.1961066172979855	0.010207625519063797
75	ancient_08	4707.140448963859	5120.0	5228.07839891857	4942.619695794091	5535.86970799155	0	412.85955103614106	412.85955103614106	9524.488235730822	33819.46935690142	0.8242693557969646	5883.833857090501	3.1961066172979855	0.010207625519063797
75	ancient_09	5021.957732418005	5340.0	5403.09589404767	5124.162909921852	5735.909880911557	0	318.04226758199457	318.04226758199457	9524.488235730822	31891.221266492666	0.8296737756685348	5883.833857090501	3.1961066172979855	0.010207625519063797
75	ancient_10	5883.393950587463	5880.0	5859.198916046251	5666.716276972346	6036.15605927521	1	-3.393950587463223	3.393950587463223	9524.488235730822	28044.973023271003	0.8269610850419975	5883.833857090501	3.1961066172979855	0.010207625519063797
76	ancient_01	546.8691224195321	860.0	867.5475949591721	733.055910012098	988.6218716206625	0	313.1308775804679	313.1308775804679	7289.83252696713	67333.71142327678	1.061852780002322	5403.443719966595	3.128048822506223	0.009838919046495162
76	ancient_02	2541.8133385876286	2720.0	2692.31587656227	2474.2008644715365	2898.2106720173424	1	178.18666141237145	178.18666141237145	7289.83252696713	28118.492599628826	0.7735282599682062	5403.443719966595	3.128048822506223	0.009838919046495162
76	ancient_03	2899.722012301985	2580.0	2518.7709565397663	2207.16071173365	2767.812091658142	0	-319.72201230198516	319.72201230198516	7289.83252696713	28369.012916458913	0.7246045164344054	5403.443719966595	3.128048822506223	0.009838919046495162
76	ancient_04	2968.2067335738393	3000.0	3000.9165824324728	2757.164238198716	3358.144609530361	1	31.7932664261607	31.7932664261607	7289.83252696713	28410.275293951494	0.7162588619733286	5403.443719966595	3.128048822506223	0.009838919046495162
76	ancient_05	3020.516891503834	2740.0	2778.202344662833	2554.0859333551175	3104.972893341769	1	-280.5168915038339	280.5168915038339	7289.83252696713	28440.570136672606	0.7100749731686643	5403.443719966595	3.128048822506223	0.009838919046495162
76	ancient_06	3152.228584433633	4080.0	4181.633593526756	3369.3482863601	5097.303751847833	0	927.7714155663671	927.7714155663671	7289.83252696713	28512.52558175266	0.695187235126766	5403.443719966595	3.128048822506223	0.009838919046495162
76	ancient_07	4892.089476255651	6500.0	6561.95575142154	5573.983848578418	7496.945158250557	0	1607.9105237443491	1607.9105237443491	7289.83252696713	44196.24952331666	0.8138204104501051	5403.443719966595	3.128048822506223	0.009838919046495162
76	ancient_08	6965.477097442533	6040.0	6023.786812275092	5134.404980738672	6982.354149510683	1	-925.4770974425328	925.4770974425328	7289.83252696713	56094.92847977722	0.7741211911684653	5403.443719966595	3.128048822506223	0.009838919046495162
76	ancient_09	7550.5398870613235	6580.0	6620.866954839629	5826.6291046062925	7438.182318733022	0	-970.5398870613235	970.5398870613235	7289.83252696713	58246.44578727124	0.7579027087615072	5403.443719966595	3.128048822506223	0.009838919046495162
76	ancient_10	8788.644925130606	6380.0	6306.369649760122	5518.475903537539	7002.893586276735	0	-2408.6449251306058	2408.6449251306058	7289.83252696713	55477.88235941634	0.7127118269565176	5403.443719966595	3.128048822506223	0.009838919046495162
77	ancient_01	130.2816301110765	60.0	50.611321103199316	21.423239547526425	78.4717188163929	0	-70.28163011107651	70.28163011107651	6020.934315736573	6682.272398574567	0.1893840316716189	5365.732817091619	2.935456438842113	0.010001679190630117
77	ancient_02	1956.0174110272133	2280.0	2253.9046115092815	2052.369988392797	2341.9062950639222	0	323.98258897278674	323.98258897278674	6020.934315736573	13488.732607462072	0.6608236604190532	5365.732817091619	2.935456438842113	0.010001679190630117
77	ancient_03	2189.4226836198495	2180.0	2174.5550960107516	2115.4318757146057	2237.717769085519	1	-9.422683619849522	9.422683619849522	6020.934315736573	12949.16786159202	0.635689032601026	5365.732817091619	2.935456438842113	0.010001679190630117
77	ancient_04	2537.4045788482736	2740.0	2749.8103501827763	2673.028340352445	2832.6285706849635	0	202.59542115172644	202.59542115172644	6020.934315736573	12355.655794474402	0.6021060384447592	5365.732817091619	2.935456438842113	0.010001679190630117
77	ancient_05	6018.950541259071	6620.0	6614.65436035188	6526.280060477562	6694.792871175255	0	601.0494587409294	601.0494587409294	5365.732817091619	8065.548530629546	0.5569114201003856	5365.732817091619	2.935456438842113	0.010001679190630117
77	ancient_06	6304.687472029491	6320.0	6318.205203380561	6240.433915838814	6399.698609791778	1	15.312527970509109	15.312527970509109	5365.732817091619	7917.932766797575	0.5507096634421383	5365.732817091619	2.935456438842113	0.010001679190630117
77	ancient_07	7146.69490003063	7140.0	7125.099487665358	7008.802997429731	7236.856577640841	1	-6.694900030630379	6.694900030630379	5365.732817091619	7563.148756287509	0.5322451551627221	5365.732817091619	2.935456438842113	0.010001679190630117
77	ancient_08	7463.49149741708	8000.0	8011.512814078054	7534.018042496605	8575.306254953686	0	536.5085025829203	536.5085025829203	5365.732817091619	7453.753730901661	0.5254040667260638	5365.732817091619	2.935456438842113	0.010001679190630117
77	ancient_09	9176.492819870606	8640.0	8666.094214846527	8039.557402149369	9291.041619778214	1	-536.4928198706057	536.4928198706057	5365.732817091619	9961.693827089304	0.777811926599989	5365.732817091619	2.935456438842113	0.010001679190630117
77	ancient_10	9645.18972474015	10000.0	9833.427964220578	9428.858307424558	9995.427849024432	1	354.81027525984973	354.81027525984973	5365.732817091619	10613.063751278243	0.8087879560823182	5365.732817091619	2.935456438842113	0.010001679190630117
78	ancient_01	676.941011722727	900.0	912.2223258757313	798.6146551842668	1022.287568074078	0	223.058988277273	223.058988277273	8711.37215558217	24412.279895450953	0.4933522159234308	5147.265403707686	3.144210441295165	0.010275751823358976
78	ancient_02	834.7756164735354	700.0	690.6922440223613	583.9425418038514	776.6466371473732	0	-134.77561647353537	134.77561647353537	8711.37215558217	20090.62652163119	0.6001528774410085	5147.265403707686	3.144210441295165	0.010275751823358976
78	ancient_03	3245.8242243644354	3600.0	3582.25273397614	3432.0516771813614	3725.6057243905316	0	354.1757756355646	354.1757756355646	8711.37215558217	47302.075747475144	1.1276167792636231	5147.265403707686	3.144210441295165	0.010275751823358976
78	ancient_04	5472.866399084845	5180.0	5206.7671031439895	4992.326145716845	5431.848969654985	0	-292.8663990848454	292.8663990848454	8711.37215558217	24509.485776496847	1.1765053248571125	5147.265403707686	3.144210441295165	0.010275751823358976
78	ancient_05	5571.5412020182675	5320.0	5312.336434711619	5139.115958815086	5471.248009197557	0	-251.54120201826754	251.54120201826754	8711.37215558217	24097.033835845963	1.172870731025422	5147.265403707686	3.144210441295165	0.010275751823358976
78	ancient_06	6309.539145725498	5600.0	5598.133057262721	5397.015090597937	5781.62262449499	0	-709.5391457254982	709.5391457254982	8711.37215558217	21584.797727722962	1.1429084824894948	5147.265403707686	3.144210441295165	0.010275751823358976
78	ancient_07	6786.291542216089	7000.0	6983.825337871033	6812.0952855141495	7141.900684949843	0	213.7084577839114	213.7084577839114	8711.37215558217	20360.475992467294	1.122319248886517	5147.265403707686	3.144210441295165	0.010275751823358976
78	ancient_08	8439.100613854549	8700.0	8686.84930325966	8172.234968251445	9213.790935377234	1	260.899386145451	260.899386145451	8711.37215558217	19762.060784283534	1.0362032038292992	5147.265403707686	3.144210441295165	0.010275751823358976
78	ancient_09	9160.48050017269	9300.0	9279.096914662792	8713.008685671315	9845.16897832405	1	139.51949982730912	139.51949982730912	8711.37215558217	20310.885484971725	0.9989700232565335	5147.265403707686	3.144210441295165	0.010275751823358976
78	ancient_10	9994.937754999928	10000.0	9840.844362947662	9494.724747225004	9994.797924535631	0	5.0622450000719255	5.0622450000719255	8711.37215558217	20861.626123437334	0.9604597298815606	5147.265403707686	3.144210441295165	0.010275751823358976
79	ancient_01	80.60361045651332	400.0	507.4536895021763	111.57984909359377	1229.1476513108887	0	319.3963895434867	319.3963895434867	71649.36495178647	71649.36495178647	0.0	6230.152385819613	3.0488291001111048	0.010129327656839908
79	ancient_02	1149.301887669425	700.0	785.3992456327564	494.44977017429613	1194.109159466848	1	-449.301887669425	449.301887669425	25477.088431889675	59488.36665957773	0.537899577427923	6230.152385819613	3.0488291001111048	0.010129327656839908
79	ancient_03	2585.4007544458514	1920.0	1930.0640092097824	1821.2874304415577	2050.318105702424	0	-665.4007544458514	665.4007544458514	11758.562512564231	27759.107841086665	0.9097126113750271	6230.152385819613	3.0488291001111048	0.010129327656839908
79	ancient_04	2838.306375021401	2680.0	2680.319129367427	2558.579397618653	2809.6690266243795	0	-158.30637502140098	158.30637502140098	11758.562512564231	25713.724699109265	0.9020663928581518	6230.152385819613	3.0488291001111048	0.010129327656839908
79	ancient_05	3381.4482346107743	5000.0	5062.882141146629	4755.608730958908	5415.88040699021	0	1618.5517653892257	1618.5517653892257	11758.562512564231	24010.911274534777	0.8588496640626778	6230.152385819613	3.0488291001111048	0.010129327656839908
79	ancient_06	4986.554003757589	4560.0	4571.523521008081	4291.798126780782	4890.765280486959	0	-426.55400375758927	426.55400375758927	11758.562512564231	25345.105668277098	0.7115844450492912	6230.152385819613	3.0488291001111048	0.010129327656839908
79	ancient_07	5860.490984766529	6800.0	6647.740675371962	6162.863405796428	7135.468549804033	0	939.5090152334706	939.5090152334706	11758.562512564231	25779.36424027049	0.657639848857653	6230.152385819613	3.0488291001111048	0.010129327656839908
79	ancient_08	6487.683368005819	5680.0	5713.56216922775	5439.357251107317	6036.312456285669	0	-807.6833680058189	807.6833680058189	11758.562512564231	26022.08128022393	0.6256996473048873	6230.152385819613	3.0488291001111048	0.010129327656839908
79	ancient_09	7037.298071930872	5660.0	5827.444489557331	5131.041276686922	6491.922557956184	0	-1377.2980719308716	1377.2980719308716	11758.562512564231	26200.6498737043	0.6012286238432331	6230.152385819613	3.0488291001111048	0.010129327656839908
79	ancient_10	8124.848898751306	8380.0	8258.673984953619	8016.289072324859	8470.544638984748	1	255.15110124869443	255.15110124869443	8216.858536831009	24071.77816402434	0.6402084785019434	6230.152385819613	3.0488291001111048	0.010129327656839908
80	ancient_01	127.71093040426784	900.0	914.1613449598703	694.7538897906013	1121.3520613644853	0	772.2890695957321	772.2890695957321	120730.81224807822	122004.97349550882	0.01994339152326268	8997.103964407455	2.7433164269194705	0.010087141696320995
80	ancient_02	1424.4471510146839	1140.0	1144.9651535378632	982.0353439351604	1368.9425765420801	0	-284.44715101468387	284.44715101468387	26709.387257518527	51175.19412162342	0.7095736486134149	8997.103964407455	2.7433164269194705	0.010087141696320995
80	ancient_03	1497.4070379571192	1780.0	1873.5784563946127	1389.5202436411087	2476.3088714271307	1	282.5929620428808	282.5929620428808	26709.387257518527	52731.804852680114	0.7046214773848996	8997.103964407455	2.7433164269194705	0.010087141696320995
80	ancient_04	2327.871242019005	2280.0	2329.4927503030103	1595.7968633088124	3060.368820617504	1	-47.87124201900497	47.87124201900497	26709.387257518527	64969.53687582023	0.6307961861086792	8997.103964407455	2.7433164269194705	0.010087141696320995
80	ancient_05	2443.2228954075163	1540.0	1668.772235523049	1231.4240062160052	2300.522591932287	0	-903.2228954075163	903.2228954075163	26709.387257518527	66134.13200663718	0.620876488910193	8997.103964407455	2.7433164269194705	0.010087141696320995
80	ancient_06	3314.7440626759094	2920.0	2882.602398085989	2347.621711552285	3372.5184674724205	1	-394.7440626759094	394.7440626759094	26709.387257518527	71258.94410240043	0.5537727208661534	8997.103964407455	2.7433164269194705	0.010087141696320995
80	ancient_07	3622.55264017044	3020.0	2954.891546022852	2376.0925052215944	3439.660792251399	0	-602.5526401704401	602.5526401704401	26709.387257518527	70398.7706792486	0.5312205188976723	8997.103964407455	2.7433164269194705	0.010087141696320995
80	ancient_08	3777.9428888446396	3580.0	3567.596790830496	3072.166355065765	3991.215553631852	1	-197.94288884463958	197.94288884463958	26709.387257518527	70021.0973675487	0.5208290156216245	8997.103964407455	2.7433164269194705	0.010087141696320995
80	ancient_09	4017.195051256689	3260.0	3134.05046779464	2526.6025357541566	3698.147906928321	0	-757.1950512566891	757.1950512566891	26709.387257518527	69500.08168222941	0.5059526374101345	8997.103964407455	2.7433164269194705	0.010087141696320995
80	ancient_10	7410.718651831499	5940.0	6080.779187270717	5257.4384497966785	6984.868646054824	0	-1470.7186518314993	1470.7186518314993	26709.387257518527	65846.28963441135	0.3771184051440661	8997.103964407455	2.7433164269194705	0.010087141696320995
81	ancient_01	291.90471770478285	660.0	668.4542016185776	597.2809409332658	747.2849793954529	0	368.09528229521715	368.09528229521715	20658.254891582033	45336.67838133835	0.8760839909476758	6376.478357514547	3.1347833302510875	0.010128465498512255
81	ancient_02	741.6993070641709	0.0	52.76457713261721	2.1790685491564474	135.02831591606324	0	-741.6993070641709	741.6993070641709	6376.478357514547	26477.224274904096	0.9768645258335863	6376.478357514547	3.1347833302510875	0.010128465498512255
81	ancient_03	3122.8325825646684	3260.0	3681.5179442421368	3110.6331235651246	4776.60071472964	1	137.16741743533157	137.16741743533157	6376.478357514547	16615.068651321995	0.6788148452703371	6376.478357514547	3.1347833302510875	0.010128465498512255
81	ancient_04	3478.556189881309	3060.0	3137.4391988380657	2914.3647054014477	3638.4129622146393	1	-418.5561898813089	418.5561898813089	6376.478357514547	19680.59289667719	0.8338461916748511	6376.478357514547	3.1347833302510875	0.010128465498512255
81	ancient_05	3498.3807031971605	3340.0	3669.1648529732975	3084.2031472031135	4603.788129297116	1	-158.38070319716053	158.38070319716053	6376.478357514547	19868.573486144014	0.8409614302447271	6376.478357514547	3.1347833302510875	0.010128465498512255
81	ancient_06	3871.9773819289503	3240.0	3674.030289008222	3073.0179700266967	4721.611722996314	1	-631.9773819289503	631.9773819289503	6376.478357514547	23338.014859048915	0.9389017954105898	6376.478357514547	3.1347833302510875	0.010128465498512255
81	ancient_07	6477.030297217257	5520.0	5571.18319033434	4711.516246649473	6596.832628673697	1	-957.0302972172567	957.0302972172567	6376.478357514547	42786.97972775738	1.0359004081968444	6376.478357514547	3.1347833302510875	0.010128465498512255
81	ancient_08	7194.04050963971	5820.0	5669.409458022087	4628.88361602801	6549.389403731076	0	-1374.0405096397099	1374.0405096397099	6376.478357514547	46806.78628096926	1.0193008356279962	6376.478357514547	3.1347833302510875	0.010128465498512255
81	ancient_09	8850.792985558035	9200.0	9215.153065153258	9070.831849687198	9367.86862401189	0	349.20701444196493	349.20701444196493	6376.478357514547	39392.93276265417	1.048960320146342	6376.478357514547	3.1347833302510875	0.010128465498512255
81	ancient_10	9963.394110095112	10000.0	9986.90920942236	9940.23297390736	9999.284155621488	1	36.60588990488759	36.60588990488759	6376.478357514547	34686.076261230264	1.051786666150547	6376.478357514547	3.1347833302510875	0.010128465498512255
82	ancient_01	44.95647964725236	0.0	35.15002723871868	1.3470240100835102	107.99523618539705	1	-44.95647964725236	44.95647964725236	29322.790849058172	29322.790849058172	0.0	6398.0437269628	3.1474665464447735	0.010184407839504386
82	ancient_02	671.0502166721433	520.0	538.5456149724552	441.3442816487862	707.3685429052568	1	-151.05021667214328	151.05021667214328	7625.053389964428	15262.999308124985	0.6401894603492309	6398.0437269628	3.1474665464447735	0.010184407839504386
82	ancient_03	680.750041847189	480.0	524.5510403966024	407.61057903172446	704.8083097633267	1	-200.75004184718898	200.75004184718898	7625.053389964428	15511.426892950409	0.6496435248087968	6398.0437269628	3.1474665464447735	0.010184407839504386
82	ancient_04	1718.6785775271708	580.0	699.5486955944365	522.6865604380461	987.1202854488679	0	-1138.6785775271708	1138.6785775271708	7625.053389964428	39358.09670286699	0.95945389395137	6398.0437269628	3.1474665464447735	0.010184407839504386
82	ancient_05	3661.0682864277223	3580.0	3563.0689420433932	3443.183992919358	3639.1748130587735	0	-81.06828642772234	81.06828642772234	6398.0437269628	51931.311873994375	1.2260698970145012	6398.0437269628	3.1474665464447735	0.010184407839504386
82	ancient_06	3847.0959421363436	3820.0	3806.0503367527112	3692.217661432829	3893.4997089452954	1	-27.095942136343638	27.095942136343638	6398.0437269628	46930.567737815574	1.2776232822229776	6398.0437269628	3.1474665464447735	0.010184407839504386
82	ancient_07	4136.442911728251	3560.0	3576.5207859257266	3493.5855527300364	3663.6599258986025	0	-576.4429117282507	576.4429117282507	6398.0437269628	40824.4077411862	1.332841850331724	6398.0437269628	3.1474665464447735	0.010184407839504386
82	ancient_08	5830.172182469244	6040.0	6063.269638303397	5960.353898734606	6175.2600546521735	0	209.82781753075596	209.82781753075596	6398.0437269628	23828.434279707737	1.4029683128340673	6398.0437269628	3.1474665464447735	0.010184407839504386
82	ancient_09	7157.655906128031	7280.0	7275.179808332797	7184.402979220605	7369.992453650096	0	122.34409387196865	122.34409387196865	6398.0437269628	18671.830879995247	1.3654494782100204	6398.0437269628	3.1474665464447735	0.010184407839504386
82	ancient_10	8390.835836044858	7540.0	8099.245206308174	7468.633716754122	9225.72206548225	1	-850.8358360448583	850.8358360448583	6398.0437269628	21432.694288356917	1.3884783276690216	6398.0437269628	3.1474665464447735	0.010184407839504386
83	ancient_01	1099.5605157920807	1080.0	1126.9516327958297	455.6953565422752	1612.828039117582	1	-19.56051579208065	19.56051579208065	12845.813008547546	71562.7578648526	0.6942528240819269	7374.389862934099	2.8886581405972542	0.009884964135877656
83	ancient_02	1236.959057545648	1800.0	1757.3706527261436	1392.3017047160295	2099.360762257614	0	563.040942454352	563.040942454352	12845.813008547546	72029.1073352518	0.6548180170104959	7374.389862934099	2.8886581405972542	0.009884964135877656
83	ancient_03	2225.424598838808	2180.0	2254.980217567146	1909.9957008375395	2690.7780803067535	1	-45.424598838807924	45.424598838807924	12845.813008547546	63957.75308613555	0.5108021690589157	7374.389862934099	2.8886581405972542	0.009884964135877656
83	ancient_04	3089.3873075496667	3040.0	3038.3108825703375	2463.813907407794	3563.762899266072	1	-49.38730754966673	49.38730754966673	12845.813008547546	60761.47265314647	0.4412727292065202	7374.389862934099	2.8886581405972542	0.009884964135877656
83	ancient_05	4352.994594454827	4640.0	4630.851693191081	4171.808602325613	5028.05683183392	1	287.00540554517283	287.00540554517283	12845.813008547546	58957.76648785254	0.37474164072315663	7374.389862934099	2.8886581405972542	0.009884964135877656
83	ancient_06	4363.835239181482	5180.0	5150.114132031509	4634.718168192358	5569.006351152303	0	816.1647608185176	816.1647608185176	12845.813008547546	58947.229887133006	0.37429302001126025	7374.389862934099	2.8886581405972542	0.009884964135877656
83	ancient_07	4861.042117463862	4640.0	4633.420838464766	4132.996005806901	5149.72909602591	1	-221.04211746386227	221.04211746386227	12845.813008547546	58516.098711728904	0.3553008626947794	7374.389862934099	2.8886581405972542	0.009884964135877656
83	ancient_08	5063.778497283542	5240.0	5222.9297931489145	4726.924749132889	5689.44277742651	1	176.22150271645842	176.22150271645842	12845.813008547546	58365.353808208696	0.34834475818628163	7374.389862934099	2.8886581405972542	0.009884964135877656
83	ancient_09	5301.172734515679	4700.0	4659.401223479055	4214.531001867152	5106.248068659847	0	-601.1727345156787	601.1727345156787	12845.813008547546	58203.926490796606	0.34069595210998177	7374.389862934099	2.8886581405972542	0.009884964135877656
83	ancient_10	8237.366794741518	8900.0	8848.031640569401	8263.832245332906	9381.770390209876	0	662.6332052584821	662.6332052584821	12845.813008547546	56771.15007666641	0.2755828105020839	7374.389862934099	2.8886581405972542	0.009884964135877656
84	ancient_01	1044.6716979621108	80.0	183.16588491946487	22.855012886445586	478.9521059354137	0	-964.6716979621108	964.6716979621108	12131.487980578822	32610.82467079639	1.0408886099250294	10463.489595336583	2.3978634187905943	0.010002531004808909
84	ancient_02	1530.611416288642	1500.0	1561.412388855043	1421.6662008694555	1757.448540690738	1	-30.611416288641976	30.611416288641976	12131.487980578822	25258.81541430898	0.9406712484488948	10463.489595336583	2.3978634187905943	0.010002531004808909
84	ancient_03	2692.9336456574706	2780.0	2794.2299237420043	2642.6889043836413	2960.9859265653195	1	87.0663543425294	87.0663543425294	12131.487980578822	21290.01695510245	0.735810085638455	10463.489595336583	2.3978634187905943	0.010002531004808909
84	ancient_04	4011.1655512421517	4400.0	4297.9796030559455	3760.955866436974	4796.722593640488	1	388.83444875784835	388.83444875784835	12131.487980578822	24379.338342872015	0.6890661413777815	10463.489595336583	2.3978634187905943	0.010002531004808909
84	ancient_05	5222.810977637529	5980.0	5815.927965412086	5186.976963413253	6350.06321729618	1	757.1890223624714	757.1890223624714	12131.487980578822	28210.8748453642	0.6596963942341965	10463.489595336583	2.3978634187905943	0.010002531004808909
84	ancient_06	5265.404110594133	5400.0	5411.672603118718	4956.78727527806	5896.713573246134	1	134.59588940586673	134.59588940586673	12131.487980578822	28321.368366376446	0.6584471348829116	10463.489595336583	2.3978634187905943	0.010002531004808909
84	ancient_07	8453.219401543278	9420.0	9371.254637706605	8761.245105630562	9889.166441126168	0	966.7805984567221	966.7805984567221	12131.487980578822	33517.70055433733	0.5637965895087534	10463.489595336583	2.3978634187905943	0.010002531004808909
84	ancient_08	9212.880455980156	9060.0	9015.89060294372	8441.006360581549	9495.127786178758	1	-152.8804559801556	152.8804559801556	12131.487980578822	34080.30302811363	0.5428994111753062	10463.489595336583	2.3978634187905943	0.010002531004808909
84	ancient_09	9746.594619447691	10000.0	9896.075665784105	9636.975843984193	9996.95455378306	1	253.405380552309	253.405380552309	12131.487980578822	34427.73815606083	0.5295054331750442	10463.489595336583	2.3978634187905943	0.010002531004808909
84	ancient_10	9939.15450131274	8900.0	9043.0885155672	8539.492446815399	9664.046121792684	0	-1039.1545013127397	1039.1545013127397	12131.487980578822	34544.7188672558	0.5249061254998121	10463.489595336583	2.3978634187905943	0.010002531004808909
85	ancient_01	386.81728540713056	20.0	24.129013748623862	1.2037456208714608	59.14803565901298	0	-366.81728540713056	366.81728540713056	5705.553212534453	30670.145960819213	1.0275337761428027	5056.371354135713	3.2212621933283145	0.009984779299847793
85	ancient_02	1059.063785654455	1280.0	1272.3260186675052	1148.429130924476	1428.5177083038413	0	220.93621434554507	220.93621434554507	5705.553212534453	18593.711978499796	0.890011651015563	5056.371354135713	3.2212621933283145	0.009984779299847793
85	ancient_03	2804.5491734974994	2820.0	2817.4387881811313	2583.8443513213547	3036.667745474973	1	15.450826502500604	15.450826502500604	5705.553212534453	20760.057813891992	0.6243734363194232	5056.371354135713	3.2212621933283145	0.009984779299847793
85	ancient_04	4113.738920010455	3180.0	3495.4753205705592	3004.7033621140085	4340.235288185205	1	-933.7389200104553	933.7389200104553	5705.553212534453	32167.76821821754	0.9138802187476633	5056.371354135713	3.2212621933283145	0.009984779299847793
85	ancient_05	4966.731553654702	6720.0	6534.199921543508	5024.711380851036	7637.121987823775	0	1753.268446345298	1753.268446345298	5705.553212534453	40707.52588641327	0.9793332134316238	5056.371354135713	3.2212621933283145	0.009984779299847793
85	ancient_06	5125.053140201503	3580.0	3803.5435153061003	3091.8497303482723	4910.055419036467	0	-1545.053140201503	1545.053140201503	5705.553212534453	42160.782141198295	0.9839031935932278	5056.371354135713	3.2212621933283145	0.009984779299847793
85	ancient_07	6043.242437655395	5120.0	5154.342105447585	3618.3471139131157	6838.433180999609	1	-923.2424376553954	923.2424376553954	5705.553212534453	49833.357138005784	0.988438670488529	5056.371354135713	3.2212621933283145	0.009984779299847793
85	ancient_08	6406.49129883426	7760.0	7471.3257972647725	6272.5121472128685	8107.494956876841	1	1353.5087011657397	1353.5087011657397	5705.553212534453	52541.25411644989	0.9839691484119549	5056.371354135713	3.2212621933283145	0.009984779299847793
85	ancient_09	7407.528879866006	4840.0	5098.55874059815	3817.2122419756806	6563.756432652008	0	-2567.528879866006	2567.528879866006	5705.553212534453	59178.731843794965	0.9632903241635224	5056.371354135713	3.2212621933283145	0.009984779299847793
85	ancient_10	8268.135625674593	8020.0	8015.496717655371	7586.97010024269	8407.896515233359	1	-248.13562567459303	248.13562567459303	5705.553212534453	55299.71703724732	0.9463556550196107	5056.371354135713	3.2212621933283145	0.009984779299847793
86	ancient_01	1243.169198285491	1340.0	1140.2355364392984	421.714920210302	1668.8514100931027	1	96.83080171450911	96.83080171450911	38327.94296650949	90536.23426175115	0.3762606344577355	9922.93485545947	2.4449743119688048	0.009790068970146499
86	ancient_02	2176.2285623078446	2400.0	2411.8945786123695	2199.585896639383	2618.5860185680344	0	223.77143769215536	223.77143769215536	35993.149722443464	63961.18754469785	0.5402695918222041	9922.93485545947	2.4449743119688048	0.009790068970146499
86	ancient_03	3000.257377256675	2140.0	2159.2327901084527	1981.700464427907	2374.218043621478	0	-860.2573772566752	860.2573772566752	35993.149722443464	54618.108145268794	0.526855966538878	9922.93485545947	2.4449743119688048	0.009790068970146499
86	ancient_04	3956.773029393218	4320.0	4296.796600610377	4090.159772981131	4481.265573626154	0	363.22697060678183	363.22697060678183	28751.410999981286	47202.353683542744	0.5281864189404675	9922.93485545947	2.4449743119688048	0.009790068970146499
86	ancient_05	4311.220866642576	4380.0	4374.041713314697	4161.670286723661	4607.29490715699	1	68.77913335742414	68.77913335742414	28751.410999981286	45317.12558746487	0.524012959766595	9922.93485545947	2.4449743119688048	0.009790068970146499
86	ancient_06	5880.066971456959	6440.0	6400.124973787941	6167.435537530787	6597.984423827259	0	559.9330285430406	559.9330285430406	28751.410999981286	40136.577508472525	0.49175723914341263	9922.93485545947	2.4449743119688048	0.009790068970146499
86	ancient_07	6132.8144491878475	6600.0	6598.061740130806	6420.525737267713	6768.200624090952	0	467.18555081215254	467.18555081215254	28751.410999981286	39588.53661768582	0.4860622342876255	9922.93485545947	2.4449743119688048	0.009790068970146499
86	ancient_08	6416.018670067485	6880.0	6874.588268452852	6675.323562822016	7096.872579026553	0	463.9813299325151	463.9813299325151	28751.410999981286	39033.53852796019	0.4797338418085306	9922.93485545947	2.4449743119688048	0.009790068970146499
86	ancient_09	7641.53190327921	8900.0	8886.291984484764	8171.801017361766	9584.898119864398	0	1258.4680967207896	1258.4680967207896	28751.410999981286	38040.4994802111	0.47152703867471146	9922.93485545947	2.4449743119688048	0.009790068970146499
86	ancient_10	9048.757911065908	7960.0	8000.595673016447	7497.843224128707	8628.353362222848	0	-1088.757911065908	1088.757911065908	28751.410999981286	44211.5952100726	0.5572144307843268	9922.93485545947	2.4449743119688048	0.009790068970146499
87	ancient_01	298.83608960473595	320.0	328.50277350630256	59.09769698126943	575.7950894336313	1	21.163910395264054	21.163910395264054	33217.43482803651	70925.60047706854	0.5497797179499434	10301.045586168459	2.5423998772081706	0.009908611027137642
87	ancient_02	1264.6439039004908	1620.0	1590.3891490047617	1442.7160490194683	1739.5466526107402	0	355.35609609950916	355.35609609950916	18489.216120601635	38004.56033064191	0.8707319895644846	10301.045586168459	2.5423998772081706	0.009908611027137642
87	ancient_03	1790.5790320543558	1980.0	1949.6378621739232	1801.3317386781903	2060.5109082834542	0	189.42096794564418	189.42096794564418	11433.134196254794	27204.38344270689	0.9010964400641474	10301.045586168459	2.5423998772081706	0.009908611027137642
87	ancient_04	4216.649940268293	5560.0	5586.011773941335	4640.485633859133	6592.025356304598	0	1343.350059731707	1343.350059731707	11433.134196254794	30394.999893044424	1.0928384997248766	10301.045586168459	2.5423998772081706	0.009908611027137642
87	ancient_05	4811.284055735228	5980.0	5930.682184304711	4806.3337130185155	6955.334953816943	1	1168.7159442647717	1168.7159442647717	11433.134196254794	36407.22258341314	1.1303517482019367	10301.045586168459	2.5423998772081706	0.009908611027137642
87	ancient_06	6539.816480947549	6980.0	6979.999437216852	6034.255391508311	7855.968396782032	1	440.1835190524507	440.1835190524507	11433.134196254794	51062.506145545165	1.121835353248217	10301.045586168459	2.5423998772081706	0.009908611027137642
87	ancient_07	7170.085393831588	7260.0	7197.200452931205	6120.895443785307	8202.11725233165	1	89.91460616841232	89.91460616841232	11433.134196254794	55468.71077884834	1.1040705319997928	10301.045586168459	2.5423998772081706	0.009908611027137642
87	ancient_08	7221.826966636422	7520.0	7439.796813121555	6471.662756176362	8291.378991542315	1	298.1730333635778	298.1730333635778	11433.134196254794	55811.07054736744	1.1024903227058387	10301.045586168459	2.5423998772081706	0.009908611027137642
87	ancient_09	7906.215418345446	7140.0	7463.563881041886	6256.110660552084	8600.14608099381	1	-766.2154183454459	766.2154183454459	11433.134196254794	59127.9087532494	1.0712001218449034	10301.045586168459	2.5423998772081706	0.009908611027137642
87	ancient_10	8379.086378553771	10000.0	9761.473987738858	9182.401963022714	9993.108494914355	0	1620.9136214462287	1620.9136214462287	11433.134196254794	60761.09283182608	1.0464821555509034	10301.045586168459	2.5423998772081706	0.009908611027137642
88	ancient_01	166.81126992560192	200.0	196.79305031401444	36.29765375144066	319.23431217856586	1	33.18873007439808	33.18873007439808	14305.427459908042	31173.632295886502	0.6366860103138098	14305.427459908042	1.938985902940324	0.010078719624492723
88	ancient_02	437.81832437075565	0.0	35.00544737989726	1.257153295419304	114.10887170909425	0	-437.81832437075565	437.81832437075565	14305.427459908042	25155.01285159641	0.4725734550538244	14305.427459908042	1.938985902940324	0.010078719624492723
88	ancient_03	2993.848733108966	3140.0	3229.6598384211493	2983.1704573940324	3561.55108510069	1	146.15126689103408	146.15126689103408	14305.427459908042	25937.26714080968	0.24660775098578755	14305.427459908042	1.938985902940324	0.010078719624492723
88	ancient_04	4264.313846302098	2960.0	3175.3204822473845	2817.120439412365	3675.598208051856	0	-1304.3138463020978	1304.3138463020978	14305.427459908042	32444.18536029855	0.42213674370908844	14305.427459908042	1.938985902940324	0.010078719624492723
88	ancient_05	4431.925650477524	5200.0	5204.327192096884	4651.053767186276	5666.974594751189	0	768.074349522476	768.074349522476	14305.427459908042	33216.48797227692	0.4307438656507094	14305.427459908042	1.938985902940324	0.010078719624492723
88	ancient_06	4471.464637919646	3100.0	3156.8652602776333	2920.268196448372	3501.5530933789473	0	-1371.4646379196456	1371.4646379196456	14305.427459908042	33392.74885747843	0.43248030936389914	14305.427459908042	1.938985902940324	0.010078719624492723
88	ancient_07	5008.367046847827	5880.0	5776.327648931586	5285.9553762378755	6287.634818959463	0	871.6329531521733	871.6329531521733	14305.427459908042	35585.31809622863	0.4479619749300559	14305.427459908042	1.938985902940324	0.010078719624492723
88	ancient_08	5295.759008114058	5160.0	5102.581747147089	4668.749834009093	5566.532616794175	1	-135.7590081140579	135.7590081140579	14305.427459908042	36622.9577449641	0.4518589695742075	14305.427459908042	1.938985902940324	0.010078719624492723
88	ancient_09	5574.283581296464	5640.0	5692.703331524913	5242.404541865287	6189.885688184717	1	65.71641870353596	65.71641870353596	14305.427459908042	37551.10064028341	0.4537446468229283	14305.427459908042	1.938985902940324	0.010078719624492723
88	ancient_10	9616.720326813345	10000.0	9926.427094153505	9743.202158208343	9997.753111524813	0	383.2796731866547	383.2796731866547	14305.427459908042	46927.78809332263	0.4347270433256226	14305.427459908042	1.938985902940324	0.010078719624492723
89	ancient_01	310.6392639664945	140.0	154.05598337090794	105.74261725308894	199.20510138038026	0	-170.63926396649452	170.63926396649452	5216.018391522404	22718.153942245084	1.4482068713725076	5216.018391522404	3.347166775648459	0.010061334096037117
89	ancient_02	1360.285426187009	1340.0	1316.903358291779	1097.698782736362	1494.3052434232602	1	-20.28542618700908	20.28542618700908	5216.018391522404	36204.10098686286	0.777859907009277	5216.018391522404	3.347166775648459	0.010061334096037117
89	ancient_03	1509.0057247762568	1700.0	1704.6443423105427	1619.1336131929784	1805.307016049099	0	190.99427522374322	190.99427522374322	5216.018391522404	33644.26660025736	0.7711142792500733	5216.018391522404	3.347166775648459	0.010061334096037117
89	ancient_04	1948.5551274280522	1660.0	1656.5149631207596	1558.7795024624697	1763.3477077836105	0	-288.5551274280522	288.5551274280522	5216.018391522404	28920.307954326745	0.7342156591617702	5216.018391522404	3.347166775648459	0.010061334096037117
89	ancient_05	2549.3426080541835	2560.0	2558.0147381417232	2448.2604974594365	2673.2561336623453	1	10.657391945816471	10.657391945816471	5216.018391522404	25588.313982188196	0.6786974542591323	5216.018391522404	3.347166775648459	0.010061334096037117
89	ancient_06	2987.0964586271452	2520.0	2517.9327368414756	2385.491722947049	2663.8200960097765	0	-467.09645862714524	467.09645862714524	5216.018391522404	24142.0339968534	0.6425256574079965	5216.018391522404	3.347166775648459	0.010061334096037117
89	ancient_07	3324.4318359360213	3340.0	3459.5959866890976	3138.316149834078	4005.6841431885982	1	15.568164063978656	15.568164063978656	5216.018391522404	25263.980477443067	0.6760397455604413	5216.018391522404	3.347166775648459	0.010061334096037117
89	ancient_08	4604.205116963985	4640.0	4592.207211543706	3898.7317661516586	5279.211638072514	1	35.79488303601465	35.79488303601465	5216.018391522404	35778.94878400727	0.8028370280350923	5216.018391522404	3.347166775648459	0.010061334096037117
89	ancient_09	6655.6525496982795	8060.0	7951.425167864176	7227.196044475161	8486.554285106504	0	1404.3474503017205	1404.3474503017205	5216.018391522404	47274.792814597036	0.787468167553381	5216.018391522404	3.347166775648459	0.010061334096037117
89	ancient_10	9623.63051917957	9420.0	9395.921906252075	8883.76188294229	9890.258012721384	1	-203.6305191795691	203.6305191795691	5216.018391522404	52265.37570034059	0.6800423899484339	5216.018391522404	3.347166775648459	0.010061334096037117
90	ancient_01	363.57604427704524	40.0	165.15800773246153	7.596409174443481	338.45043989734233	0	-323.57604427704524	323.57604427704524	9367.643763136573	37035.99518202309	1.0093685708169706	9367.643763136573	2.261783262064556	0.010164807628975214
90	ancient_02	785.6900563042913	1060.0	1061.891563125225	932.4697167373611	1201.6754772797128	0	274.30994369570874	274.30994369570874	9367.643763136573	24992.754044431902	0.8956025076294394	9367.643763136573	2.261783262064556	0.010164807628975214
90	ancient_03	1819.4589326558018	1940.0	1957.2887934468852	1616.4527477484157	2302.2752401470675	1	120.54106734419815	120.54106734419815	9367.643763136573	34278.90174693529	0.6993283873304718	9367.643763136573	2.261783262064556	0.010164807628975214
90	ancient_04	3176.699209542607	3660.0	3653.6855592770494	3132.3902005777354	4152.807860454887	1	483.30079045739285	483.30079045739285	9367.643763136573	44396.25897349143	0.608129224876717	9367.643763136573	2.261783262064556	0.010164807628975214
90	ancient_05	4486.10951195896	4900.0	4919.405931358603	4457.08346570786	5426.762269148041	1	413.89048804104004	413.89048804104004	9367.643763136573	50571.26669432259	0.5504741950097586	9367.643763136573	2.261783262064556	0.010164807628975214
90	ancient_06	5168.172493058844	5200.0	5283.114682493602	4908.312375262498	5743.666505017729	1	31.82750694115566	31.82750694115566	9367.643763136573	52724.45897834565	0.523894848250105	9367.643763136573	2.261783262064556	0.010164807628975214
90	ancient_07	5535.120104869663	4520.0	4565.291656327661	4207.52201309142	4966.540621868415	0	-1015.120104869663	1015.120104869663	9367.643763136573	53691.804958950735	0.5108089063819019	9367.643763136573	2.261783262064556	0.010164807628975214
90	ancient_08	6085.557079358553	6020.0	5993.599629442207	5495.690729139162	6477.4834668638505	1	-65.55707935855298	65.55707935855298	9367.643763136573	54949.86977964759	0.49266553683921727	9367.643763136573	2.261783262064556	0.010164807628975214
90	ancient_09	7468.193173165726	6880.0	6693.754351473289	6032.370263289459	7227.580492085084	0	-588.193173165726	588.193173165726	9367.643763136573	57371.0729616669	0.4538351946607629	9367.643763136573	2.261783262064556	0.010164807628975214
90	ancient_10	8838.79895802446	9220.0	9213.095803127733	8874.337296778556	9612.664745924609	0	381.20104197554065	381.20104197554065	9367.643763136573	55052.76319398961	0.4289962501486028	9367.643763136573	2.261783262064556	0.010164807628975214
91	ancient_01	993.0807838031685	1040.0	1125.9432945754115	980.7581416595506	1325.6761067797545	1	46.919216196831485	46.919216196831485	10299.305590998049	27341.13583277456	0.929320319022677	6882.951911794909	3.067465107320011	0.009602809396948414
91	ancient_02	1166.8646408553095	1440.0	1445.5455697338787	1382.0330232819756	1521.8208416922764	0	273.1353591446905	273.1353591446905	10299.305590998049	24391.564018662993	0.8997111516362131	6882.951911794909	3.067465107320011	0.009602809396948414
91	ancient_03	1719.8887258990414	2560.0	2567.891404857646	2485.324509105652	2676.5774292500028	0	840.1112741009586	840.1112741009586	10299.305590998049	19004.555291314235	0.8262734920168651	6882.951911794909	3.067465107320011	0.009602809396948414
91	ancient_04	2187.9945796623924	2360.0	2365.7399509189936	2293.650943749344	2440.1629066077853	0	172.00542033760757	172.00542033760757	10299.305590998049	16786.942526129427	0.7702124833821716	6882.951911794909	3.067465107320011	0.009602809396948414
91	ancient_05	3369.4830762598003	3180.0	3099.4799161099527	2726.1933130148213	3293.1775444828268	0	-189.48307625980033	189.48307625980033	9523.300896674305	14209.712329186474	0.6612771686354575	6882.951911794909	3.067465107320011	0.009602809396948414
91	ancient_06	3439.884706434927	2300.0	2336.948164220572	2242.872411296175	2463.617627468131	0	-1139.884706434927	1139.884706434927	9523.300896674305	14093.80610885577	0.6569234254310233	6882.951911794909	3.067465107320011	0.009602809396948414
91	ancient_07	4235.796831899943	1760.0	1780.9278717173966	1702.8629355878738	1879.4937572371155	0	-2475.796831899943	2475.796831899943	9523.300896674305	13093.019408867885	0.6114796714792583	6882.951911794909	3.067465107320011	0.009602809396948414
91	ancient_08	6493.561262665332	6780.0	6696.365237410512	6467.7512478321905	6858.84879493283	1	286.4387373346681	286.4387373346681	9523.300896674305	11721.156967642313	0.516610491978321	6882.951911794909	3.067465107320011	0.009602809396948414
91	ancient_09	6870.771538953616	5900.0	6183.312054791219	5804.097792051601	6707.656975705615	0	-970.7715389536161	970.7715389536161	9523.300896674305	11588.290455145969	0.5044516888060346	6882.951911794909	3.067465107320011	0.009602809396948414
91	ancient_10	7561.553688450778	7740.0	7758.64082952826	7661.211347607361	7943.844170237346	0	178.44631154922172	178.44631154922172	6882.951911794909	11351.818367622991	0.4860515480109622	6882.951911794909	3.067465107320011	0.009602809396948414
92	ancient_01	64.02872858562336	180.0	188.26889533417585	44.52799327502191	295.79151663411386	1	115.97127141437664	115.97127141437664	31487.584741153278	31487.584741153278	0.0	7289.191630043652	2.0216865230043677	0.009932325510925558
92	ancient_02	838.1459711658812	940.0	972.2640391772129	711.9770371549106	1230.8339664370171	1	101.85402883411882	101.85402883411882	7289.191630043652	15944.1075160005	0.649868070454744	7289.191630043652	2.0216865230043677	0.009932325510925558
92	ancient_03	3084.1426150918505	3060.0	3047.8520738760694	2861.773326021528	3236.3807829226685	1	-24.14261509185053	24.14261509185053	7289.191630043652	14783.316569791512	0.4749462091393225	7289.191630043652	2.0216865230043677	0.009932325510925558
92	ancient_04	3544.7339596075535	3460.0	3564.392065203764	3265.289529386348	3919.4405758216417	1	-84.73395960755352	84.73395960755352	7289.191630043652	15619.378040369518	0.4774829632161144	7289.191630043652	2.0216865230043677	0.009932325510925558
92	ancient_05	3679.0091612530305	3280.0	3324.6589858830466	3122.9232504646147	3583.1872910479347	0	-399.00916125303047	399.00916125303047	7289.191630043652	15908.545498625777	0.4780714408525712	7289.191630043652	2.0216865230043677	0.009932325510925558
92	ancient_06	5789.807217534228	5620.0	5640.6386611338485	5270.368110447632	5974.349285798902	1	-169.80721753422768	169.80721753422768	7289.191630043652	18980.383091683718	0.44671678886676	7289.191630043652	2.0216865230043677	0.009932325510925558
92	ancient_07	6473.067685968474	6820.0	6855.528853524381	6496.169546956791	7265.578172145546	0	346.9323140315264	346.9323140315264	7289.191630043652	19607.002947697645	0.43293391861459984	7289.191630043652	2.0216865230043677	0.009932325510925558
92	ancient_08	7904.6676003851935	8140.0	8163.0686670197665	7580.329477710659	8743.919740614121	1	235.3323996148065	235.3323996148065	7289.191630043652	21290.891206708162	0.44605899879993355	7289.191630043652	2.0216865230043677	0.009932325510925558
92	ancient_09	8078.15108298657	8440.0	8462.23428956849	7828.7455269079555	9118.461444850194	1	361.84891701342985	361.84891701342985	7289.191630043652	21672.362321019307	0.45723627020012714	7289.191630043652	2.0216865230043677	0.009932325510925558
92	ancient_10	8855.16565941424	9860.0	9697.784774395603	9229.705915195093	9985.28559310756	0	1004.8343405857595	1004.8343405857595	7289.191630043652	23267.062274356722	0.49308187232522427	7289.191630043652	2.0216865230043677	0.009932325510925558
93	ancient_01	990.5783728935813	520.0	691.0075974998656	404.09691813492987	1167.7427888014174	1	-470.57837289358133	470.57837289358133	5100.4636594575095	35304.4283705021	1.2263084336994952	5100.4636594575095	3.2643844320700506	0.009915174697621704
93	ancient_02	1523.5916930482551	820.0	876.5729196593073	548.570185440854	1319.1952245338075	0	-703.5916930482551	703.5916930482551	5100.4636594575095	45201.58414369335	1.1560577266227392	5100.4636594575095	3.2643844320700506	0.009915174697621704
93	ancient_03	1910.760322242141	1720.0	1746.5095268211915	1592.6051154078264	1917.3588411040573	1	-190.760322242141	190.760322242141	5100.4636594575095	39500.3289702317	1.0663949822290795	5100.4636594575095	3.2643844320700506	0.009915174697621704
93	ancient_04	4158.69280960725	3620.0	3676.7858930502484	3219.642303521352	4245.47593892503	1	-538.6928096072497	538.6928096072497	5100.4636594575095	40491.04012766664	0.8652018411526384	5100.4636594575095	3.2643844320700506	0.009915174697621704
93	ancient_05	5970.839084539565	5660.0	5629.985130392526	5008.45301890925	6206.263929806078	1	-310.8390845395652	310.8390845395652	5100.4636594575095	50764.14591389205	0.7991935630396558	5100.4636594575095	3.2643844320700506	0.009915174697621704
93	ancient_06	8002.111737153132	8480.0	8424.694207401195	7990.0728951178635	8844.009897725957	1	477.8882628468682	477.8882628468682	5100.4636594575095	55842.01249881142	0.720507936218942	5100.4636594575095	3.2643844320700506	0.009915174697621704
93	ancient_07	8052.343272943812	7720.0	7694.325261765414	7204.098971377249	8105.745012770201	1	-332.3432729438118	332.3432729438118	5100.4636594575095	55788.03136232256	0.718360832175048	5100.4636594575095	3.2643844320700506	0.009915174697621704
93	ancient_08	8065.2877381754	7700.0	7561.42091730197	6703.183749014995	8068.7410847283045	1	-365.2877381753997	365.2877381753997	5100.4636594575095	55774.23798228874	0.7178106259953039	5100.4636594575095	3.2643844320700506	0.009915174697621704
93	ancient_09	8415.090930495999	8700.0	8680.521001538	8260.293589828047	9150.684325191067	1	284.9090695040013	284.9090695040013	5100.4636594575095	55418.74389297348	0.7034035106165201	5100.4636594575095	3.2643844320700506	0.009915174697621704
93	ancient_10	9907.018435474874	10000.0	9847.908928719844	9559.814034675617	9994.321891175972	1	92.98156452512558	92.98156452512558	5100.4636594575095	54201.908377074426	0.6504205483810213	5100.4636594575095	3.2643844320700506	0.009915174697621704
94	ancient_01	1681.9221114681736	1620.0	1628.3203085557125	1569.5018885735387	1689.5062775300332	1	-61.922111468173625	61.922111468173625	9212.854339245989	16042.726188737537	0.7976652431880505	9212.854339245989	2.571429982914191	0.009896907216494845
94	ancient_02	1713.2855563293158	1800.0	1796.161745777863	1733.2300290745902	1861.9046089617948	0	86.7144436706842	86.7144436706842	9212.854339245989	15880.659854126827	0.7938204437452903	9212.854339245989	2.571429982914191	0.009896907216494845
94	ancient_03	2182.501771346865	2140.0	2141.570675400302	2024.9223755436456	2237.611655778616	1	-42.5017713468651	42.5017713468651	9212.854339245989	14126.315718471647	0.7380460057828686	9212.854339245989	2.571429982914191	0.009896907216494845
94	ancient_04	2306.0623100546495	2060.0	2191.748330916375	1931.6591512099797	2664.3424601618135	1	-246.06231005464952	246.06231005464952	9212.854339245989	13806.46392522337	0.7244244364648915	9212.854339245989	2.571429982914191	0.009896907216494845
94	ancient_05	2689.2681849355017	2920.0	2914.9742058369143	2829.2805246677312	2998.7851638077113	0	230.73181506449828	230.73181506449828	9212.854339245989	13033.10383587444	0.685570839925468	9212.854339245989	2.571429982914191	0.009896907216494845
94	ancient_06	7270.471179482406	6160.0	6174.327514154136	5866.3520701319585	6498.049467248543	0	-1110.4711794824061	1110.4711794824061	9212.854339245989	21401.351149471084	0.6415138255904279	9212.854339245989	2.571429982914191	0.009896907216494845
94	ancient_07	7607.204029321527	8480.0	8459.581263754604	7961.744719972942	8938.369229654652	0	872.7959706784732	872.7959706784732	9212.854339245989	21832.123913566258	0.6340140466387836	9212.854339245989	2.571429982914191	0.009896907216494845
94	ancient_08	8775.475883012585	9000.0	8975.94570009023	8524.35060354047	9398.367999653685	1	224.52411698741525	224.52411698741525	9212.854339245989	23305.100313181636	0.6133647398476977	9212.854339245989	2.571429982914191	0.009896907216494845
94	ancient_09	9391.201138907616	7980.0	8123.395145481409	7577.833919352679	8890.621217483818	0	-1411.201138907616	1411.201138907616	9212.854339245989	23963.833959524225	0.6021819538234366	9212.854339245989	2.571429982914191	0.009896907216494845
94	ancient_10	9888.323492008487	9960.0	9829.112001095025	9528.218927853546	9992.736034120338	1	71.67650799151306	71.67650799151306	9212.854339245989	24447.245280633877	0.5932350637370456	9212.854339245989	2.571429982914191	0.009896907216494845
95	ancient_01	1621.152348486785	1680.0	1686.4791645573441	1572.5775532512057	1819.7246183272523	1	58.84765151321494	58.84765151321494	8966.862236556106	14658.30458818619	0.4387469631004431	6121.351636070714	3.056781662663697	0.00999322951929587
95	ancient_02	1711.0728551194532	1680.0	1664.499238458521	1571.1405772162475	1749.5482404881582	1	-31.072855119453152	31.072855119453152	8966.862236556106	14284.559313065156	0.4409186344292911	6121.351636070714	3.056781662663697	0.00999322951929587
95	ancient_03	2949.0183146731174	3000.0	2986.2350710741434	2840.544590286023	3141.1824050283744	1	50.9816853268826	50.9816853268826	8966.862236556106	11748.3214407829	0.4069525768832719	6121.351636070714	3.056781662663697	0.00999322951929587
95	ancient_04	4575.18634871412	4860.0	4848.776270281085	4503.097610973075	5168.70638212707	1	284.81365128588004	284.81365128588004	8966.862236556106	14366.365076296292	0.466535338019955	6121.351636070714	3.056781662663697	0.00999322951929587
95	ancient_05	5090.441743168155	5000.0	4845.899835393891	4352.842422458729	5239.679736475275	1	-90.44174316815497	90.44174316815497	8966.862236556106	15098.469897519208	0.46643373613824896	6121.351636070714	3.056781662663697	0.00999322951929587
95	ancient_06	5810.154909302946	5840.0	5838.32279468154	5528.558492340368	6169.350825239877	1	29.84509069705382	29.84509069705382	8966.862236556106	15946.878403821134	0.4601631312508356	6121.351636070714	3.056781662663697	0.00999322951929587
95	ancient_07	6040.042380302282	6620.0	6609.832176670969	6280.2505357225755	6910.200475255439	0	579.9576196977177	579.9576196977177	8966.862236556106	16183.303356457393	0.4573454074093985	6121.351636070714	3.056781662663697	0.00999322951929587
95	ancient_08	7108.123367037441	7040.0	7077.714517352784	6706.592341412202	7500.287392417527	1	-68.12336703744131	68.12336703744131	8966.862236556106	17113.553641443443	0.44204111569136706	6121.351636070714	3.056781662663697	0.00999322951929587
95	ancient_09	8554.381661243182	10000.0	9854.994831273538	9514.76557534051	9995.569436231259	0	1445.618338756818	1445.618338756818	8966.862236556106	19681.26490765123	0.5241663975827529	6121.351636070714	3.056781662663697	0.00999322951929587
95	ancient_10	9913.930868970832	9040.0	9019.582675975063	8310.052797772832	9706.370702454406	0	-873.9308689708323	873.9308689708323	8966.862236556106	22194.140685126476	0.5726445812652917	6121.351636070714	3.056781662663697	0.00999322951929587
96	ancient_01	40.06081935343797	0.0	62.849688428763535	1.8492135001657932	229.43754555440256	1	-40.06081935343797	40.06081935343797	71722.01109325408	71722.01109325408	0.0	13895.97040351901	2.34995501171249	0.010015892508849237
96	ancient_02	1265.5487865739146	860.0	963.309026383124	433.6035426187003	1591.4359015664318	1	-405.54878657391464	405.54878657391464	71722.01109325408	115982.0247951263	0.2629541891205064	13895.97040351901	2.34995501171249	0.010015892508849237
96	ancient_03	2170.7887723171502	2180.0	2123.1471466822795	1589.055450731889	2549.1073858386844	1	9.211227682849767	9.211227682849767	71722.01109325408	101351.108530487	0.27573042357930505	13895.97040351901	2.34995501171249	0.010015892508849237
96	ancient_04	2747.6817454186676	2140.0	2209.4131869512566	1701.5531232119579	2850.2727415147533	1	-607.6817454186676	607.6817454186676	71722.01109325408	96506.53307165374	0.2628540399034917	13895.97040351901	2.34995501171249	0.010015892508849237
96	ancient_05	3459.1839782701163	3860.0	3897.3139620430056	3641.0326495817794	4191.124645355855	0	400.8160217298837	400.8160217298837	42903.14836159659	88053.12607171536	0.3270403237916401	13895.97040351901	2.34995501171249	0.010015892508849237
96	ancient_06	5797.438671991095	5440.0	5464.465084009204	5168.1347461905325	5788.770687043039	0	-357.43867199109536	357.43867199109536	42903.14836159659	65887.66776978533	0.4338486039731901	13895.97040351901	2.34995501171249	0.010015892508849237
96	ancient_07	7163.385064173455	7860.0	7927.68055720813	7561.011004017832	8349.286927353722	0	696.6149358265448	696.6149358265448	42903.14836159659	60712.3104536233	0.4251303681043248	13895.97040351901	2.34995501171249	0.010015892508849237
96	ancient_08	7184.067523261464	7560.0	7559.950917063968	7243.268138933049	7858.956572840662	0	375.932476738536	375.932476738536	42903.14836159659	60651.65458823456	0.42492535346533217	13895.97040351901	2.34995501171249	0.010015892508849237
96	ancient_09	7488.8107272263405	7120.0	7145.805823126018	6785.468937111822	7520.479238504893	1	-368.81072722634053	368.81072722634053	42903.14836159659	59803.18272816992	0.4217733613400388	13895.97040351901	2.34995501171249	0.010015892508849237
96	ancient_10	8334.555190549836	8180.0	8166.000854072838	7729.7500625861485	8675.05563363409	1	-154.55519054983597	154.55519054983597	37357.630387380246	57024.51114075092	0.4241556517692395	13895.97040351901	2.34995501171249	0.010015892508849237
97	ancient_01	764.0453330836572	1720.0	1714.301351536362	1506.2398564189682	1900.887963827178	0	955.9546669163428	955.9546669163428	6203.230985713783	21086.784408082458	0.6835509203619159	6203.230985713783	2.625401137578965	0.01002896834626689
97	ancient_02	1061.049736957924	340.0	346.48613048086554	245.7952844964493	456.4867805490572	0	-721.0497369579241	721.0497369579241	6203.230985713783	26343.514133468	0.6810985146622125	6203.230985713783	2.625401137578965	0.01002896834626689
97	ancient_03	1909.1126895247646	1920.0	1895.1464235633184	1679.7751213912152	2094.6469050423916	1	10.887310475235381	10.887310475235381	6203.230985713783	30203.16980375262	0.544018900008329	6203.230985713783	2.625401137578965	0.01002896834626689
97	ancient_04	4348.357364856018	3760.0	3794.924900109201	3283.2733701693705	4430.012882530381	1	-588.3573648560177	588.3573648560177	6203.230985713783	40669.82686607337	0.581778863064132	6203.230985713783	2.625401137578965	0.01002896834626689
97	ancient_05	4739.094535423575	2880.0	2965.149066003842	2657.4036027638986	3445.9399579770957	0	-1859.0945354235746	1859.0945354235746	6203.230985713783	43246.23978022203	0.593756763300007	6203.230985713783	2.625401137578965	0.01002896834626689
97	ancient_06	6027.478860843698	5500.0	5578.393731975713	4945.856857509289	6263.052787251159	1	-527.4788608436984	527.4788608436984	6203.230985713783	50050.00951050403	0.5964205335763283	6203.230985713783	2.625401137578965	0.01002896834626689
97	ancient_07	6443.336187927946	5520.0	5644.176171836243	4816.610638181691	6628.445803383589	1	-923.3361879279464	923.3361879279464	6203.230985713783	51816.571140148284	0.5917758404834522	6203.230985713783	2.625401137578965	0.01002896834626689
97	ancient_08	6688.246873690754	7380.0	6969.513090435804	6093.639992404175	7591.83018972073	1	691.753126309246	691.753126309246	6203.230985713783	52779.35743192513	0.588465825449491	6203.230985713783	2.625401137578965	0.01002896834626689
97	ancient_09	9480.308341038828	9140.0	9172.422354171365	9028.603469796031	9350.812132213723	0	-340.3083410388281	340.3083410388281	6203.230985713783	38532.6339218499	0.8785755430137011	6203.230985713783	2.625401137578965	0.01002896834626689
97	ancient_10	9708.002484181843	8400.0	8415.561598512964	8304.704282181921	8545.94719183067	0	-1308.002484181843	1308.002484181843	6203.230985713783	37297.6251529781	0.8932941742071393	6203.230985713783	2.625401137578965	0.01002896834626689
98	ancient_01	1274.8845773861206	160.0	173.32758699689737	120.435769878911	244.1004265802381	0	-1114.8845773861206	1114.8845773861206	5110.760230750947	15275.732888900593	0.41180208842525634	5110.760230750947	2.7844543837338573	0.010084915561492224
98	ancient_02	2490.291821117656	2940.0	2857.493174158095	2371.132352925243	3162.372056235626	1	449.7081788823439	449.7081788823439	5110.760230750947	28253.75391973863	0.7163313096981663	5110.760230750947	2.7844543837338573	0.010084915561492224
98	ancient_03	3660.1153967253185	3960.0	3934.3229895134714	3720.6219248512903	4104.723469285944	0	299.88460327468147	299.88460327468147	5110.760230750947	28126.489526858506	0.7546583364750784	5110.760230750947	2.7844543837338573	0.010084915561492224
98	ancient_04	3894.6762838549407	3300.0	3300.852946633902	3167.5211405056857	3417.6538498407335	0	-594.6762838549407	594.6762838549407	5110.760230750947	26523.631641762262	0.7674193202163428	5110.760230750947	2.7844543837338573	0.010084915561492224
98	ancient_05	6516.234827525561	6480.0	6467.786604395909	6312.071045430217	6618.617442844166	1	-36.23482752556083	36.23482752556083	5110.760230750947	18351.040268565623	0.744023591466844	5110.760230750947	2.7844543837338573	0.010084915561492224
98	ancient_06	7639.832558885781	7680.0	7672.421784546454	7500.181873156705	7818.325466137866	1	40.1674411142194	40.1674411142194	5110.760230750947	16887.780546243095	0.7159089507326958	5110.760230750947	2.7844543837338573	0.010084915561492224
98	ancient_07	8746.206391565654	8940.0	8924.82194358429	8770.741464710307	9067.902937980209	0	193.79360843434551	193.79360843434551	5110.760230750947	15641.830174010258	0.6987514389513496	5110.760230750947	2.7844543837338573	0.010084915561492224
98	ancient_08	9242.508764135719	10000.0	9945.736272174148	9823.01773539358	9998.174771480311	0	757.4912358642814	757.4912358642814	5110.760230750947	15203.56802020767	0.6901216264787906	5110.760230750947	2.7844543837338573	0.010084915561492224
98	ancient_09	9320.421901177477	9460.0	9437.609625078505	9264.789943633554	9616.809741169574	1	139.57809882252332	139.57809882252332	5110.760230750947	15140.051301946563	0.6887420971049082	5110.760230750947	2.7844543837338573	0.010084915561492224
98	ancient_10	9441.924300859719	10000.0	9983.782783744626	9925.66015525703	9999.227391644568	0	558.0756991402814	558.0756991402814	5110.760230750947	15043.602871666379	0.6865816424570726	5110.760230750947	2.7844543837338573	0.010084915561492224
99	ancient_01	1230.4676286342308	2760.0	2586.1501800107712	1974.9005321649472	3197.7915946314024	0	1529.5323713657692	1529.5323713657692	23390.21192916069	35234.072043154614	0.3779884843546523	7006.380693661798	2.876389416870712	0.010180017294237875
99	ancient_02	2410.7871305505946	3200.0	3166.9384851414356	2707.911945601344	3513.620199199633	0	789.2128694494054	789.2128694494054	23390.21192916069	42582.43534645409	0.3616175700550871	7006.380693661798	2.876389416870712	0.010180017294237875
99	ancient_03	2497.359930327041	3160.0	3060.128342315911	2551.5414516667934	3356.794653779179	0	662.6400696729588	662.6400696729588	23390.21192916069	42968.9621288545	0.35847999048411777	7006.380693661798	2.876389416870712	0.010180017294237875
99	ancient_04	4998.635562682008	4780.0	4746.183979942293	4392.881825185018	5058.0598048421525	1	-218.63556268200773	218.63556268200773	23390.21192916069	36117.98213095646	0.3990924032810227	7006.380693661798	2.876389416870712	0.010180017294237875
99	ancient_05	5041.281238369363	5200.0	5187.545272112708	4869.3050932824635	5566.562970839323	1	158.71876163063735	158.71876163063735	23390.21192916069	35998.95759047833	0.39900441895480065	7006.380693661798	2.876389416870712	0.010180017294237875
99	ancient_06	5665.570269413247	4900.0	4950.309357158165	4655.060999614222	5336.419501820762	0	-765.5702694132469	765.5702694132469	23390.21192916069	34496.46170488761	0.39539760457383283	7006.380693661798	2.876389416870712	0.010180017294237875
99	ancient_07	8091.033669777432	8280.0	8213.341923547061	8007.375177461895	8377.42334232684	1	188.9663302225681	188.9663302225681	7006.380693661798	28394.55289392742	0.5332738989031434	7006.380693661798	2.876389416870712	0.010180017294237875
99	ancient_08	8230.885484769036	8660.0	8659.177783288816	8552.699465979447	8775.151781089851	0	429.11451523096366	429.11451523096366	7006.380693661798	27727.38036349682	0.5587992874891404	7006.380693661798	2.876389416870712	0.010180017294237875
99	ancient_09	8896.179062331594	8400.0	8396.722237585782	8268.353942665539	8515.11078075329	0	-496.17906233159374	496.17906233159374	7006.380693661798	25016.79287829114	0.6479460010986293	7006.380693661798	2.876389416870712	0.010180017294237875
99	ancient_10	9051.016684967339	7760.0	7770.920718215598	7584.385809996997	8028.058394528178	0	-1291.0166849673387	1291.0166849673387	7006.380693661798	24477.994383845948	0.6632409622276733	7006.380693661798	2.876389416870712	0.010180017294237875
100	ancient_01	216.90000473505333	120.0	123.13118915068077	13.508894811929276	220.24567963226178	1	-96.90000473505333	96.90000473505333	7888.341615002045	14398.333715043424	0.6505885964734983	5959.005162740477	2.6431058352773427	0.010008432825884338
100	ancient_02	1900.1890046620008	2060.0	2062.5314412623775	1959.290321444689	2168.723035606236	0	159.8109953379992	159.8109953379992	7888.341615002045	28625.971542608746	0.846526659634981	5959.005162740477	2.6431058352773427	0.010008432825884338
100	ancient_03	4425.868963707598	4920.0	4876.532511416473	4146.257404749482	5565.973187910023	1	494.1310362924023	494.1310362924023	7888.341615002045	27327.282853867837	0.8863506231589258	5959.005162740477	2.6431058352773427	0.010008432825884338
100	ancient_04	4662.527067639524	4240.0	4182.687697843311	3408.5846387545216	4905.323937416109	1	-422.5270676395239	422.5270676395239	7888.341615002045	28572.875795602424	0.8848138808760586	5959.005162740477	2.6431058352773427	0.010008432825884338
100	ancient_05	5308.414460158816	5180.0	5262.871797746187	4519.164667117653	6174.636623046999	1	-128.41446015881593	128.41446015881593	7888.341615002045	31622.86165941071	0.8728660018215805	5959.005162740477	2.6431058352773427	0.010008432825884338
100	ancient_06	6284.773905267643	7780.0	7749.435227950382	7594.484419352046	7882.677626299219	0	1495.2260947323566	1495.2260947323566	7888.341615002045	35432.227329690715	0.8449086826927635	5959.005162740477	2.6431058352773427	0.010008432825884338
100	ancient_07	6889.155329287775	6800.0	6767.210647994706	5909.565321815345	7477.248939216368	1	-89.1553292877752	89.1553292877752	7888.341615002045	37407.611044156605	0.8257420553869217	5959.005162740477	2.6431058352773427	0.010008432825884338
100	ancient_08	7985.983507500554	7900.0	7856.33564496626	7648.800024012999	8090.151493436497	1	-85.98350750055397	85.98350750055397	7028.5263906156115	35268.397736762345	0.8828984682922136	5959.005162740477	2.6431058352773427	0.010008432825884338
100	ancient_09	8345.21394365822	8100.0	8098.198544942666	7938.580016679818	8220.955663478473	0	-245.21394365822016	245.21394365822016	7028.5263906156115	32902.65060573336	0.923651191284856	5959.005162740477	2.6431058352773427	0.010008432825884338
100	ancient_10	9840.037615850582	10000.0	9975.966187548041	9906.796437179113	9999.030079529297	0	159.96238414941763	159.96238414941763	7028.5263906156115	26025.18885396985	1.0151335423978844	5959.005162740477	2.6431058352773427	0.010008432825884338
