replicate	true_T	stratum	sites	mean_width	mean_d0	mean_mutation_age	carried_fraction	map_T_exact	map_T_edge	mean_T_exact	mean_T_edge	ci95_width_exact	ci95_width_edge
1	9933.06129481694	0k-3k	3408	1535.148831578623	2.608568075117371	1911.4541710095198	0.005575117370892019	9950.0	9950.0	9667.587413457768	9959.993286265813	2287.561520447689	2866.3167913031593
1	9933.06129481694	3k-10k	4046	5961.338510065604	4.680672268907563	5991.289201371522	0.03188334157192289	10000.0	9950.0	9989.124575682305	9913.531250834454	857.2878405412157	1043.4840708032243
1	9933.06129481694	10k-30k	4107	17901.02780792226	8.017774531288044	16136.394026878157	0.18091064037009982	10100.0	10450.0	10003.892900854391	10432.84751937681	462.339017671331	1030.7890245854687
1	9933.06129481694	30k-100k	2951	43722.87872620882	10.050152490681125	30058.34725567132	0.3476787529650966	9700.0	11250.0	9655.396950428698	11236.469645539259	1301.787543650642	2927.227685656906
1	9933.06129481694	100k-300k	0										
1	9933.06129481694	300k-inf	0										
1	9933.06129481694	all	14512	15979.678828412649	6.230361080485116	12798.328620688002	0.13209757442116868	10000.0	10200.0	9980.671332622656	10213.605414582114	414.10003476228667	673.048456386834
2	1258.4278605235522	0k-3k	2977	1554.0950315516966	2.6792072556264697	1751.0763145574658	0.036614040980853205	1350.0	1350.0	1317.7516262547815	1335.8902923328035	297.7777811986848	403.0665843104125
2	1258.4278605235522	3k-10k	3786	5925.790362030341	4.937136819862652	6159.116852004482	0.14870575805599578	1300.0	1900.0	1268.3087953519089	1878.190961930297	328.46639305404165	672.3074488198092
2	1258.4278605235522	10k-30k	4236	18532.33541073916	8.51912181303116	16731.69720855917	0.30807365439093487	1600.0	2050.0	1581.4405855938066	2084.8351483533106	784.5517621781753	1275.12417777466
2	1258.4278605235522	30k-100k	3109	43485.054890846084	10.116436153103892	30020.292485204078	0.37182373753618525	1150.0	1300.0	1168.7333796472003	1322.6660574972777	1070.3347780381564	1326.7468048222524
2	1258.4278605235522	100k-300k	0										
2	1258.4278605235522	300k-inf	0										
2	1258.4278605235522	all	14108	17065.46581195831	6.677558831868444	13661.747186141387	0.22207258293166998	1350.0	1500.0	1317.0364947979003	1472.3516247718076	217.70925050774395	280.939912230192
3	4939.942018305883	0k-3k	3215	1536.670776747317	2.5636080870917572	1818.5328338771908	0.016174183514774496	4400.0	4250.0	4390.641056853687	4270.65374274078	1267.8070098507865	1235.0072317726995
3	4939.942018305883	3k-10k	3986	5958.075789341115	4.6828901154039135	5986.610804934837	0.09131961866532864	5050.0	4900.0	5003.205448277874	4894.416765372249	586.6287966394902	728.6094603488446
3	4939.942018305883	10k-30k	4166	18609.525437809138	8.601536245799329	16628.637896661345	0.27772443590974555	4750.0	5400.0	4747.431603671352	5366.242112980103	645.3856863204446	1227.862763730941
3	4939.942018305883	30k-100k	3131	43769.288965252854	10.098371127435325	30031.220764949914	0.3478122005748962	4900.0	6950.0	4844.1310772230845	7042.579917531623	1246.639585315781	3057.7505126169435
3	4939.942018305883	100k-300k	0										
3	4939.942018305883	300k-inf	0										
3	4939.942018305883	all	14498	16778.74281746971	6.508483928817768	13312.99982217787	0.18361153262518967	4850.0	4950.0	4840.331939694199	4943.470975325492	407.55764803842885	540.5938045835201
4	8012.774121912282	0k-3k	3336	1506.8261251885394	2.5227817745803356	1844.346613532251	0.008093525179856115	7600.0	7500.0	7596.544025574161	7423.683764842401	1697.622710843093	1788.1782495522002
4	8012.774121912282	3k-10k	4315	5999.2383489660615	4.612746234067208	6101.7688862556515	0.049130938586326764	7950.0	8150.0	7973.084933522351	8119.172292155419	676.710834773552	930.0265492515209
4	8012.774121912282	10k-30k	4121	18311.436337047468	8.282941033729678	16379.587035587001	0.22494540160155302	8250.0	8400.0	8202.749871788796	8371.154398634371	577.7971925623988	1100.2740063031379
4	8012.774121912282	30k-100k	3149	43444.790543900854	10.116227373769451	29787.60777686525	0.35884407748491587	8350.0	10200.0	8288.16571293748	10227.117996288698	1058.3077959002894	2607.2318004382105
4	8012.774121912282	100k-300k	0										
4	8012.774121912282	300k-inf	0										
4	8012.774121912282	all	14921	16298.006835810867	6.3206219422290735	12987.288258825778	0.15387708598619396	8100.0	8200.0	8104.991042737568	8222.553452325308	419.6487465434657	593.3964935322874
5	2893.5452841812316	0k-3k	3164	1525.1633806008867	2.597977243994943	1901.2738933718551	0.025916561314791402	3000.0	2900.0	2989.004997944079	2888.3613530826024	735.2376576220199	779.9229934309296
5	2893.5452841812316	3k-10k	4360	5951.679356856148	4.63302752293578	6133.963988413463	0.11559633027522936	3000.0	3000.0	2990.530562550224	2977.505119305632	349.0696842447096	550.6665798941754
5	2893.5452841812316	10k-30k	4402	18041.03013516095	8.175829168559746	15921.458962190147	0.2728305315765561	2900.0	3200.0	2889.083594661257	3213.385131166165	940.7370938072136	1603.783489277177
5	2893.5452841812316	30k-100k	2820	43243.20797842604	9.838652482269504	30254.79315135899	0.375886524822695	1900.0	1850.0	1948.533163915405	1878.4272746173967	1338.269546306686	1495.019416857622
5	2893.5452841812316	100k-300k	0										
5	2893.5452841812316	300k-inf	0										
5	2893.5452841812316	all	14746	15742.39794427329	6.249491387494914	12760.375195070163	0.19306930693069307	2950.0	2900.0	2945.7358108854282	2903.986204844483	334.4497937757196	450.13260342327703
6	9018.35826454338	0k-3k	3392	1562.608171557078	2.630306603773585	1904.4574870211325	0.007075471698113208	8600.0	8600.0	8608.85294643058	8588.325010826406	2814.2107197349524	2858.831985958167
6	9018.35826454338	3k-10k	4194	5903.985927328142	4.7668097281831185	6107.356758441436	0.04005722460658083	9300.0	9450.0	9212.292686131932	9464.598571402083	550.8187726745855	990.8468298033058
6	9018.35826454338	10k-30k	4404	18254.254462614233	8.147138964577657	16009.74200784843	0.20299727520435967	9400.0	9700.0	9385.452760482665	9690.547587387086	626.5536216348082	1093.9713705925096
6	9018.35826454338	30k-100k	2955	43253.22944349162	10.180372250423012	30112.01293755201	0.34653130287648054	8950.0	11650.0	8860.157224598186	11663.0211783156	1046.8488362600074	2991.3680494243617
6	9018.35826454338	100k-300k	0										
6	9018.35826454338	300k-inf	0										
6	9018.35826454338	all	14945	15942.904888324298	6.348410839745735	12817.803685106037	0.1411843425894948	9250.0	9650.0	9222.60611791699	9626.403779166074	366.6126535100575	686.9090123235255
7	3472.5646007031787	0k-3k	3539	1543.5177013931439	2.4554959027974004	1820.7060476961683	0.018084204577564284	3800.0	3850.0	3765.3406367242324	3821.507306802445	915.9996003141223	964.4752050362431
7	3472.5646007031787	3k-10k	4252	5913.698457990893	4.749294449670743	6064.41926436011	0.11194731890874883	3750.0	3650.0	3707.2973252551433	3624.150650704316	430.6533937199547	567.9935836643845
7	3472.5646007031787	10k-30k	4179	18171.11835598973	8.07944484326394	16007.817768994943	0.27111749222301984	4200.0	5200.0	4183.815603056299	5171.269524410751	780.148088129722	1368.636249302147
7	3472.5646007031787	30k-100k	2782	43859.54634592612	10.422717469446441	30266.951369336384	0.3903666427030913	4250.0	6050.0	4191.829109983955	6110.5367772181	1114.4823669189227	2416.2191348051592
7	3472.5646007031787	100k-300k	0										
7	3472.5646007031787	300k-inf	0										
7	3472.5646007031787	all	14752	15493.622324610571	6.212310195227766	12427.380597951438	0.18702548806941433	3850.0	3900.0	3821.055422487473	3904.647790202734	321.3689166004601	393.106721687936
8	1251.5155661086042	0k-3k	3217	1555.1347762940775	2.7777432390425862	1914.720015433959	0.049735778675784895	1250.0	1350.0	1258.2110109720911	1357.5071113807808	402.63883048381695	482.27180049952676
8	1251.5155661086042	3k-10k	3796	5917.514315160685	4.785300316122234	5870.37369996423	0.15911485774499473	1250.0	1200.0	1250.3309206058939	1198.3140147297668	511.4111157960941	768.0781650398252
8	1251.5155661086042	10k-30k	4227	18663.669243489756	8.267565649396735	16015.31254175125	0.30518097941802697	1400.0	2000.0	1416.7740504817834	2024.1273238109015	762.332735633204	1240.1226113459682
8	1251.5155661086042	30k-100k	2780	43917.646952868665	10.277338129496403	30137.33820579662	0.3935251798561151	850.0	900.0	852.6183238847448	950.3832175951445	1004.795448198292	1170.2036076474528
8	1251.5155661086042	100k-300k	0										
8	1251.5155661086042	300k-inf	0										
8	1251.5155661086042	all	14020	16294.44660034908	6.463552068473609	12833.246731869642	0.2245363766048502	1250.0	1350.0	1254.069235634212	1348.9009638761438	295.5352972237772	376.519910866396
9	3194.68698391544	0k-3k	3238	1552.9672542001929	2.5296479308214948	1766.0002672860307	0.02285361334156887	3100.0	2950.0	3084.2522483415896	2960.9306331245953	778.5425008211951	769.7768942374541
9	3194.68698391544	3k-10k	3674	5968.67640674279	5.010615133369624	5995.504481749975	0.12329885683179097	3100.0	3050.0	3102.131796419935	3024.6690508159945	426.07812803427987	568.8168594591666
9	3194.68698391544	10k-30k	4148	18482.954274453874	8.381629701060753	16350.472822338454	0.30231436837029896	3150.0	3400.0	3107.516534642309	3377.9247817876103	710.1483789157187	1232.2301670855204
9	3194.68698391544	30k-100k	2952	43685.23802001622	10.14159891598916	30214.91757693544	0.37262872628726285	2950.0	3550.0	2938.9068415881247	3580.0054449881072	1395.383952874457	2026.849594713602
9	3194.68698391544	100k-300k	0										
9	3194.68698391544	300k-inf	0										
9	3194.68698391544	all	14012	16598.882533042804	6.5162003996574365	13185.982749471517	0.2056094775906366	3100.0	3100.0	3104.3459378854777	3075.1367530373136	347.26107342349496	422.4540689196874
10	8995.594344444207	0k-3k	3376	1567.6531481081452	2.5912322274881516	1861.1877130027638	0.005035545023696682	8700.0	9050.0	8702.844075639126	8957.588215748554	2408.5251762052376	2652.6796529348994
10	8995.594344444207	3k-10k	3952	5999.034312615448	4.916244939271255	6201.660976775514	0.04731781376518219	9000.0	8750.0	8946.233558551921	8766.840491290217	823.3788919561484	1005.937577674149
10	8995.594344444207	10k-30k	4130	18127.58141714866	7.891283292978208	15663.098284526	0.18861985472154963	9150.0	10000.0	9145.577100314113	9956.382517990865	563.1100384295933	1060.7337812595815
10	8995.594344444207	30k-100k	3060	43777.30091596309	10.493790849673202	30498.46149326245	0.34673202614379084	8600.0	10550.0	8540.279301282999	10565.613533588417	1250.3311746480103	2956.933715136207
10	8995.594344444207	100k-300k	0										
10	8995.594344444207	300k-inf	0										
10	8995.594344444207	all	14518	16381.459752523788	6.397506543601047	13004.974651039372	0.1407907425265188	9000.0	9350.0	9002.984858484386	9319.974993665674	465.460744047612	662.1478350039215
11	7810.848518418967	0k-3k	3311	1555.4983130932396	2.5255209906372698	1882.0761404540747	0.006342494714587738	7950.0	7800.0	7809.018269259261	7697.6016045005435	1387.012145079525	1540.1141403189622
11	7810.848518418967	3k-10k	4255	6047.053661973911	4.622326674500588	6104.4713717461855	0.05734430082256169	7600.0	7450.0	7544.277251377415	7419.294169555256	659.386076394806	847.4031137750917
11	7810.848518418967	10k-30k	4402	18054.704088006543	7.768287142208087	16090.608035001029	0.2080872330758746	7800.0	8500.0	7742.8921118970065	8482.074631343621	469.5901767593805	1073.9616005365742
11	7810.848518418967	30k-100k	2828	43480.825396510714	10.135785007072135	30044.73323120348	0.349009900990099	7400.0	9500.0	7358.44802634711	9565.303981835817	1184.2699367857776	3149.452589054794
11	7810.848518418967	100k-300k	0										
11	7810.848518418967	300k-inf	0										
11	7810.848518418967	all	14796	15769.197746896985	6.142876453095432	12706.369419825725	0.14652608813192755	7650.0	7850.0	7662.573479420313	7857.215265588588	383.36378019705535	590.6918872876158
12	2997.149067583179	0k-3k	3410	1509.292105997243	2.617888563049853	1874.4901198884909	0.03401759530791789	2400.0	2350.0	2383.460204032556	2340.777095156018	633.5379182258234	638.9010968834896
12	2997.149067583179	3k-10k	4102	5954.376253253276	4.879327157484154	6258.383991490118	0.13822525597269625	2650.0	2600.0	2620.517683686101	2589.4879870455643	476.82487881203497	668.96443778511
12	2997.149067583179	10k-30k	4446	18043.757002556293	7.97480881691408	15836.73943628906	0.2834008097165992	2400.0	3000.0	2399.10107293334	2999.582528802959	969.4469057000294	1506.4294696676084
12	2997.149067583179	30k-100k	2678	43162.95813199476	10.429424943988051	30369.407824746784	0.3827483196415235	2500.0	3250.0	2517.3690225399196	3295.275471840594	1375.026980212327	1987.179130200208
12	2997.149067583179	100k-300k	0										
12	2997.149067583179	300k-inf	0										
12	2997.149067583179	all	14636	15399.322423007843	6.30828095107953	12558.302823881202	0.2027876468980596	2500.0	2550.0	2516.456603822144	2545.526254172326	369.6646525595488	433.8985195590567
13	3340.272386565122	0k-3k	3385	1537.1783584545528	2.625997045790251	1818.346554643351	0.02274741506646972	3200.0	3150.0	3175.0733889392777	3129.052751401855	722.4906742784387	751.6886167385901
13	3340.272386565122	3k-10k	4137	5944.009176980154	4.975827894609621	6108.724595903214	0.10611554266376601	3450.0	3600.0	3432.8674661776768	3572.4610432510135	334.75961890198914	553.0338344256488
13	3340.272386565122	10k-30k	3978	18274.209409801413	8.033685268979387	15811.2898073743	0.2730015082956259	3400.0	4300.0	3351.148887182371	4314.322093644057	521.403558709962	1404.9469206663553
13	3340.272386565122	30k-100k	2875	43325.82365905902	10.400695652173914	30243.022367302525	0.3954782608695652	3400.0	4000.0	3379.458002394912	4041.511743527913	1409.6062436584994	2067.432930081507
13	3340.272386565122	100k-300k	0										
13	3340.272386565122	300k-inf	0										
13	3340.272386565122	all	14375	15794.800887688365	6.353669565217391	12610.288480031239	0.1905391304347826	3400.0	3500.0	3393.701407429765	3486.1790235562485	294.11716425004124	368.3408675313194
14	7979.178897949798	0k-3k	3548	1559.0924389432712	2.621758737316798	1973.1320502282927	0.010428410372040587	7850.0	7650.0	7749.9395049277955	7653.686560505468	2080.486247530025	2002.6497838214636
14	7979.178897949798	3k-10k	4217	5942.542882374714	4.626037467393882	6004.319145295957	0.04244723737253972	8500.0	8700.0	8454.153242832348	8710.679447478511	692.2891791263792	966.2952211451975
14	7979.178897949798	10k-30k	4287	18091.9505986034	7.918357825985538	16137.922424055214	0.2271985071145323	7950.0	7900.0	7974.10770550579	7870.644171208471	736.6274826510044	1169.9614433573697
14	7979.178897949798	30k-100k	3179	44242.84874297986	10.296319597357659	31019.28524014404	0.36174897766593267	8450.0	10350.0	8375.493922930116	10342.89790359407	1022.535755257406	2703.361984421417
14	7979.178897949798	100k-300k	0										
14	7979.178897949798	300k-inf	0										
14	7979.178897949798	all	15231	16335.077912053748	6.269319151730024	13138.629608053681	0.1536340358479417	8250.0	8400.0	8222.98991574853	8399.680562448844	460.08934937799313	672.9174963383448
15	7625.681458156116	0k-3k	3444	1543.4992269712577	2.5813008130081303	1883.0702721557536	0.006678281068524971	7650.0	7800.0	7564.51937964718	7761.96730698264	1784.8456210970771	2073.246872389621
15	7625.681458156116	3k-10k	4176	5853.757326803823	4.509578544061303	5762.00509868948	0.04956896551724138	7800.0	7900.0	7757.263381370017	7887.710152008555	700.4846873294291	944.4400501373611
15	7625.681458156116	10k-30k	4216	18146.37278642097	8.228178368121442	16039.239319015047	0.2286527514231499	7800.0	8150.0	7753.26278249177	8130.697018736313	631.8764231411669	1157.0293972413083
15	7625.681458156116	30k-100k	2805	43831.09547108409	10.079500891265598	30561.117942541136	0.33761140819964347	7300.0	9450.0	7235.958887998963	9436.592231470453	1359.9662084376178	3499.59278354498
15	7625.681458156116	100k-300k	0										
15	7625.681458156116	300k-inf	0										
15	7625.681458156116	all	14641	15655.517546503888	6.1939075199781435	12560.125408594153	0.14623318079366163	7700.0	8000.0	7702.330012434648	8023.815075075339	450.0397058689068	683.2825173151869
16	8659.905682190669	0k-3k	3129	1575.9942393902593	2.8040907638223076	1969.1630153047129	0.00798977309044423	8650.0	8600.0	8578.387584146849	8572.650754738033	2409.9624885557178	2543.705037413748
16	8659.905682190669	3k-10k	4161	6019.218276482432	4.785147801009373	6124.7423726889265	0.04686373467916366	8650.0	8850.0	8605.93847267175	8848.671912926575	668.7163887342504	1058.7407427941453
16	8659.905682190669	10k-30k	4120	18321.45954512568	8.32742718446602	16138.507967361624	0.20485436893203884	8650.0	9150.0	8623.461117858533	9073.79159071182	498.2738390395698	1011.569878244778
16	8659.905682190669	30k-100k	2951	43278.40723180724	10.111148763131142	30066.208216558134	0.34429007116231786	9350.0	10750.0	9274.692577312138	10725.82261900296	1093.3960441744093	2952.369040903406
16	8659.905682190669	100k-300k	0										
16	8659.905682190669	300k-inf	0										
16	8659.905682190669	all	14361	16236.76946525148	6.464173804052643	13011.809578736858	0.14483671053547803	8750.0	9050.0	8687.386582099673	9038.51771495826	349.21624447018803	688.5928874575566
17	3274.2644361246776	0k-3k	3219	1520.5007639980959	2.4877291084187636	1835.0606464710634	0.02267785026405716	3350.0	3300.0	3300.2863395034533	3261.435086394719	596.4786732031853	687.6401475197899
17	3274.2644361246776	3k-10k	4104	5971.338147652893	4.669590643274854	6114.034229296648	0.10721247563352826	3400.0	3650.0	3390.961631714641	3618.5672727396527	329.1580890323985	509.8821766821429
17	3274.2644361246776	10k-30k	4424	18459.294348747142	8.012206148282097	16322.461003655106	0.27825497287522605	3300.0	4300.0	3275.2453620131428	4316.105717476448	517.4129562791327	1322.5645609586609
17	3274.2644361246776	30k-100k	3047	43491.84813186632	10.4384640630128	30970.222624386217	0.37807679684936	3100.0	3950.0	3069.817936536092	4023.833416040816	1297.277540004578	2213.3708114105407
17	3274.2644361246776	100k-300k	0										
17	3274.2644361246776	300k-inf	0										
17	3274.2644361246776	all	14794	16465.083356356048	6.382587535487359	13355.136711822279	0.1957550358253346	3350.0	3550.0	3356.568457488048	3526.2268775351968	283.8368414836177	319.38862213251195
18	7944.61740650933	0k-3k	3326	1514.7387232213914	2.6196632591701743	1840.6254460640127	0.006915213469633193	7950.0	7900.0	7861.767353723171	7873.237433437971	1866.3596196893286	1984.7877191857897
18	7944.61740650933	3k-10k	4182	5982.4425998636025	4.6145384983261595	6085.046477772416	0.050693448110951694	8000.0	7950.0	7975.991268224638	7975.012331728934	660.3560799885972	897.1621550070768
18	7944.61740650933	10k-30k	4383	18213.70131677373	8.13826146475017	16075.231115504677	0.21674652064795802	8000.0	8650.0	7988.5639650020885	8655.845918932075	570.3367471795127	1074.9950108212497
18	7944.61740650933	30k-100k	2822	43689.796592910505	10.071580439404677	30077.818014789493	0.3660524450744153	8350.0	10300.0	8292.971143046221	10302.978399255626	1256.0473055209213	2725.30826750061
18	7944.61740650933	100k-300k	0										
18	7944.61740650933	300k-inf	0										
18	7944.61740650933	all	14713	15848.559423820883	6.25997417250051	12703.522396563998	0.1507510364983348	8050.0	8350.0	8025.683959893883	8320.986113401012	409.93173583656517	615.9592671369282
19	4422.108097465282	0k-3k	3253	1552.8442682730563	2.6317245619428222	1983.3662921305006	0.019981555487242546	4400.0	4200.0	4373.209733340107	4198.85190315763	988.6173346364972	1009.8194341354292
19	4422.108097465282	3k-10k	4391	5966.464840958312	4.730813026645411	6039.906130349664	0.09815531769528581	4500.0	4450.0	4467.294426972546	4468.9604539874945	420.22465121180085	689.3491001354732
19	4422.108097465282	10k-30k	4144	18014.760895068972	8.034025096525097	15750.569267417566	0.26496138996138996	4450.0	5250.0	4437.808870116787	5216.135405591195	662.9815559699377	1411.0430589885918
19	4422.108097465282	30k-100k	2965	43601.60730359386	10.04283305227656	30519.044245498895	0.36627318718381113	5350.0	7450.0	5329.748871658015	7499.397252122402	1117.8347975751485	2752.8760009652888
19	4422.108097465282	100k-300k	0										
19	4422.108097465282	300k-inf	0										
19	4422.108097465282	all	14753	15941.305790392587	6.263404053412865	12792.81797592005	0.18165796787094152	4550.0	4650.0	4518.255361203511	4627.180473641256	306.94304193931566	485.95142756182486
20	606.0184437762639	0k-3k	3310	1512.6414902190088	2.563141993957704	1807.2935966561076	0.05861027190332326	500.0	550.0	492.4902610618268	557.325979146751	293.5372859855066	377.5825719406578
20	606.0184437762639	3k-10k	4134	5997.340598239295	4.74915336236091	6121.915334096553	0.17005321722302855	550.0	400.0	519.5499191755104	414.27703703655527	507.0066936972426	746.437587380204
20	606.0184437762639	10k-30k	4332	18062.46851533927	8.010156971375809	15978.441744753598	0.29732225300092335	450.0	600.0	459.9178796477075	652.0720098748066	753.8896464676745	1084.311695987314
20	606.0184437762639	30k-100k	3109	43893.07659012626	10.116757799935671	30200.492817090035	0.39916371823737534	750.0	1250.0	728.4731800757291	1303.9738264011835	639.1316729580691	1214.8373989322727
20	606.0184437762639	100k-300k	0										
20	606.0184437762639	300k-inf	0										
20	606.0184437762639	all	14885	16426.606522868555	6.3332213637890495	13060.26749094339	0.2301645952300974	550.0	600.0	520.9103491926511	599.9498059972019	235.89024234889467	306.32003123708
21	4844.196362604423	0k-3k	3507	1543.9607876081225	2.486170516110636	1876.8251857681526	0.01853435985172512	4250.0	4200.0	4248.514735257089	4203.104787429811	1068.9949829626848	1164.5894327927545
21	4844.196362604423	3k-10k	4408	5924.849253914883	4.41991833030853	5949.77899261891	0.08847549909255899	4650.0	4500.0	4647.412764885357	4488.882367577868	462.1633887705675	638.4754550716934
21	4844.196362604423	10k-30k	4362	18282.39367122533	8.1983035304906	16476.849751314974	0.28358551123337916	4250.0	4100.0	4197.735279779913	4117.87468672692	897.9248545032951	1498.7544938853334
21	4844.196362604423	30k-100k	2811	43506.56175567175	10.182141586623978	30389.569691102653	0.3888295980078264	3650.0	4250.0	3673.3147333184033	4294.214842841209	1627.6365869973256	2327.9632188347005
21	4844.196362604423	100k-300k	0										
21	4844.196362604423	300k-inf	0										
21	4844.196362604423	all	15088	15480.922075985993	6.136333510074231	12599.797901834474	0.18458377518557795	4450.0	4400.0	4450.27856328513	4381.679977531496	417.507585040501	529.6484655233735
22	7517.018127172009	0k-3k	3350	1509.5537160161293	2.611641791044776	1760.1182793839237	0.007164179104477612	7650.0	7550.0	7544.972278378728	7452.77887009477	2034.4959201119282	2099.4883329538716
22	7517.018127172009	3k-10k	3868	6043.708416172968	4.828852119958635	6053.9877904442255	0.05299896587383661	7600.0	7250.0	7601.378514470886	7236.425775154316	730.7038480986594	829.7628367943416
22	7517.018127172009	10k-30k	4099	18196.636016481716	8.23469138814345	15739.975668123914	0.22590875823371553	7700.0	8000.0	7689.5429845299695	7996.9541447679085	699.0467588793636	1169.7927563857174
22	7517.018127172009	30k-100k	2807	43649.03100162826	10.325258282864269	30599.799795760548	0.358745992162451	7450.0	9550.0	7361.76357816122	9597.621558963017	1122.8790281578185	3074.4122181540424
22	7517.018127172009	100k-300k	0										
22	7517.018127172009	300k-inf	0										
22	7517.018127172009	all	14124	15968.911792377525	6.383743981874823	12724.79604217744	0.1530727839139054	7600.0	7550.0	7613.2114366281485	7570.313561928975	456.74885785134757	613.1562572154744
23	7708.65604448186	0k-3k	3289	1573.7082054945463	2.669200364852539	1910.8859006400019	0.006993006993006993	9100.0	9050.0	9085.891631762765	9005.813445632255	2937.3253688004897	2889.224040546721
23	7708.65604448186	3k-10k	4110	5890.713202531363	4.732360097323601	6064.916309048151	0.051338199513382	7600.0	7600.0	7610.718461444464	7591.443865514615	697.034333984644	888.0059086774991
23	7708.65604448186	10k-30k	4373	18428.561934226866	8.277612622913331	16222.347426441986	0.22387377086668192	7750.0	8500.0	7688.663435419632	8482.651507124005	553.5679843567896	1157.5881803204775
23	7708.65604448186	30k-100k	3155	43103.2404034423	10.205071315372425	30592.63425527082	0.35752773375594293	7800.0	9850.0	7715.66942448176	9830.881072492704	1132.3087919638647	2807.6294932209767
23	7708.65604448186	100k-300k	0										
23	7708.65604448186	300k-inf	0										
23	7708.65604448186	all	14927	16477.89792734709	6.47310243183493	13309.559598620159	0.1568299055402961	7700.0	8050.0	7710.356167635221	8063.803770673097	398.7121469798967	646.4359963398565
24	6919.5715073976025	0k-3k	3368	1532.8897472889466	2.508610451306413	1804.5442872157005	0.006532066508313539	7300.0	7550.0	7252.083573268648	7483.321846992553	1742.3252286083653	2030.8987937834308
24	6919.5715073976025	3k-10k	4138	5892.643921002604	4.647897535041083	5920.785730096874	0.0596906718221363	6650.0	6650.0	6669.644595228595	6640.209706053236	595.353277683701	806.324100524791
24	6919.5715073976025	10k-30k	4451	18396.514266192284	8.24668613794653	16578.572346953068	0.2412940912154572	6750.0	7550.0	6740.595346412307	7547.79055506641	607.0261107932611	1161.6607316904328
24	6919.5715073976025	30k-100k	2870	43696.6183567957	10.065505226480836	30865.31405809117	0.3445993031358885	6550.0	9800.0	6505.28639358849	9794.472196094413	1640.4622008603856	3410.6491122989255
24	6919.5715073976025	100k-300k	0										
24	6919.5715073976025	300k-inf	0										
24	6919.5715073976025	all	14827	15973.474937398221	6.290955688945842	13013.596369696708	0.1572806366763337	6750.0	7050.0	6730.006099564635	7055.014281385042	411.16091172786764	595.0001599627531
25	7609.391514281911	0k-3k	3331	1558.7004299749628	2.649054338036626	1836.4360908571518	0.007805463824677274	7400.0	7450.0	7364.890437063313	7418.142032090457	2211.486019126073	2244.3134211804318
25	7609.391514281911	3k-10k	3825	6021.302230813954	4.904836601307189	6172.810679288202	0.05856209150326797	7600.0	7650.0	7626.810408919036	7637.489033633042	761.3159772071976	922.8591392008029
25	7609.391514281911	10k-30k	4103	18442.87515547306	8.143797221545212	15798.239903676149	0.22715086522057032	7700.0	8000.0	7686.652516767534	7990.573292492516	676.0454789448531	1159.7359053118698
25	7609.391514281911	30k-100k	2931	43659.56287804932	10.098601160013647	30277.62377716803	0.3404981235073354	8150.0	9850.0	8028.808199799699	9836.665269534387	953.9156091379127	3122.1971099974653
25	7609.391514281911	100k-300k	0										
25	7609.391514281911	300k-inf	0										
25	7609.391514281911	all	14190	16339.732750076004	6.384637068357999	12916.988236968658	0.1536293164200141	7750.0	7850.0	7720.801125757398	7843.545669924546	469.64612011713143	671.1983551698213
26	4586.507767988454	0k-3k	3501	1552.787439990246	2.5889745786918024	1871.0647720991183	0.016281062553556127	4900.0	5000.0	4923.342299371483	4986.275199199227	1323.134572189565	1344.685773238859
26	4586.507767988454	3k-10k	4016	5988.615299870497	4.856075697211155	6187.011491025918	0.10059760956175298	4500.0	4500.0	4468.760087834011	4519.461374111568	527.4561048177493	705.8494153064357
26	4586.507767988454	10k-30k	4290	18290.84629248093	8.33939393939394	16354.40510252497	0.26899766899766897	4850.0	5300.0	4806.1092250588335	5308.663049238963	692.9075577634649	1265.4688172042534
26	4586.507767988454	30k-100k	2826	43345.95345799135	9.90905874026893	30472.672741726015	0.3612880396319887	4050.0	4400.0	4019.203651850732	4499.010299249751	1571.0349218603897	2503.862842344569
26	4586.507767988454	100k-300k	0										
26	4586.507767988454	300k-inf	0										
26	4586.507767988454	all	14633	15748.649144995046	6.310736007653933	12825.381464705046	0.1801407776942527	4600.0	4750.0	4575.788937945901	4730.265857341268	392.86122115776016	543.8919567838411
27	4751.919879520855	0k-3k	3389	1526.5061210668182	2.556801416347005	1831.0362198801274	0.015048686928297432	4750.0	4700.0	4758.856300293796	4692.561574015358	1225.1429669055497	1207.4728910753292
27	4751.919879520855	3k-10k	4052	5929.687932175064	4.874629812438302	6060.675332286147	0.0960019743336624	4800.0	4800.0	4731.733777212251	4766.02560487559	371.7929331973728	555.3365751128686
27	4751.919879520855	10k-30k	4243	18456.505535803517	8.191374027810511	16163.218220663526	0.2785764789064341	5050.0	5350.0	5004.14477630679	5339.752352083425	621.2470433738881	1288.7163721463266
27	4751.919879520855	30k-100k	2933	43729.56240021207	10.460961472894647	30835.33504751335	0.3804977838390726	5300.0	8050.0	5249.272220580936	8100.046048731919	1256.3655638607552	2729.916715809555
27	4751.919879520855	100k-300k	0										
27	4751.919879520855	300k-inf	0										
27	4751.919879520855	all	14617	16129.861411623802	6.4209482109872065	12983.77305878287	0.18731613874256003	4850.0	4950.0	4797.8712523161485	4925.62370224293	236.99210206896623	354.94494545925136
28	1410.655583061967	0k-3k	3202	1560.6598931854062	2.644909431605247	1907.7707404042146	0.0443472829481574	1450.0	1400.0	1446.1831461110164	1404.6603679981718	339.51531390057903	471.2128069735106
28	1410.655583061967	3k-10k	4037	6023.073230143728	4.803319296507308	6118.788553197813	0.15085459499628437	1600.0	1900.0	1563.9932408001052	1888.4631992450636	296.2968756973555	678.3337527328545
28	1410.655583061967	10k-30k	4344	18072.58033194336	7.8968692449355435	15913.219185204987	0.29857274401473294	1400.0	2350.0	1378.264152969975	2377.9145973051163	650.8427791373413	1286.812010240342
28	1410.655583061967	30k-100k	2937	43825.50724277073	10.054477357848144	30090.62778804114	0.3721484508001362	950.0	1200.0	993.7782876489639	1221.3697021026455	1098.4109330046208	1314.8678314519352
28	1410.655583061967	100k-300k	0										
28	1410.655583061967	300k-inf	0										
28	1410.655583061967	all	14520	16290.301883061262	6.315013774104683	12969.244438983551	0.21632231404958677	1500.0	1600.0	1483.7986084865843	1588.3141379830986	241.94012830143856	358.3670160758261
29	3175.913709199558	0k-3k	3476	1524.5875588909016	2.523302646720368	1720.8579708485092	0.019275028768699656	2950.0	2950.0	2951.555457802049	2967.0732825783934	682.4601275929813	759.3943793348726
29	3175.913709199558	3k-10k	3756	5949.93662038776	4.779286474973376	6048.1633731433485	0.12140575079872204	3100.0	3050.0	3065.096404092604	3040.345687340077	364.47692029061136	534.1588977488973
29	3175.913709199558	10k-30k	3882	18439.52378844805	8.646831530139103	16440.092553573337	0.30422462648119525	3050.0	4550.0	3027.7095245667133	4569.654942451804	526.1647220945879	1243.5487280823895
29	3175.913709199558	30k-100k	3144	43862.04977140141	10.38708651399491	29870.89211183766	0.3880407124681934	3300.0	4800.0	3270.0771723423277	4848.901190251295	812.020735127574	2104.575177794628
29	3175.913709199558	100k-300k	0										
29	3175.913709199558	300k-inf	0										
29	3175.913709199558	all	14258	16631.50120135521	6.51886660120634	13075.685792452317	0.20507785103100015	3100.0	3250.0	3071.2822863817055	3235.165486260382	274.5763908058839	335.1171662540255
30	3574.1928574530966	0k-3k	3112	1588.5472630480433	2.6060411311053984	1855.9670823400636	0.02217223650385604	3300.0	3250.0	3287.2087371973907	3275.994601118954	959.4095508566161	1007.0467003202866
30	3574.1928574530966	3k-10k	4029	5946.8031693824405	4.5917101017622235	6030.75245970907	0.11193844626458178	3700.0	3600.0	3658.800699562143	3577.9240825438046	482.1539406993138	653.9954356729572
30	3574.1928574530966	10k-30k	4449	18049.892212861574	8.222521915037087	16198.675668621525	0.27624185210159585	4350.0	5500.0	4325.036375419567	5483.0593783172235	545.092389823024	1236.9125461883723
30	3574.1928574530966	30k-100k	3198	43726.419656740865	10.034396497811132	30382.63575980568	0.35490931832395245	4100.0	5050.0	4067.757930203251	5130.327184967062	1256.4540288368821	2508.758821007541
30	3574.1928574530966	100k-300k	0										
30	3574.1928574530966	300k-inf	0										
30	3574.1928574530966	all	14788	16840.971704715026	6.4431971869083045	13477.498541382596	0.19502299161482284	3800.0	3850.0	3781.34772930492	3846.9312294352108	324.7785173458369	469.1947649468748
31	9094.672317203685	0k-3k	3498	1536.0082451733992	2.5460263007432817	1808.893054513936	0.0065751858204688395	7950.0	8150.0	8050.789163009007	8108.435838391893	2455.4679634786617	2443.8194693421774
31	9094.672317203685	3k-10k	4104	5957.570744747335	4.819200779727096	6093.048542937982	0.047270955165692005	8650.0	8700.0	8604.996974792295	8697.606156519201	765.0235355290952	1017.261119306725
31	9094.672317203685	10k-30k	4259	18343.78797059157	8.364404789856774	16098.682500810966	0.22423104015027	8700.0	8800.0	8659.74429647874	8769.140942137772	734.1596897297077	1140.648348139981
31	9094.672317203685	30k-100k	2857	43652.250662847386	10.48652432621631	30544.630650293944	0.34616730836541826	9500.0	11300.0	9496.70955559884	11269.086807888292	1365.0301405514892	2961.2957693255885
31	9094.672317203685	100k-300k	0										
31	9094.672317203685	300k-inf	0										
31	9094.672317203685	all	14718	15808.092151689365	6.404946324228836	12716.651560249418	0.14682701454001904	8700.0	8850.0	8708.195256683586	8828.175048644127	481.0408588791506	704.6780102114808
32	2650.30566848064	0k-3k	3555	1537.9171607683663	2.436849507735584	1737.017909480438	0.02812939521800281	2400.0	2400.0	2410.1435665351487	2411.932849186125	612.2932046723922	667.4926404855355
32	2650.30566848064	3k-10k	4143	5916.563614434897	4.76152546463915	6017.040917298641	0.13540912382331644	2350.0	2400.0	2336.9440768544277	2405.7596771548338	453.3308537159278	662.5347544943525
32	2650.30566848064	10k-30k	3894	17895.16331294509	8.10708782742681	15694.17693226033	0.3091936312275295	2200.0	2600.0	2206.3033978342064	2587.8850925046263	817.5227677218284	1393.7994891885373
32	2650.30566848064	30k-100k	3079	43975.76895400711	10.5462812601494	30548.918422325965	0.3952582007145177	2350.0	2350.0	2339.609762604409	2377.443596960495	1420.1271781079547	1746.9012285846986
32	2650.30566848064	100k-300k	0										
32	2650.30566848064	300k-inf	0										
32	2650.30566848064	all	14671	16022.410000077116	6.300252198214164	12696.949354858878	0.21007429623065912	2350.0	2400.0	2343.22477690657	2422.596515973543	342.84652126772653	437.9796001483951
33	5740.6966181720745	0k-3k	3269	1553.8393786860204	2.6674824105230956	1944.89638889274	0.012542061792597125	5400.0	5350.0	5352.546471319892	5326.65598831417	1250.3354502310767	1322.495849142434
33	5740.6966181720745	3k-10k	4378	5950.9171783159545	4.783691183188671	6151.206226716755	0.07948835084513477	5550.0	5650.0	5524.647987997712	5640.896285130702	524.6360461793047	749.5318406059332
33	5740.6966181720745	10k-30k	4272	17994.674994969126	7.916432584269663	15919.298591773675	0.24508426966292135	5750.0	6400.0	5683.839182112993	6416.620396415516	681.5762740351074	1333.3057432232044
33	5740.6966181720745	30k-100k	3270	43882.58793058944	10.4217125382263	31173.649096886562	0.37706422018348623	5250.0	7200.0	5225.85864992079	7222.854583797347	1269.6340517219287	2610.718495265931
33	5740.6966181720745	100k-300k	0										
33	5740.6966181720745	300k-inf	0										
33	5740.6966181720745	all	15189	16558.162515447195	6.423135163605241	13380.270148576768	0.17571927052472183	5550.0	5800.0	5540.991099968014	5794.457554054751	408.8441902402192	558.1665925190446
34	4163.580122247256	0k-3k	3443	1541.203412225085	2.7054893987801334	1897.091665818608	0.02062155097298867	3950.0	3850.0	3908.984011645326	3812.384228263774	772.6587622918587	808.7729448531768
34	4163.580122247256	3k-10k	4226	5899.095539751679	4.657595835305253	5945.03151199901	0.10364410790345481	4000.0	4100.0	3972.0909789373272	4073.466776094508	469.12432904487605	626.2492290596624
34	4163.580122247256	10k-30k	4189	18067.697574354817	8.079493912628312	15825.803715066144	0.2676056338028169	4200.0	5150.0	4184.617199521303	5160.201049530647	576.4194565995399	1266.9946751402576
34	4163.580122247256	30k-100k	2947	43884.47755579079	10.271801832371903	30761.61421912574	0.3970139124533424	2900.0	2950.0	2902.9902445823905	2992.2954664197496	1473.160917416531	1772.3027260789463
34	4163.580122247256	100k-300k	0										
34	4163.580122247256	300k-inf	0										
34	4163.580122247256	all	14805	15889.840026691614	6.2893617021276595	12739.220441830255	0.18912529550827423	4000.0	4050.0	3985.312769476116	4059.584104488272	349.4868850515468	413.80809854515974
35	3569.0248152029335	0k-3k	3107	1544.8589980302954	2.676858706147409	1930.1108336483546	0.020598648213710977	3550.0	3600.0	3519.274662041178	3562.5379361046703	709.7456771884936	899.7273211234447
35	3569.0248152029335	3k-10k	4237	6001.983201535815	4.8019825348123675	6156.895083595557	0.10903941468019826	4000.0	3950.0	3992.657205024966	3946.1170875889406	492.3406574427354	653.2263780696626
35	3569.0248152029335	10k-30k	4061	18116.10304247842	8.19650332430436	15856.984325387095	0.2649593696133957	4250.0	5150.0	4192.705695828061	5123.3849299978365	756.9025555860135	1385.3050064238769
35	3569.0248152029335	30k-100k	3038	44040.19799056787	10.290322580645162	30245.42651268774	0.3870967741935484	4550.0	7650.0	4453.017832199226	7670.875693439272	630.217754671573	2510.9810759619722
35	3569.0248152029335	100k-300k	0										
35	3569.0248152029335	300k-inf	0										
35	3569.0248152029335	all	14443	16450.453207964925	6.453714602229454	13041.919124855096	0.19234231115419234	3850.0	4150.0	3827.297573466003	4111.268522751621	178.27353999747083	414.0633486398874
36	6172.770766262894	0k-3k	3286	1559.3000466190417	2.6953743152769323	1942.2512407102588	0.013390139987827145	5550.0	5300.0	5487.19747116595	5291.154259772077	1274.3722584411016	1307.8866314346042
36	6172.770766262894	3k-10k	4301	5951.588516496655	4.794466403162056	6272.804524515841	0.07091374099046734	6100.0	6250.0	6104.163589877533	6244.906937175418	482.9389680836084	716.4016002654416
36	6172.770766262894	10k-30k	4356	18443.07865703228	7.893480257116621	16034.511344583932	0.2513774104683196	5950.0	6250.0	5916.370780258576	6235.539733313459	714.846148565116	1295.175752161489
36	6172.770766262894	30k-100k	3032	43876.524765615344	10.389511873350923	30502.883593971124	0.3660949868073879	6000.0	8000.0	5952.815180873124	8061.41820728822	1125.9363951044297	2908.188645995484
36	6172.770766262894	100k-300k	0										
36	6172.770766262894	300k-inf	0										
36	6172.770766262894	all	14975	16300.054482939608	6.368146911519199	13067.956214413663	0.170550918196995	6000.0	6150.0	5989.537380124542	6135.683428365237	406.2660540255283	550.3616660496
37	6807.1909484860835	0k-3k	3316	1498.9838793283448	2.5024125452352233	1817.8854217880003	0.009951749095295536	6500.0	6300.0	6407.804662102172	6260.132144107768	1673.3608558927526	1687.3742390104453
37	6807.1909484860835	3k-10k	4244	5923.584160803116	4.707822808671065	5985.470350844045	0.06220546654099906	6750.0	6850.0	6712.724375554508	6810.048204555083	482.51900692574145	622.0437085090998
37	6807.1909484860835	10k-30k	4368	18229.516388261	7.955357142857143	15988.943137253591	0.23237179487179488	7250.0	7800.0	7241.890167092837	7780.361364519489	579.9886251771304	1141.0671000787115
37	6807.1909484860835	30k-100k	2910	43710.67271370234	10.318213058419245	30774.94320406161	0.3628865979381443	7600.0	9850.0	7524.04517937683	9835.205866213048	1061.0027356832916	2795.117436061515
37	6807.1909484860835	100k-300k	0										
37	6807.1909484860835	300k-inf	0										
37	6807.1909484860835	all	14838	15968.1161142404	6.271262973446556	12860.576396749839	0.15959024127240867	6900.0	7050.0	6870.298687246187	6997.492693541095	269.142931053093	361.6304475214174
38	7177.869560230319	0k-3k	3089	1516.300794580079	2.656199417287148	1827.525505290378	0.009064422143088379	6750.0	6700.0	6694.875673149183	6673.9861689477875	1918.3047615392443	1887.035583518741
38	7177.869560230319	3k-10k	3946	5986.557589802164	4.750380131779017	6046.672442050891	0.060821084642676125	7200.0	7150.0	7138.155073233465	7145.773524213491	665.6448597560466	888.597408858338
38	7177.869560230319	10k-30k	4205	18200.063716249795	8.133650416171225	15920.844889241796	0.22140309155766943	7350.0	8350.0	7315.837844413801	8342.422903417972	524.959526061949	1146.6472834033739
38	7177.869560230319	30k-100k	3146	44109.21403781077	10.395422759059123	30171.407231322035	0.3645899554990464	8100.0	9500.0	8036.875618077826	9500.354541770974	1306.6043573053175	2721.312533894308
38	7177.869560230319	100k-300k	0										
38	7177.869560230319	300k-inf	0										
38	7177.869560230319	all	14386	16933.523195718077	6.524120672876408	13302.641154676468	0.16307521201167802	7300.0	7550.0	7292.881794898771	7562.65123896495	393.86452302676935	610.0277987206537
39	2182.1135528577774	0k-3k	3290	1548.8539572225195	2.5893617021276594	1830.528183412767	0.030395136778115502	2150.0	2150.0	2123.2373686123688	2133.5660704042857	514.4141211012236	569.5229159204305
39	2182.1135528577774	3k-10k	4147	5970.630953722769	4.835543766578249	6167.321517175735	0.14709428502531952	2150.0	2150.0	2144.833629174267	2140.472132712419	437.3244383118738	663.4412707319607
39	2182.1135528577774	10k-30k	4223	18037.83232424164	8.119109637698319	15673.427786951186	0.2884205541084537	1900.0	3150.0	1890.1060863662995	3156.720652909978	721.2530443082067	1450.8647144128622
39	2182.1135528577774	30k-100k	3027	43491.33185223136	10.162867525602907	30772.809145750318	0.3921374297984803	1550.0	1650.0	1563.5451214199015	1686.6133722931402	1205.468007404313	1435.9338168892787
39	2182.1135528577774	100k-300k	0										
39	2182.1135528577774	300k-inf	0										
39	2182.1135528577774	all	14687	16182.880336782677	6.374480833390073	13000.374404823098	0.2120923265472867	2050.0	2200.0	2065.493524198388	2186.646569488835	326.1008362214243	408.1213198114451
40	5495.582063253272	0k-3k	3416	1510.2466846608065	2.5406908665105385	1870.325873678491	0.012295081967213115	5400.0	5550.0	5374.586772189536	5525.404231827591	1367.1332526581582	1448.053811626044
40	5495.582063253272	3k-10k	4039	6016.921599131171	4.803911859371132	6240.649271331962	0.08145580589254767	5550.0	5800.0	5539.264539490919	5800.335663114786	479.1042459012324	738.3507446833182
40	5495.582063253272	10k-30k	4352	18242.814217402578	7.873161764705882	16189.998512311393	0.24080882352941177	5450.0	6900.0	5404.163353697455	6899.586621501116	520.1483156354116	1346.0857612874233
40	5495.582063253272	30k-100k	3139	43540.24946753848	10.219178082191782	30550.464779661554	0.37050015928639696	5750.0	8150.0	5708.356971873411	8202.917892535783	1131.4241359249972	2802.7359156536486
40	5495.582063253272	100k-300k	0										
40	5495.582063253272	300k-inf	0										
40	5495.582063253272	all	14946	16427.60066682935	6.31767697042687	13244.466617177326	0.17275525224140237	5500.0	6050.0	5499.057595845059	6051.090984368148	309.3498086593918	555.6068450372923
41	7439.725249109277	0k-3k	3346	1542.2430045789968	2.542139868499701	1854.8441318838848	0.005977286312014346	8200.0	8200.0	8210.47599654916	8151.955993759447	2355.199826189256	2386.2154614210112
41	7439.725249109277	3k-10k	4237	5983.849924880806	4.694359216426717	6035.845639891055	0.05924002832192589	7400.0	7350.0	7361.403338801316	7361.274997166802	615.1386821265805	855.5603798582806
41	7439.725249109277	10k-30k	3956	18062.754227031757	8.084681496461071	15916.033200650945	0.20222446916076844	8050.0	8900.0	7962.4402397029235	8864.771532192717	357.3762588224872	1078.6145641692456
41	7439.725249109277	30k-100k	2920	43421.601570783	10.225	30571.449344381006	0.35513698630136986	7900.0	10250.0	7812.055578773544	10253.531293656637	1229.1458437509937	2928.4686884256644
41	7439.725249109277	100k-300k	0										
41	7439.725249109277	300k-inf	0										
41	7439.725249109277	all	14459	15821.37419834465	6.240818867141573	12726.512612827273	0.14579154851649492	7650.0	7900.0	7601.390038763953	7914.804594161871	236.12539294414364	481.91768684036924
42	1178.3521474221782	0k-3k	3291	1571.501026915672	2.6949255545426922	1969.8989001500654	0.05682163476147068	1050.0	1050.0	1029.1283505277183	1049.1600336296797	322.65220797044446	410.4617394478247
42	1178.3521474221782	3k-10k	4229	5919.914470546276	4.581461338377867	5893.400348610621	0.14731615039016316	1300.0	1700.0	1273.4971682036085	1670.1499240428361	363.40310639241784	672.0659383560092
42	1178.3521474221782	10k-30k	4350	18499.85076740324	8.256551724137932	16148.86820265287	0.3124137931034483	1150.0	1650.0	1144.9920270226255	1675.5014638793828	552.8002179741502	1163.799574920623
42	1178.3521474221782	30k-100k	3159	43429.39493363483	10.233301677746121	30415.968641531555	0.3991769547325103	700.0	1050.0	713.022189600636	1079.4164516182077	791.8894861191523	1176.7112696026513
42	1178.3521474221782	100k-300k	0										
42	1178.3521474221782	300k-inf	0										
42	1178.3521474221782	all	15029	16493.10916289016	6.420054561181716	13157.079577803335	0.22822543083372146	1100.0	1200.0	1084.8423341066177	1219.0974664515713	232.31542996562757	326.0337533204138
43	2683.151029532379	0k-3k	3234	1528.972982376223	2.655534941249227	1803.3846965914815	0.031849103277674706	2500.0	2450.0	2511.0064131201707	2461.6869919199885	667.5457026276717	719.1781925032146
43	2683.151029532379	3k-10k	3891	5955.942375900328	4.765098946286302	5889.950315174031	0.11693652017476228	2750.0	2950.0	2706.0794504127243	2918.1464606388504	319.95261138082697	633.1768935588675
43	2683.151029532379	10k-30k	4086	18446.434313919155	8.251346059716104	16166.750553847094	0.2745961820851689	3250.0	4200.0	3180.655074102604	4201.49222896072	795.8216440432052	1498.428005040374
43	2683.151029532379	30k-100k	2880	43408.79366970521	10.092361111111112	30167.03713051455	0.37743055555555555	3450.0	4400.0	3396.9991688593554	4470.350423824561	1042.0174284981472	2070.9871775826723
43	2683.151029532379	100k-300k	0										
43	2683.151029532379	300k-inf	0										
43	2683.151029532379	all	14091	16216.643728980025	6.380668511816053	12893.928925130946	0.19636647505499966	2800.0	2950.0	2746.1393616200667	2933.574567294594	231.9912598130677	422.5410920048557
44	7825.286056931369	0k-3k	3303	1564.3453195270695	2.671510747805026	1881.7681735470755	0.006055101422948834	9850.0	9850.0	9744.84880747064	9781.745065208508	3112.7889361061007	3193.2069831448716
44	7825.286056931369	3k-10k	3962	6074.092036870181	4.964411913175164	6291.006675672018	0.04341241797072186	8350.0	8650.0	8349.15995774743	8656.535936453016	604.5902210006889	885.6435210084073
44	7825.286056931369	10k-30k	4437	18434.554438672854	8.217714672075727	16377.361395239723	0.20531890917286455	8150.0	9200.0	8085.157635360434	9172.755500039753	305.8591649525879	1026.0986049142193
44	7825.286056931369	30k-100k	2742	43360.10601808592	10.159737417943107	29935.70993363567	0.3533916849015317	8700.0	11450.0	8613.364415466975	11462.642468197311	832.947627864326	2822.434675770566
44	7825.286056931369	100k-300k	0										
44	7825.286056931369	300k-inf	0										
44	7825.286056931369	all	14444	15918.036138636155	6.4257130988645805	12869.73953717434	0.14345056770977568	8150.0	9000.0	8132.768189549491	9028.515817504174	166.70932142628135	600.0981431364617
45	8180.950937308955	0k-3k	3449	1505.9222101659343	2.523630037692085	1776.1031369775033	0.0034792693534357786	10050.0	9750.0	9963.926302303797	9676.470372188844	2684.339183538599	2598.1088768786576
45	8180.950937308955	3k-10k	4074	5871.664640734076	4.669612174766814	6024.67121689126	0.047128129602356406	8500.0	8500.0	8452.86737994747	8472.68449178504	734.6786639002021	1013.8555716101082
45	8180.950937308955	10k-30k	4476	18373.915659487033	8.046470062555853	15957.304437282071	0.2048704200178731	8300.0	9250.0	8309.66405619805	9208.958475299949	496.49660528876393	952.999221569311
45	8180.950937308955	30k-100k	2903	43812.34870539719	10.340682053048571	30310.28649174074	0.35652772993455045	8800.0	11100.0	8759.317786454792	11118.776177209738	1154.9402823972368	2823.7056730043914
45	8180.950937308955	100k-300k	0										
45	8180.950937308955	300k-inf	0										
45	8180.950937308955	all	14902	16007.514577428863	6.291974231646758	12755.733901747974	0.14467856663535095	8450.0	9000.0	8417.097903327616	9017.491770276996	350.4367297587396	649.5356310307725
46	9987.815940026127	0k-3k	3221	1568.313463167844	2.666563179136914	1898.738808988704	0.0058987891959018934	10250.0	10200.0	10177.745460794242	10090.049653596678	3355.0240935398233	3197.6217087589994
46	9987.815940026127	3k-10k	4165	5992.345629705134	4.605522208883554	5939.589979694143	0.030252100840336135	10050.0	10350.0	10001.60409532297	10341.044694831999	798.450598636573	1124.7251119369375
46	9987.815940026127	10k-30k	4417	18131.199214044605	8.198551052750735	15977.78477990709	0.19696626669685308	10150.0	10200.0	10147.000422311452	10177.578585460291	602.9085134637353	1005.4650219217292
46	9987.815940026127	30k-100k	2853	43501.87240715619	10.073606729758149	29757.693247700983	0.32351910269891343	10650.0	14250.0	10571.256561329752	14226.641829025466	913.9766765774511	2793.5600675847563
46	9987.815940026127	100k-300k	0										
46	9987.815940026127	300k-inf	0										
46	9987.815940026127	all	14656	15980.2132995795	6.326692139737991	12713.346354920799	0.1322325327510917	10200.0	10500.0	10187.384491915087	10495.092296045328	427.6281579595816	675.7898251051356
47	9417.81481656162	0k-3k	3207	1560.4183659564867	2.663548487683193	1898.7708459532428	0.005924540068599937	8650.0	8450.0	8536.37245842448	8414.069765215821	2489.8400515299973	2380.9138947382226
47	9417.81481656162	3k-10k	4127	5978.584461476831	4.578143930215653	5908.770947020272	0.03998061545917131	9100.0	8850.0	9138.530685132444	8849.438798198353	956.5365497735493	1063.3832421667903
47	9417.81481656162	10k-30k	4196	18104.361845141644	7.836987607244995	15527.992766299885	0.1842230695900858	9600.0	10050.0	9559.1870781275	9985.800955423463	526.2591547234824	778.0436099590588
47	9417.81481656162	30k-100k	3066	43879.121904959844	10.738095238095237	30761.7015769284	0.34637964774951074	9350.0	11350.0	9249.13332810841	11355.412093779754	1218.8544776685521	3044.651428251902
47	9417.81481656162	100k-300k	0										
47	9417.81481656162	300k-inf	0										
47	9417.81481656162	all	14596	16454.999303573484	6.388257056727871	13013.54415480827	0.1383255686489449	9400.0	9450.0	9403.460863645505	9462.689515128799	476.226421055846	677.0464184065313
48	7889.223764999465	0k-3k	3257	1526.7325908875077	2.5735339269266198	1826.7056586955619	0.007675775253300584	8000.0	7950.0	7985.411890359504	7967.959700516407	2448.79898623141	2479.2700287340604
48	7889.223764999465	3k-10k	4082	6027.284560017009	4.901518863302303	6279.361068555512	0.05658990690837824	8000.0	7950.0	7991.263433885539	7950.755236024865	715.5864434739669	908.6701473972416
48	7889.223764999465	10k-30k	4338	18255.859134513335	8.096818810511756	16248.402882451892	0.23029045643153526	7750.0	8000.0	7724.454418455659	7992.5998509735355	675.0574199857856	1120.602441102399
48	7889.223764999465	30k-100k	2870	43240.19428108615	10.045296167247386	30143.001031367545	0.3501742160278746	7500.0	10500.0	7470.902413470676	10486.37552577236	1248.9571496681028	2995.1990818767244
48	7889.223764999465	100k-300k	0										
48	7889.223764999465	300k-inf	0										
48	7889.223764999465	all	14547	16008.057890612921	6.347975527600193	12963.354428838675	0.15535849316010175	7850.0	8100.0	7810.803368377871	8101.232913843228	462.6192705686299	660.5543468784563
49	170.1643065656666	0k-3k	3554	1535.6505811806146	2.532639279684862	1791.8495769058989	0.06837366347777153	50.0	0.0	71.63886868620632	44.08404152998952	179.03161503777028	143.42216313443538
49	170.1643065656666	3k-10k	3985	5952.835651086294	4.738519447929736	6108.399227554568	0.17691342534504392	50.0	0.0	104.00401012468026	120.70087521673551	267.88003377666485	363.28002844106726
49	170.1643065656666	10k-30k	4184	18314.272008574837	8.226338432122372	15776.430359890255	0.30879541108986613	0.0	0.0	69.68530701581787	143.78956713862456	247.05150890034002	462.09728502002133
49	170.1643065656666	30k-100k	2878	43452.73932056538	10.324183460736622	30245.490159665605	0.4030576789437109	900.0	1100.0	884.2515610149956	1152.9893800246057	1031.402790240733	1378.9640945867186
49	170.1643065656666	100k-300k	0										
49	170.1643065656666	300k-inf	0										
49	170.1643065656666	all	14601	15811.495793682561	6.302034107252928	12585.80300139901	0.232860762961441	50.0	0.0	70.11925253472668	51.536571582631474	168.05186530410234	145.97017265470788
50	3265.1079274450613	0k-3k	3557	1551.6236588713687	2.524599381501265	1865.0803229917208	0.020804048355355636	3800.0	3850.0	3786.595362545105	3812.5560820070523	909.6219152393987	965.2514098038741
50	3265.1079274450613	3k-10k	4236	6045.535122965287	4.715297450424929	6222.13939955949	0.10882908404154863	3450.0	3600.0	3421.420101343859	3580.056812316014	287.8429968641112	572.8648581641323
50	3265.1079274450613	10k-30k	4238	18215.384586284174	8.319962246342614	16242.767730982954	0.2951864086833412	3400.0	4550.0	3338.546553803788	4530.53952518721	480.68322594972915	1293.8379607461743
50	3265.1079274450613	30k-100k	3043	43292.9345555196	10.100887282287216	30092.106428216288	0.38317449884981925	3750.0	4000.0	3734.7740816419	4056.0334670031766	1374.287958048978	1954.9499208003185
50	3265.1079274450613	100k-300k	0										
50	3265.1079274450613	300k-inf	0										
50	3265.1079274450613	all	15074	15925.78027495057	6.298991641236566	12829.919245746549	0.19583388616160277	3500.0	3750.0	3450.666549264767	3757.4388101550803	223.58309484269375	434.5043095494543
51	2750.001295314329	0k-3k	3359	1507.8902833356285	2.7091396248883597	1915.7465701703336	0.02232807383149747	3400.0	3250.0	3330.605227421728	3237.951283884823	599.0082409468591	658.8483370572139
51	2750.001295314329	3k-10k	4222	5809.13405950689	4.6117953576504025	5901.759527004237	0.10895310279488395	2850.0	3350.0	2818.818909118164	3320.4781505310393	191.3102900947174	489.7479710522557
51	2750.001295314329	10k-30k	4169	18292.42517557742	8.100743583593188	16101.997263721772	0.29719357159990406	3250.0	4000.0	3216.506838172838	4007.4012849466894	707.4525073615841	1284.2773988229542
51	2750.001295314329	30k-100k	2939	43215.02711172182	10.365770670296019	30466.34286028187	0.3838040149710786	3600.0	4400.0	3561.816386995173	4431.532402985216	1326.3013636210571	2194.665740853157
51	2750.001295314329	100k-300k	0										
51	2750.001295314329	300k-inf	0										
51	2750.001295314329	all	14689	15852.764156804082	6.318197290489482	12800.192641503065	0.19756280209680713	2850.0	3400.0	2843.803177777054	3391.4348663795595	128.9392074392822	339.21569398568545
52	5590.231728407302	0k-3k	3282	1518.1940280686804	2.611822059719683	1817.3580846582613	0.014320536258379037	5300.0	5300.0	5221.481335592694	5298.925224406212	1444.7496630845699	1572.6820885393781
52	5590.231728407302	3k-10k	4118	5961.465538572713	4.665128703254007	6028.699621370059	0.06775133559980573	5850.0	6050.0	5808.669442909941	6032.929700915561	480.89673572289485	736.7966271509267
52	5590.231728407302	10k-30k	4177	18597.493586156575	8.310031122815417	16399.135554644054	0.25831936796744076	5800.0	6400.0	5757.76075160359	6398.086408898406	643.935993267185	1316.6323228357642
52	5590.231728407302	30k-100k	3078	43117.02619371444	10.148473034437947	30368.34295067924	0.3700454840805718	5600.0	7000.0	5566.2707235301805	7049.306826573347	1270.8347094065211	2794.2662393398386
52	5590.231728407302	100k-300k	0										
52	5590.231728407302	300k-inf	0										
52	5590.231728407302	all	14655	16371.747882742608	6.395837598089389	13153.442721841639	0.1735926305015353	5750.0	6050.0	5753.565171354483	6044.201188121465	388.2776135528147	576.0409093435101
53	2778.9843487078183	0k-3k	3257	1537.3570434340747	2.5701565858151674	1836.0426130754045	0.024255449800429842	3100.0	3000.0	3089.129237151114	3033.7072679684234	819.1070757478496	854.9212804171957
53	2778.9843487078183	3k-10k	3996	5982.645048030325	4.711461461461462	5991.594116201318	0.11661661661661661	2800.0	3050.0	2742.5762517670432	3059.860348906984	260.5402309719575	601.734582973314
53	2778.9843487078183	10k-30k	4137	18280.825283528633	8.576746434614455	16244.484027748525	0.29949238578680204	2950.0	4000.0	2937.482226956394	3992.2913620709037	660.9594675044145	1282.0071971170087
53	2778.9843487078183	30k-100k	3012	43951.873114082584	9.927622841965471	29501.93892098949	0.3847941567065073	3600.0	4800.0	3581.85618177707	4841.292208641119	1143.3997819752185	2074.3570937732266
53	2778.9843487078183	100k-300k	0										
53	2778.9843487078183	300k-inf	0										
53	2778.9843487078183	all	14402	16450.814992359992	6.428412720455492	12913.878026103532	0.20434661852520483	2800.0	3250.0	2785.7250160534904	3266.411494888862	145.46172349214748	430.8834818909859
54	1846.365857021154	0k-3k	3193	1513.4084723060434	2.5916066395239588	1782.1648271600318	0.0416536172878171	1850.0	1800.0	1864.330770583103	1809.6195044006627	560.119903457366	576.784627587411
54	1846.365857021154	3k-10k	4064	5894.271848225867	4.79109251968504	6048.2910229762265	0.13631889763779528	2050.0	2100.0	2015.1248394628747	2103.6261077693453	408.09890265888	660.0108359900994
54	1846.365857021154	10k-30k	4310	18175.238924527137	8.17262180974478	15739.887428402959	0.3002320185614849	1350.0	1350.0	1322.8158909424637	1389.0503167937454	986.7956090797247	1406.2553912050237
54	1846.365857021154	30k-100k	3004	43228.119003365035	10.112849533954726	30064.211299467905	0.3881491344873502	1000.0	1100.0	1017.9439665845368	1119.812232055707	1060.1296315067011	1243.004651811749
54	1846.365857021154	100k-300k	0										
54	1846.365857021154	300k-inf	0										
54	1846.365857021154	all	14571	16263.755630641936	6.406492347814152	12931.337078478877	0.21597694049824995	1800.0	1850.0	1811.6592214533432	1821.7409412821444	367.702435890817	428.0467901066377
55	8945.10528739177	0k-3k	3152	1540.4001907374027	2.6690989847715736	1876.659566036532	0.00983502538071066	8550.0	8650.0	8657.565466340477	8605.383684810184	2988.795140899457	2837.2533397384295
55	8945.10528739177	3k-10k	3817	6011.221028832282	4.938171338747708	6212.717795695621	0.04741943935027509	8850.0	8950.0	8776.531053601677	8935.606021053183	605.138890317161	992.37690610543
55	8945.10528739177	10k-30k	4318	18235.679138102234	8.086382584529876	15924.14098688234	0.1982399258916165	9050.0	9500.0	9060.652139576643	9479.875142337336	589.0940531224987	1025.6388618026504
55	8945.10528739177	30k-100k	2995	43607.95787588568	10.209682804674458	30019.675297822323	0.34791318864774623	9300.0	11600.0	9181.95266672138	11627.690441361357	845.2457386098758	2767.2212109837747
55	8945.10528739177	100k-300k	0										
55	8945.10528739177	300k-inf	0										
55	8945.10528739177	all	14282	16604.653999780156	6.494678616440274	13184.32594011015	0.14773841198711665	8950.0	9300.0	8939.6527436626	9305.926406944496	325.15921076141603	659.8117393607827
56	4776.493234777051	0k-3k	3282	1490.340371529504	2.4774527726995736	1794.8515281593372	0.015539305301645339	4600.0	4450.0	4502.249924430926	4371.27093076752	905.3102859888559	1013.4995663028253
56	4776.493234777051	3k-10k	4226	6065.12816611723	4.809039280643635	6355.810334305601	0.09749171793658305	4650.0	4600.0	4606.5348734939025	4613.969640268203	456.64007482166744	674.8561499218567
56	4776.493234777051	10k-30k	4588	18293.482081358867	7.963818657367044	16150.033368756893	0.2598081952920663	4600.0	5650.0	4575.170699664497	5664.385288269352	640.6360451510154	1310.4426967679183
56	4776.493234777051	30k-100k	3023	43173.103962713976	10.122064174660933	30874.0772328669	0.370492887859742	4800.0	7000.0	4689.613050526403	7051.86736919474	887.3541130816975	2758.1325320108517
56	4776.493234777051	100k-300k	0										
56	4776.493234777051	300k-inf	0										
56	4776.493234777051	all	15119	16202.481499962305	6.322574244328329	13240.23055486525	0.1835438851775911	4650.0	4800.0	4624.540191448786	4759.2371967676	337.69000985652656	405.3227935543555
57	76.31344470850898	0k-3k	3195	1539.0134440564432	2.6363067292644757	1941.719112712552	0.0729264475743349	50.0	50.0	80.7236565438849	76.22199937185401	183.8809759153799	192.71587642995965
57	76.31344470850898	3k-10k	4144	6011.953534377778	4.694015444015444	6014.629448636666	0.17036679536679536	0.0	0.0	94.69640019203605	179.35393081189576	273.2023522637487	491.752484300238
57	76.31344470850898	10k-30k	4214	18184.657057610755	7.926910299003322	15974.321506416396	0.30374940673943995	150.0	450.0	189.02562229989513	496.4628553988498	428.96830702701794	972.5371220564442
57	76.31344470850898	30k-100k	2848	43526.31304479913	9.936797752808989	29811.048564131026	0.3728932584269663	600.0	700.0	617.8169330253995	744.9380939983698	925.9744125529563	1184.375326886678
57	76.31344470850898	100k-300k	0										
57	76.31344470850898	300k-inf	0										
57	76.31344470850898	all	14401	16000.539392582561	6.220331921394347	12731.482128945961	0.22783140059718074	100.0	100.0	91.03411606722501	111.67929050178978	184.41448832947677	226.47186709888567
58	3378.2587429560417	0k-3k	3336	1570.1084627472158	2.553657074340528	1835.2054404007145	0.01738609112709832	3600.0	3700.0	3545.5156393286247	3667.0309469458084	623.4842508484749	929.6165260036223
58	3378.2587429560417	3k-10k	4149	5869.267954634141	4.740178356230417	5979.961169394246	0.10556760665220535	3550.0	3650.0	3517.7002650159193	3663.8624116389055	354.68794679785606	575.6221300627976
58	3378.2587429560417	10k-30k	4199	17990.22928031071	8.428911645629912	16211.572532367038	0.2924505834722553	3800.0	4650.0	3732.9566058317628	4625.392780700457	409.7187982996602	1281.2577325655047
58	3378.2587429560417	30k-100k	2940	43214.52600968902	9.96700680272109	30408.31398741325	0.36462585034013606	4100.0	5050.0	4084.2762530229506	5104.40415418517	1546.8814240628012	2611.423764105574
58	3378.2587429560417	100k-300k	0										
58	3378.2587429560417	300k-inf	0										
58	3378.2587429560417	all	14624	15876.720035011773	6.351340262582057	12883.338377146996	0.1911925601750547	3600.0	3850.0	3594.5051911233168	3824.555735135874	231.26912597199407	429.728158488761
59	607.1867375275475	0k-3k	3048	1567.5848840228905	2.681758530183727	1955.2677106345507	0.05643044619422572	600.0	750.0	600.834550186252	762.3887517909894	212.57185568155933	381.6999621802636
59	607.1867375275475	3k-10k	4153	6017.979217058551	4.708162773898387	6161.8354919104695	0.15001203948952566	700.0	1200.0	680.2328835744247	1183.5128433525213	336.3541731393988	759.8077965981721
59	607.1867375275475	10k-30k	4408	18448.888325528555	8.221869328493648	16544.40133064784	0.3039927404718693	700.0	1350.0	694.0237844496556	1372.2432184395834	610.0137603168121	1245.911125364345
59	607.1867375275475	30k-100k	3012	43255.46783633131	9.92164674634794	30101.844909653933	0.4047144754316069	1100.0	1950.0	1081.66091189108	1997.262744869632	810.1635893682725	1443.2927163606905
59	607.1867375275475	100k-300k	0										
59	607.1867375275475	300k-inf	0										
59	607.1867375275475	all	14621	16509.051041440784	6.419054784214486	13346.846092147707	0.2293960741399357	650.0	950.0	633.4815454658981	926.3666788480239	142.78419493859724	279.951526887472
60	6956.979807282828	0k-3k	3557	1563.3599277933515	2.5577734045544	1890.7095947969958	0.007028394714647174	7900.0	7850.0	7811.8199448811	7833.5008636996845	2315.7538861908806	2338.7979223023713
60	6956.979807282828	3k-10k	4074	5934.678093940966	4.649239077074129	6068.727904077124	0.054982817869415807	7300.0	7550.0	7298.749120459392	7536.467625078506	572.1460296022833	902.7358301627573
60	6956.979807282828	10k-30k	4189	18183.01730483484	8.020291238959178	15783.899023159818	0.2306039627596085	7500.0	8100.0	7452.6129507884	8072.022751094786	743.7662721896595	1178.6310496270253
60	6956.979807282828	30k-100k	2671	43848.55216048687	10.119056533133659	30128.432545107506	0.35642081617371774	8100.0	11100.0	7978.901480121303	11122.791925599531	754.8853279563873	2821.680472261147
60	6956.979807282828	100k-300k	0										
60	6956.979807282828	300k-inf	0										
60	6956.979807282828	all	14491	15390.717833723693	6.118556345317783	12286.31894595968	0.14954109447243116	7500.0	7950.0	7449.896389774802	7934.616627597075	347.26100948498697	632.956941223958
61	4538.0161308404995	0k-3k	3369	1516.4554825343723	2.4547343425348767	1853.6378359137152	0.016325319085782133	4650.0	4600.0	4630.1356857542505	4561.003065173545	1081.8706395919057	1168.8230302489087
61	4538.0161308404995	3k-10k	4422	5909.031232649682	4.519674355495251	5865.064995317827	0.08887381275440977	4800.0	4650.0	4778.99635812247	4655.375452977074	487.29902734284497	630.4831811565145
61	4538.0161308404995	10k-30k	4156	18311.093596843224	8.184793070259865	16310.127683422279	0.2940327237728585	4100.0	4000.0	4111.241355928266	3978.537425807168	907.9290178561787	1435.203735806043
61	4538.0161308404995	30k-100k	2777	43249.70270436108	10.157364061937342	30420.240973016385	0.363701836514224	4450.0	5500.0	4449.985674912059	5566.329984485746	1647.9875916098945	2770.689723669687
61	4538.0161308404995	100k-300k	0										
61	4538.0161308404995	300k-inf	0										
61	4538.0161308404995	all	14724	15447.16137122564	6.1450013583265415	12526.63156159048	0.18201575658788371	4600.0	4600.0	4595.367354115832	4588.9588491937275	419.9350375623626	524.1396822637598
62	3356.5966214132704	0k-3k	3345	1543.137859792865	2.695964125560538	1916.1376190331655	0.024514200298953664	3550.0	3450.0	3543.004217265317	3451.776065000631	897.0287249923463	903.3295156633144
62	3356.5966214132704	3k-10k	4174	5870.100770651006	4.7077144226161955	6075.009008425043	0.11356013416387159	3350.0	3250.0	3310.8282621171147	3245.4326318317785	396.4034567531089	518.4087463758606
62	3356.5966214132704	10k-30k	4418	17990.881965846092	7.743322770484382	15331.926951166608	0.26527840651878676	3550.0	4600.0	3484.5018692080953	4568.468969979681	474.7404298873207	1364.7642905493703
62	3356.5966214132704	30k-100k	2831	43748.136657926225	10.344401271635464	30657.18460961233	0.385376192158248	2650.0	2900.0	2633.610156770995	2962.02558572797	1155.7317594462525	1737.5475314728742
62	3356.5966214132704	100k-300k	0										
62	3356.5966214132704	300k-inf	0										
62	3356.5966214132704	all	14768	15777.240530972482	6.240723185265439	12614.674352444383	0.19088569880823403	3350.0	3400.0	3320.348250782312	3372.7714003096235	280.7506731518906	368.41141246799725
63	3720.7443822843024	0k-3k	3434	1530.117160542703	2.5396039603960396	1844.5087883325118	0.01718112987769365	3850.0	3850.0	3785.4345611952785	3816.5207024588435	721.7448360839976	883.8098696839238
63	3720.7443822843024	3k-10k	4273	5889.226945312443	4.561198221390124	6105.926712289405	0.11584366955300726	3600.0	3600.0	3571.4509092918734	3577.3263608253546	455.02243837984406	623.171639655824
63	3720.7443822843024	10k-30k	4427	18342.781896115335	7.990286875988254	16265.044050390245	0.2654167607860854	4250.0	5450.0	4213.499867020546	5417.053948968203	667.4242549867749	1357.658936443223
63	3720.7443822843024	30k-100k	2812	43259.118980029154	10.055476529160739	30355.120867299014	0.3581081081081081	4100.0	5600.0	4111.672925229664	5704.458274757147	1301.6536359011857	2654.270271332568
63	3720.7443822843024	100k-300k	0										
63	3720.7443822843024	300k-inf	0										
63	3720.7443822843024	all	14946	15607.334878400126	6.146126053793657	12698.288365493705	0.18305901244480127	3750.0	3900.0	3745.624733477125	3914.4410360303746	316.26112400681814	450.4002514405033
64	9008.443307530106	0k-3k	3414	1545.5919620714596	2.6833626244874047	1852.8075894397143	0.006444053895723492	8600.0	8500.0	8560.63275673762	8452.598959136478	2241.3122106042993	2304.2663043794164
64	9008.443307530106	3k-10k	3936	5934.074357639472	4.753048780487805	6135.145853638466	0.04420731707317073	8950.0	8550.0	8867.244694694873	8560.15597111809	818.0998800274556	964.2536629350543
64	9008.443307530106	10k-30k	3899	18235.85407979583	8.37932803282893	15963.404502513991	0.21492690433444472	9050.0	8800.0	9035.31948914037	8778.483176323904	703.4770500786326	1173.6282438647531
64	9008.443307530106	30k-100k	2986	43887.397615372014	10.015740120562626	29933.67936589161	0.3342263898191561	9750.0	13200.0	9674.914878834661	13199.026341051058	683.6453004527175	2627.2969291139143
64	9008.443307530106	100k-300k	0										
64	9008.443307530106	300k-inf	0										
64	9008.443307530106	all	14235	16212.331012771738	6.3538461538461535	12792.181238645773	0.14274675096592904	9100.0	8950.0	9103.27206514938	8958.193595246239	439.9764001484982	647.7204179895889
65	7076.825994160485	0k-3k	3385	1487.406877390657	2.4197932053175775	1712.560690738291	0.008567208271787297	6500.0	6600.0	6382.795896002916	6471.006050861409	1656.8316048410925	1731.6676408005087
65	7076.825994160485	3k-10k	3909	6004.399911906159	4.889485801995395	6164.972619790686	0.06600153491941672	6850.0	6750.0	6805.6166149618975	6733.435900945122	635.0269086123444	788.9583152723853
65	7076.825994160485	10k-30k	4244	18194.94581586846	8.175777568331762	15646.762179245892	0.22455230914231858	6800.0	7700.0	6782.58135280432	7690.349291369451	567.3702822780315	1163.166965035868
65	7076.825994160485	30k-100k	2770	43885.80325891351	10.21768953068592	30543.95689229313	0.35848375451263537	7700.0	9250.0	7641.408330843712	9256.609871497274	1257.101758602861	2868.808476588644
65	7076.825994160485	100k-300k	0										
65	7076.825994160485	300k-inf	0										
65	7076.825994160485	all	14308	15885.455451869217	6.311504053676265	12643.801732546995	0.1560665362035225	6850.0	7050.0	6848.726887658114	7040.303994730722	393.6326459759548	545.0700161030709
66	1989.0037847477215	0k-3k	3022	1549.7076667907672	2.6647915287888817	1846.0123720129513	0.03176704169424222	1850.0	1850.0	1839.8389464134775	1824.5293244795344	374.1211914236126	443.11019960988597
66	1989.0037847477215	3k-10k	3922	5912.886392492493	4.702192758796532	5991.679727897161	0.141254462009179	1700.0	2050.0	1677.7537567566012	2023.8497430672503	499.0196180951043	704.7258951883855
66	1989.0037847477215	10k-30k	4384	18313.303517025626	8.40419708029197	16309.806562005448	0.3056569343065693	2150.0	3350.0	2118.2043612249972	3334.462152649057	436.27186634074246	1268.0669946945645
66	1989.0037847477215	30k-100k	2970	43496.992373220266	10.016498316498316	30509.045194128517	0.38855218855218854	2200.0	2600.0	2212.578101101714	2653.063928055059	1116.3967363116847	1620.562873696265
66	1989.0037847477215	100k-300k	0										
66	1989.0037847477215	300k-inf	0										
66	1989.0037847477215	all	14298	16599.884387152175	6.510560917610855	13371.945270347558	0.21989089383130508	1900.0	2000.0	1872.7728942089402	1983.4906734521937	260.4853366640971	240.92178299959687
67	2818.8280393748423	0k-3k	3293	1575.9045902860782	2.6489523231096266	1895.2135119334766	0.0258123291831157	2800.0	2900.0	2750.017758288386	2916.2756147251603	482.013465096511	728.9481548626604
67	2818.8280393748423	3k-10k	4102	5953.449149117452	4.687469527059971	5931.353617734437	0.12189176011701609	2850.0	2850.0	2815.802765826063	2850.06596532683	399.50744679873196	573.4880966822943
67	2818.8280393748423	10k-30k	4082	18258.53885338719	8.62640862322391	16738.801721255957	0.3106320431161195	2500.0	2900.0	2506.5616495815643	2901.7808764431693	869.2576069009228	1344.3783027204663
67	2818.8280393748423	30k-100k	3199	43653.00122463647	10.266020631447327	30609.781314259188	0.39481087839949985	2250.0	2550.0	2235.470590028604	2573.79852394868	1105.1448901577317	1519.7506004787879
67	2818.8280393748423	100k-300k	0										
67	2818.8280393748423	300k-inf	0										
67	2818.8280393748423	all	14676	16611.325207320144	6.541632597437994	13410.99956972101	0.2123194330880349	2750.0	2850.0	2728.3809663862576	2857.9483403574695	329.50666910022164	424.05539621281605
68	831.4488370816331	0k-3k	3296	1553.562460024599	2.595873786407767	1874.6203231909979	0.05218446601941747	800.0	750.0	762.3393429786286	769.2242593685032	272.66931451702453	376.2594607688512
68	831.4488370816331	3k-10k	4008	5906.001975203633	4.76122754491018	6103.242428177176	0.16442115768463073	700.0	700.0	695.7419459963651	708.357184403702	433.87946998058834	793.532055296695
68	831.4488370816331	10k-30k	3992	17841.296475028994	8.193887775551103	15750.367066970743	0.30485971943887774	850.0	950.0	840.0593906116396	995.2269847434059	831.6663758541995	1200.0787855810527
68	831.4488370816331	30k-100k	2767	43951.32864884895	10.228044813877846	30206.72535659662	0.40224069389230216	1200.0	1850.0	1210.9757367644559	1910.6889491747868	1057.8729211306872	1535.51445981603
68	831.4488370816331	100k-300k	0										
68	831.4488370816331	300k-inf	0										
68	831.4488370816331	all	14063	15759.623102079073	6.303775865746996	12593.189122550075	0.22477423024959112	800.0	850.0	777.1604540930794	835.9824505937843	225.18656224124686	316.15384120260853
69	9797.898315498727	0k-3k	3223	1532.5809033315995	2.6267452683834938	1923.5407670561306	0.006515668631709587	9700.0	9700.0	9732.244496321508	9684.835915396654	2861.213046596531	2828.9009106356934
69	9797.898315498727	3k-10k	4247	5941.178991904284	4.631975512126207	6026.815361985833	0.03578996939015776	9750.0	9900.0	9673.618470344927	9875.697833854912	710.5417197447114	1042.0058030528326
69	9797.898315498727	10k-30k	4315	18272.111884607144	8.221784472769409	16357.430809478597	0.19629200463499422	9700.0	10150.0	9687.015206430107	10148.048347710834	624.0503539529145	1113.1256524903001
69	9797.898315498727	30k-100k	2897	43298.00165677919	10.11425612702796	30168.534825597915	0.32309285467725235	10000.0	12650.0	9968.778458359644	12645.687456964883	1235.2806718638822	3116.0073910439096
69	9797.898315498727	100k-300k	0										
69	9797.898315498727	300k-inf	0										
69	9797.898315498727	all	14682	15968.544408924152	6.328565590519003	12925.760527668783	0.13322435635472007	9750.0	10150.0	9735.011113437438	10121.795207336185	446.54087363075087	695.9285147856463
70	9004.969559706475	0k-3k	3309	1523.209758591597	2.5811423390752495	1840.0441327512058	0.004533091568449683	9550.0	9500.0	9607.372647595674	9538.09993201569	2926.8268573497025	3003.226489283794
70	9004.969559706475	3k-10k	4004	5955.005237806673	4.772477522477523	6075.844244067268	0.0472027972027972	8600.0	8450.0	8535.137278291795	8420.451570391466	742.2524525114632	954.4512682480508
70	9004.969559706475	10k-30k	4239	18412.374145129714	8.36683179995282	16495.429107929165	0.2163246048596367	8750.0	8950.0	8724.710248538622	8947.422033242183	616.5466259451714	1051.6368974000125
70	9004.969559706475	30k-100k	2837	43356.27773399888	9.892492069087064	29835.835000775238	0.336270708494889	8600.0	11650.0	8528.482455932271	11629.307012639021	1314.5029016700619	3051.387562031887
70	9004.969559706475	100k-300k	0										
70	9004.969559706475	300k-inf	0										
70	9004.969559706475	all	14389	15979.981652367587	6.336924039196608	12855.985424576424	0.14420738063798735	8700.0	8850.0	8666.763049277795	8832.83338606092	454.9097447685417	657.1185685845667
71	1540.5251041055012	0k-3k	3380	1540.4909298496461	2.6310650887573965	1943.265874121756	0.051775147928994084	1250.0	1200.0	1236.4260530645593	1193.2706913634247	411.100088898378	465.0307134652487
71	1540.5251041055012	3k-10k	4228	5922.787401591548	4.695600756859035	6042.685215354042	0.1466414380321665	1450.0	1450.0	1413.5207629332738	1443.756620978123	421.223818976267	715.1395977142231
71	1540.5251041055012	10k-30k	4209	18258.64395274654	7.933238298883345	15737.632948014609	0.30030886196246137	900.0	650.0	902.060540259864	702.5573255319443	891.3424303685765	1119.8999364476263
71	1540.5251041055012	30k-100k	2760	44224.543304543666	10.321376811594202	30826.930740352538	0.3804347826086957	250.0	100.0	352.2334076254906	302.83880431882835	863.74301917188	815.2530593858622
71	1540.5251041055012	100k-300k	0										
71	1540.5251041055012	300k-inf	0										
71	1540.5251041055012	all	14577	15720.571886840336	6.216917061123688	12584.121401290726	0.21328119640529603	1250.0	1150.0	1226.3214530815037	1139.1532784087765	319.35921141273184	381.4712928160924
72	1715.2901987917735	0k-3k	3201	1530.6466437144209	2.6857232114964074	1892.9070118032616	0.03811308965948141	1800.0	1800.0	1774.3941922477045	1791.1053382676992	405.2991532938852	486.7727601929753
72	1715.2901987917735	3k-10k	4090	6000.656950192027	4.943276283618582	6322.0808090762885	0.15501222493887531	1750.0	1950.0	1706.9347069101566	1918.2079869436493	440.08088173467354	669.0766617060879
72	1715.2901987917735	10k-30k	4542	18151.586295981004	8.134081902245708	15972.403154674617	0.30735358872743285	1750.0	2500.0	1735.811879666902	2512.5343667464076	707.1241500975832	1249.2417304555527
72	1715.2901987917735	30k-100k	3043	43533.52027752465	9.837660203746303	29848.83215362656	0.37101544528425895	1200.0	1300.0	1245.3898269646443	1339.4001540445097	1092.7225100644973	1297.1777916177057
72	1715.2901987917735	100k-300k	0										
72	1715.2901987917735	300k-inf	0										
72	1715.2901987917735	all	14876	16426.411266043862	6.43291207313794	13128.069187007393	0.22055660123689164	1750.0	1850.0	1723.4965896615272	1861.1068934846667	298.75315842907116	368.6864086881219
73	3866.806668287852	0k-3k	3421	1546.1880435911485	2.6346097632271266	1857.9059897765853	0.015784858228588133	4050.0	4100.0	3994.473419782865	4086.2725827831277	665.9839395754225	898.3873443700695
73	3866.806668287852	3k-10k	4003	5861.004630107995	4.80114913814639	5937.303961042386	0.09767674244316762	3950.0	4000.0	3948.8786153687643	4013.5705685013536	462.87130807369704	661.1336505068616
73	3866.806668287852	10k-30k	4241	18242.12897528812	8.337656213157274	16047.877308396517	0.28413110115538787	4200.0	5150.0	4125.234534018771	5164.558068156176	461.10609420743094	1189.6880035981903
73	3866.806668287852	30k-100k	2576	43503.88080007898	9.808229813664596	29227.471044701757	0.3715062111801242	4850.0	7450.0	4790.286729281244	7473.775793574328	1087.5551609763033	2825.7375011648583
73	3866.806668287852	100k-300k	0										
73	3866.806668287852	300k-inf	0										
73	3866.806668287852	all	14241	15320.692139361561	6.239589916438453	12181.162644697684	0.1830629871497788	4100.0	4350.0	4080.3157695254013	4338.041438108712	298.89493575102415	446.6058166304292
74	1281.215730954779	0k-3k	3423	1529.5053513077407	2.568215016067777	1884.9390647745504	0.04236050248320187	1550.0	1550.0	1519.3168585249348	1542.5410014033341	384.3404862569355	471.8986874378036
74	1281.215730954779	3k-10k	4231	6027.093028998476	4.469392578586622	6027.056021656911	0.14393760340345071	1250.0	1550.0	1237.6852527786975	1539.3119837694676	392.86074529738164	691.7114816756696
74	1281.215730954779	10k-30k	4361	18167.45525961731	7.806925017197891	16065.764674022665	0.283191928456776	1550.0	2300.0	1498.642753777848	2337.035040253524	695.8061111018417	1450.6884150349022
74	1281.215730954779	30k-100k	3111	43603.73670758828	10.254901960784315	30491.301794517658	0.4075859852137576	1200.0	1500.0	1220.8071891719828	1529.5437059918308	1082.1922846550578	1371.229052271101
74	1281.215730954779	100k-300k	0										
74	1281.215730954779	300k-inf	0										
74	1281.215730954779	all	15126	16237.975982263466	6.191326193309533	13015.593023437192	0.2153246066375777	1350.0	1600.0	1357.9487872464524	1592.439973447843	237.76027561515184	367.9240187632811
75	6843.886812178799	0k-3k	3491	1537.0902713719904	2.630764823832713	1925.1858906136706	0.008879977083930107	7250.0	7200.0	7223.915661530145	7129.6356963859735	1792.9944555229522	1835.2441633763901
75	6843.886812178799	3k-10k	4322	5960.884944072018	4.819296621934289	6145.566258260274	0.05576122165664044	7250.0	7650.0	7180.658734683067	7638.7640808643555	391.6573061021718	863.0854688016889
75	6843.886812178799	10k-30k	4336	18423.760713950232	8.09870848708487	16452.681789590395	0.22693726937269373	6900.0	7700.0	6874.226962646682	7693.1501892002	544.0475740496067	1164.584296690954
75	6843.886812178799	30k-100k	2782	43332.674477402834	9.874550682961898	29950.092465830156	0.33932422717469446	7250.0	8900.0	7135.063477450325	8945.022502697084	888.4257535087527	3409.6115300070396
75	6843.886812178799	100k-300k	0										
75	6843.886812178799	300k-inf	0										
75	6843.886812178799	all	14931	15509.065281458828	6.20186189806443	12587.364998455341	0.1473444511419195	7100.0	7650.0	7045.097711931808	7644.35228301067	258.4470432622775	643.0241303506245
76	5300.808808936335	0k-3k	3399	1535.2974092182963	2.659605766401883	1956.9956166342092	0.01882906737275669	4900.0	4900.0	4896.585135752094	4903.758717794409	1292.9844354974748	1314.6060851506154
76	5300.808808936335	3k-10k	4274	6012.075367496754	4.69723912026205	6170.902983026102	0.07697707065980346	5350.0	5400.0	5322.347718038618	5399.1822992355055	520.502425983168	708.1517139224552
76	5300.808808936335	10k-30k	4404	18227.67858125807	8.115576748410536	16161.58970456095	0.2463669391462307	5650.0	6650.0	5590.606116272619	6652.431955700971	562.4138725919793	1299.4838887112319
76	5300.808808936335	30k-100k	2889	43228.439704026256	10.064728279681551	30157.552928130317	0.3752163378331603	5050.0	4850.0	5072.799020878831	4908.72826370928	1716.0064573454429	2357.138657878629
76	5300.808808936335	100k-300k	0										
76	5300.808808936335	300k-inf	0										
76	5300.808808936335	all	14966	15774.13769820971	6.276493385006014	12784.115924004287	0.17118802619270346	5350.0	5500.0	5367.0362242659285	5478.425489174241	399.37279029052115	548.7615525112215
77	9201.953609690556	0k-3k	3166	1527.4940850643454	2.766582438408086	1973.5027594635192	0.005685407454200884	9350.0	9450.0	9268.212631482194	9325.331346244486	2518.0623206559603	2535.2673803720027
77	9201.953609690556	3k-10k	4312	5900.371872971227	4.802643784786642	5991.149619121623	0.03710575139146568	9600.0	9550.0	9553.083393561223	9541.456160654607	677.2541107607303	1048.6406904325413
77	9201.953609690556	10k-30k	4063	18365.297607996992	8.155796209697268	15996.85121027535	0.21732709820329807	9400.0	9500.0	9358.758339612352	9485.762867133042	649.1266531592155	1202.3903758223532
77	9201.953609690556	30k-100k	2772	43549.543611135916	9.887445887445887	29639.611579694745	0.33080808080808083	9150.0	12000.0	9131.803323207188	11998.220040169264	1165.6284782111761	3033.7779715349716
77	9201.953609690556	100k-300k	0										
77	9201.953609690556	300k-inf	0										
77	9201.953609690556	all	14313	15763.011867597721	6.28889820442954	12522.752508934293	0.13819604555299378	9450.0	9650.0	9415.960215301282	9657.179836815325	468.27312068329957	725.164771496291
78	3302.118909338445	0k-3k	3548	1536.068171944698	2.5386133032694476	1872.7272492752043	0.022829763246899663	3400.0	3300.0	3366.004825663739	3313.1807118491415	809.6508180116375	863.0409929026468
78	3302.118909338445	3k-10k	4168	5955.773173273047	4.78478886756238	6171.237886098548	0.12164107485604607	3300.0	3300.0	3302.4102001799697	3281.6863588857236	424.2425004100014	606.4533879206492
78	3302.118909338445	10k-30k	4423	18194.626275626095	7.780239656341849	15664.059803056442	0.2866832466651594	3150.0	3350.0	3088.63213386637	3354.7412286350204	682.1142804528945	1406.7204835852426
78	3302.118909338445	30k-100k	2891	43983.90307323266	10.173642338291248	30723.58086900652	0.38429609131788306	3900.0	4250.0	3886.329085851324	4284.780720915538	1536.9859170347281	2168.0849871391647
78	3302.118909338445	100k-300k	0										
78	3302.118909338445	300k-inf	0										
78	3302.118909338445	all	15030	15828.737741987472	6.172588157019295	12672.665641444024	0.19740518962075848	3300.0	3350.0	3289.744627174409	3350.4679290848726	319.58892663460847	458.3760283813017
79	45.645355546056756	0k-3k	3228	1537.9008458695068	2.6644981412639406	1872.5542052692801	0.07496902106567534	100.0	100.0	116.76364654479283	111.01992095099274	219.36140299752307	242.60370312638722
79	45.645355546056756	3k-10k	4213	5936.070378848051	4.72371231901258	6080.335586749313	0.1609304533586518	250.0	300.0	247.32820787198895	350.15855970005	462.4269013950038	722.8514074140428
79	45.645355546056756	10k-30k	4379	18288.24255280471	8.117150034254395	16356.568700969352	0.30669102534825304	200.0	250.0	245.45691993685858	346.1206284017865	533.4915687557352	788.8617074018002
79	45.645355546056756	30k-100k	2904	43132.96755121097	10.28305785123967	29970.348000763013	0.38257575757575757	400.0	500.0	446.42397684704156	568.5539960468384	834.8376429029231	1049.181422147287
79	45.645355546056756	100k-300k	0										
79	45.645355546056756	300k-inf	0										
79	45.645355546056756	all	14724	15981.754981255233	6.377954360228199	12925.86007452762	0.2291496875848954	150.0	150.0	146.80057002026112	158.8045784243426	193.09533991829744	264.84381488104174
80	4421.950372950164	0k-3k	3249	1519.1636206313945	2.719606032625423	1855.2946548510538	0.020929516774392122	4100.0	4000.0	4096.724582645733	3990.71207023392	1024.3789497699813	1009.9401098074532
80	4421.950372950164	3k-10k	3928	5990.957683088516	4.712576374745417	6051.573013422063	0.09572301425661914	4450.0	4400.0	4399.107375517747	4399.780569342325	469.648347520525	661.5258966041433
80	4421.950372950164	10k-30k	4230	18259.227635638334	8.274940898345154	15850.07469560828	0.2711583924349882	4100.0	4650.0	4090.1671174412922	4634.517160159784	830.3385900949961	1318.1198704154158
80	4421.950372950164	30k-100k	2835	43731.3226202689	9.983068783068783	30006.93969859735	0.35802469135802467	2800.0	2750.0	2808.2561930958755	2793.5281386350575	1535.34543976972	1904.5352300171305
80	4421.950372950164	100k-300k	0										
80	4421.950372950164	300k-inf	0										
80	4421.950372950164	all	14242	16127.16450707875	6.365117258811964	12773.060043412404	0.18297991855076534	4200.0	4250.0	4203.470782749464	4254.339552206023	411.280352871584	499.00503160814014
81	3887.40454812485	0k-3k	3508	1563.9948727476542	2.5225199543899657	1855.18390977418	0.021664766248574687	3550.0	3450.0	3496.433031493103	3471.044144632193	907.160667923868	956.9089623754762
81	3887.40454812485	3k-10k	4087	6020.59674619463	4.806948862246147	6321.949454763143	0.1066797161732322	3950.0	3900.0	3946.35548832892	3877.2377763231116	429.2194747439835	580.7104338122972
81	3887.40454812485	10k-30k	4297	18216.81750266034	7.7542471491738425	15734.350728440179	0.25063998138235977	4100.0	4800.0	4051.3033151666773	4788.021113395922	895.4342434471037	1494.104362292113
81	3887.40454812485	30k-100k	2961	43480.08936249781	10.298210064167511	30776.579883738345	0.40628166160081053	2950.0	2650.0	2943.4804494711566	2672.0910118875877	1406.0490029323933	1624.0625130210924
81	3887.40454812485	100k-300k	0										
81	3887.40454812485	300k-inf	0										
81	3887.40454812485	all	14853	15964.107071068722	6.214771426647816	12865.128303572443	0.1879754931663637	3850.0	3800.0	3828.030572303237	3787.1212027830634	386.114459434119	484.88879350314346
82	6883.672192338527	0k-3k	3230	1499.2551184376794	2.58297213622291	1816.9976279376601	0.01238390092879257	6350.0	6300.0	6227.531113627212	6259.6255802529395	1674.1724203690892	1868.5077377817697
82	6883.672192338527	3k-10k	3874	6047.2035764957145	4.889261744966443	6320.60684023977	0.06401652039235932	7000.0	7050.0	7013.998558102843	7030.284917385478	579.9680021086106	832.4989317345808
82	6883.672192338527	10k-30k	4318	18020.689247060865	7.92658638258453	15681.352436316427	0.21653543307086615	7250.0	7750.0	7213.181434121634	7726.035165392252	525.1392755640791	1150.4314842527165
82	6883.672192338527	30k-100k	3020	43152.64237682261	10.142384105960264	30220.162806364853	0.356953642384106	7300.0	9100.0	7279.473986496314	9117.827736899648	1454.6151596696573	2812.320448816291
82	6883.672192338527	100k-300k	0										
82	6883.672192338527	300k-inf	0										
82	6883.672192338527	all	14442	16369.185489178175	6.380072012186678	13109.811988129324	0.15932696302451185	7100.0	7250.0	7059.60800011776	7241.958448579239	381.8887401192269	610.8767680564351
83	320.4279739988247	0k-3k	3158	1535.1956974079271	2.7948068397720074	1917.6299651708048	0.08613046231792273	200.0	150.0	187.8939560833092	149.54337923867342	260.35431254447315	281.32707099966655
83	320.4279739988247	3k-10k	4013	5954.96705097083	4.692250186892599	6052.20902163662	0.17019686020433591	200.0	200.0	195.1098672950543	257.3915693776254	373.31151915542324	611.3908063476621
83	320.4279739988247	10k-30k	4079	18193.820258695006	7.91394949742584	15863.912604866942	0.29982838931110567	200.0	400.0	249.4849298086363	433.9698997940396	544.248926007997	864.389092482683
83	320.4279739988247	30k-100k	2915	44139.02054371965	10.300857632933104	30345.4742303111	0.3996569468267582	350.0	700.0	392.3272406181062	722.5334370200476	776.2272967774525	1093.3894180553618
83	320.4279739988247	100k-300k	0										
83	320.4279739988247	300k-inf	0										
83	320.4279739988247	all	14165	16351.801518398863	6.351147193787504	12955.1251062793	0.23600423579244617	200.0	200.0	202.19391290693312	205.06274926531438	220.48618883313918	271.2125432800304
84	243.356579833377	0k-3k	3433	1512.2105459493162	2.4858724147975533	1796.586923958369	0.06408389163996504	250.0	250.0	229.94484391430836	251.7280821070054	250.72369670845453	322.77851962234797
84	243.356579833377	3k-10k	4041	5845.593603268266	4.885671863400148	6109.040588383985	0.17099727790150954	400.0	300.0	391.53438323565666	344.1562647484499	608.7180893984587	740.392624597879
84	243.356579833377	10k-30k	4225	18431.7426746662	8.26603550295858	16270.064377428844	0.29727810650887576	0.0	0.0	100.77252147607875	114.4443554015482	335.80262491606175	388.2958771085805
84	243.356579833377	30k-100k	3204	43644.74088774206	10.109550561797754	30149.516929503123	0.38046192259675404	0.0	0.0	120.95682628368648	137.76453252354077	393.9700014161179	442.83343385355533
84	243.356579833377	100k-300k	0										
84	243.356579833377	300k-inf	0										
84	243.356579833377	all	14903	16541.99323356648	6.414279004227337	13164.758113425058	0.22720257666241697	200.0	150.0	191.63180907779883	174.77328354307735	255.32801860167604	297.65044677230054
85	2617.6456727147456	0k-3k	3348	1544.217485677822	2.6135005973715653	1862.6018405695402	0.034050179211469536	2350.0	2250.0	2342.3586157873456	2258.1282554002555	602.6126275815498	611.7438301100078
85	2617.6456727147456	3k-10k	4322	5982.240304587308	4.567329939842665	5937.211110123968	0.11360481258676539	2750.0	2950.0	2739.3273238399647	2932.1183679247115	317.6433252160987	609.4294289525101
85	2617.6456727147456	10k-30k	3811	17821.828221066356	7.816321175544476	15634.550232885707	0.2881133560745211	2700.0	3550.0	2632.153665498622	3573.5156720051455	598.4857266465847	1337.5455845420101
85	2617.6456727147456	30k-100k	2943	43933.87557459478	10.441726129799525	30944.098356965605	0.38600067957866124	3400.0	4650.0	3412.468066414055	4713.726043886189	1280.38400570145	2254.724047960116
85	2617.6456727147456	100k-300k	0										
85	2617.6456727147456	300k-inf	0										
85	2617.6456727147456	all	14424	15823.742783207988	6.170826400443705	12655.876995442306	0.1968247365501941	2700.0	2700.0	2671.404559881377	2710.879285546922	277.577294636254	314.63256054006706
86	8656.189833024111	0k-3k	3350	1521.2931151143266	2.5904477611940298	1857.1850882916829	0.00626865671641791	9700.0	9450.0	9646.505696855967	9423.315631346099	2959.2906937297857	2900.2155506099425
86	8656.189833024111	3k-10k	4181	6075.599859906155	4.755321693374791	6086.515470643766	0.039464243004066014	8700.0	8900.0	8695.082706429179	8863.185546714143	684.8391488887082	936.6509455035721
86	8656.189833024111	10k-30k	4078	17896.79798335859	8.326630701324179	15906.433045433965	0.21726336439431093	8650.0	8950.0	8600.022149759548	8943.149923686462	748.4808871927271	1137.7137489273628
86	8656.189833024111	30k-100k	2620	43384.06648110887	9.97557251908397	29420.200200355444	0.32213740458015266	9250.0	13100.0	9187.71922514732	13117.635269668848	1124.3737862696598	3134.8559294038696
86	8656.189833024111	100k-300k	0										
86	8656.189833024111	300k-inf	0										
86	8656.189833024111	all	14229	15260.932694254145	6.23037458711083	12201.605855137374	0.13465457867734906	8700.0	9150.0	8751.205916891213	9114.828721777376	463.9484216780911	649.0863409478461
87	8202.343275499854	0k-3k	3476	1531.6832491577068	2.5808400460299192	1832.204296645677	0.010069044879171462	7300.0	7300.0	7395.458513950129	7336.126793742871	2288.50745456372	2270.9757873867284
87	8202.343275499854	3k-10k	3962	5981.3622087367	4.810449268046441	6005.006816895166	0.04770318021201413	8200.0	8550.0	8180.617775283939	8545.675901042729	703.1016573771522	1006.4773680101671
87	8202.343275499854	10k-30k	4058	18138.58778630792	8.543124691966486	16074.594558208988	0.22375554460325284	8000.0	8300.0	8014.997453441156	8312.821778787953	736.9131020846526	1147.8580893046437
87	8202.343275499854	30k-100k	2761	43306.92338261784	10.350597609561753	29672.78973168216	0.3567547989858747	7350.0	8200.0	7348.761747367093	8232.377473535802	1378.8832296232558	3008.312480379722
87	8202.343275499854	100k-300k	0										
87	8202.343275499854	300k-inf	0										
87	8202.343275499854	all	14257	15585.262870262495	6.40218839868135	12437.248811816338	0.14848846180823455	7950.0	8300.0	7962.765721774218	8330.765151259588	479.47344320553293	709.4607012757897
88	8229.229702978293	0k-3k	3334	1542.5073651835964	2.571385722855429	1851.0053526366648	0.00629874025194961	8050.0	8050.0	7942.516908878634	7963.151242094422	1884.9395163873905	1917.6473048526805
88	8229.229702978293	3k-10k	3883	6080.297042466262	4.915014164305949	6332.222903637743	0.04944630440381149	7950.0	8000.0	7899.548478465375	7972.720686549755	622.4701369093036	879.0226805132361
88	8229.229702978293	10k-30k	4257	18163.75596528437	7.9985905567300914	15992.98360965177	0.20742306788818415	8400.0	9100.0	8383.611180367207	9067.758967355316	666.5700290578088	1113.1352319075813
88	8229.229702978293	30k-100k	2959	43555.87154670627	9.754646840148698	30248.66314673556	0.35755322744170326	6850.0	6050.0	6822.928038766372	6129.285034055027	1860.7037277985746	2864.428899934189
88	8229.229702978293	100k-300k	0										
88	8229.229702978293	300k-inf	0										
88	8229.229702978293	all	14433	16279.182846417101	6.27534123189912	13049.760885331816	0.14924132197048431	8000.0	8250.0	8011.0011201877205	8226.11329615442	432.8011443861142	634.4806475975065
89	8347.888305414554	0k-3k	3398	1580.7748151880614	2.6027074749852854	1942.761617895727	0.007062978222483814	7850.0	8100.0	7707.015279481483	8051.737234863184	1410.2372894763275	1966.2511023973393
89	8347.888305414554	3k-10k	4399	5879.8554563923	4.275062514207774	5716.617024678691	0.040691066151398045	8100.0	8150.0	8074.6615040726865	8149.813843434413	592.3184974587866	823.1189974615854
89	8347.888305414554	10k-30k	4226	18152.813972103617	8.39730241362991	16331.955767246734	0.21817321344060578	8300.0	8600.0	8254.534345216513	8572.2503477574	595.5290938584867	1084.2576845333451
89	8347.888305414554	30k-100k	2948	43221.593332526645	10.220149253731343	30626.217451383207	0.3605834464043419	8700.0	9600.0	8592.436564697566	9637.696185654546	982.4500381484486	2864.07994514685
89	8347.888305414554	100k-300k	0										
89	8347.888305414554	300k-inf	0										
89	8347.888305414554	all	14971	15721.59548227087	6.229777569968606	12761.594842577893	0.14614922182886914	8200.0	8350.0	8184.954074427666	8342.453250773617	365.1107979961207	574.8037558763272
90	71.44360144610285	0k-3k	3478	1521.4492546724107	2.4686601495112135	1733.529295574963	0.06411730879815986	250.0	300.0	253.42174708362305	285.84888058761067	220.31624604233227	315.67071547585374
90	71.44360144610285	3k-10k	3944	5998.93266405023	4.868661257606491	6258.620747771324	0.17900608519269776	300.0	450.0	299.1341933691057	468.08179665486546	530.1429843348078	816.4293232708377
90	71.44360144610285	10k-30k	4552	18423.7607103916	8.344244288224957	16645.32509813479	0.30887521968365556	150.0	550.0	123.4502430131172	598.7301165816032	250.72201295294775	1012.0932392858494
90	71.44360144610285	30k-100k	3094	43268.18547098238	9.955397543632838	30363.610311337987	0.3878474466709761	200.0	150.0	292.1518508788778	272.6162274139384	713.04268805083	715.0040661058488
90	71.44360144610285	100k-300k	0										
90	71.44360144610285	300k-inf	0										
90	71.44360144610285	all	15068	16371.6561942983	6.409145208388638	13301.549327661873	0.23460313246615344	200.0	300.0	208.5403706986491	311.4094985409893	181.70454769330303	277.19074638914805
91	3331.2102637669773	0k-3k	3415	1582.1656656382927	2.49692532942899	1838.2826053685546	0.019912152269399706	3250.0	3400.0	3236.8640839151526	3369.45262643326	740.6856124199376	892.5396359327874
91	3331.2102637669773	3k-10k	4232	5966.163875026276	4.701086956521739	6009.385493032057	0.1027882797731569	3400.0	3600.0	3373.491717503125	3589.9931686398827	338.35531800107583	527.9405729834043
91	3331.2102637669773	10k-30k	4267	18621.763839298852	8.068432153737989	16124.347944336001	0.27630653855167564	3350.0	4100.0	3295.7423199227924	4093.923187021526	740.0067441448668	1445.6616472309247
91	3331.2102637669773	30k-100k	2985	43649.71667573299	9.977554438860972	30328.880540373164	0.35678391959798994	3900.0	5800.0	3849.666244896021	5882.398982634974	1247.0355429130072	2688.4808417266813
91	3331.2102637669773	100k-300k	0										
91	3331.2102637669773	300k-inf	0										
91	3331.2102637669773	all	14899	16135.671645520986	6.217397140747702	12822.589139898038	0.1843747902543795	3400.0	3650.0	3377.7977979413245	3662.2429059247115	285.8543339759717	401.4778484765743
92	8409.573372196684	0k-3k	3003	1531.2658557586844	2.84981684981685	1992.0204474907835	0.008658008658008658	8400.0	8550.0	8248.46572747249	8480.611024939146	1671.7854563253577	2097.3949026700384
92	8409.573372196684	3k-10k	4267	6022.773477668677	4.565033981720178	5875.281853247545	0.04194984766815093	8250.0	8100.0	8196.767330964105	8059.553848746843	678.3864400825796	789.36922423941
92	8409.573372196684	10k-30k	4248	18142.295588732195	8.157721280602637	15800.011108992618	0.21727871939736346	8200.0	8350.0	8182.614185874863	8341.499242550413	662.965311219843	1195.3178978091
92	8409.573372196684	30k-100k	2662	43402.811412997005	10.101051840721261	30223.165594810325	0.34259954921111946	7450.0	9750.0	7397.090815823316	9762.090290530128	1604.61542738761	3383.1514478288145
92	8409.573372196684	100k-300k	0										
92	8409.573372196684	300k-inf	0										
92	8409.573372196684	all	14180	15719.62774586657	6.317348377997179	12596.923771227632	0.14386459802538787	8150.0	8200.0	8142.9546949193555	8226.639098036503	470.52996963246824	589.622244719837
93	5497.5405312537705	0k-3k	3245	1558.1994101025127	2.689984591679507	1997.6879178219112	0.01818181818181818	5700.0	5450.0	5636.657197795702	5432.330744704057	1441.9801092199968	1476.1667154340612
93	5497.5405312537705	3k-10k	4550	5973.33135557866	4.484395604395605	5906.400653857466	0.07406593406593406	5800.0	5550.0	5776.162969587115	5566.582017175887	575.7174477387452	693.6259356768405
93	5497.5405312537705	10k-30k	4239	18179.852544138	7.785562632696391	15834.759994869293	0.24628450106157113	5850.0	6600.0	5785.238107623722	6587.435858579316	477.8832302521614	1243.8096113093152
93	5497.5405312537705	30k-100k	2773	43660.02591551069	10.21961774251713	30402.00848828557	0.3559322033898305	5550.0	7250.0	5483.405620072599	7274.140593273555	1488.5004853596583	3164.4125676953818
93	5497.5405312537705	100k-300k	0										
93	5497.5405312537705	300k-inf	0										
93	5497.5405312537705	all	14807	15558.091548050092	6.1102856756939286	12479.566247359384	0.1639089619774431	5800.0	5800.0	5776.489873242888	5788.453168933097	376.83152581458125	536.8355034396864
94	1058.8467233185715	0k-3k	3227	1482.1738216573058	2.444375581035017	1643.5251541408547	0.038735667802912925	900.0	900.0	893.8177342519072	908.8896637957512	311.1721828667021	374.7334427752429
94	1058.8467233185715	3k-10k	4110	5970.200541201483	4.7340632603406325	6087.91388047157	0.15523114355231143	950.0	1150.0	917.2981849993954	1161.0028661012248	474.4958238542264	742.1395817842402
94	1058.8467233185715	10k-30k	4235	18168.796281798568	7.999291617473435	16096.554866735769	0.2935064935064935	1200.0	1800.0	1185.9167089615726	1807.2768655276095	760.0480844439222	1315.310978339295
94	1058.8467233185715	30k-100k	3164	43718.59451076655	10.306890012642224	30342.286472527452	0.404551201011378	1300.0	1500.0	1336.6414833814256	1522.407435874149	1060.67401789938	1295.9047031164619
94	1058.8467233185715	100k-300k	0										
94	1058.8467233185715	300k-inf	0										
94	1058.8467233185715	all	14736	16598.193840411815	6.367603148751357	13198.757191968887	0.22299131378935938	950.0	1050.0	948.8720876538973	1033.3785160809703	237.8764611000588	294.76239916617953
95	9366.326670234093	0k-3k	3502	1519.03078281355	2.6179326099371787	1882.7512770232086	0.005996573386636208	8700.0	8850.0	8714.506921455635	8808.123902516732	2498.981523223525	2576.687158764448
95	9366.326670234093	3k-10k	4226	5995.3032990460115	4.632986275437767	5917.425560752185	0.03880738286796025	9200.0	9150.0	9205.396778032879	9171.026884175975	936.3871798621585	1062.2778523855432
95	9366.326670234093	10k-30k	4230	18480.39747643884	8.465721040189125	16746.050419161627	0.2094562647754137	9300.0	9750.0	9283.051535520093	9762.158034100377	637.8206184866231	1082.1720637713552
95	9366.326670234093	30k-100k	3029	43152.317186472574	10.120501815780786	30173.40482402602	0.3232089798613404	9850.0	12900.0	9792.710298109254	12862.43851839417	1325.3174131299456	2856.222256028421
95	9366.326670234093	100k-300k	0										
95	9366.326670234093	300k-inf	0										
95	9366.326670234093	all	14987	15982.935052134731	6.352972576232735	12933.306991185862	0.13678521385200507	9350.0	9600.0	9316.271033586996	9609.70458539455	493.16021587719297	695.2664319369997
96	2700.793738546875	0k-3k	3417	1585.0776935832166	2.7067603160667253	2012.6535828642466	0.04711735440444834	2300.0	2200.0	2282.543927908589	2228.0292176938697	651.2229999307945	668.9634690067185
96	2700.793738546875	3k-10k	4406	5969.457155023251	4.544257830231502	5919.896472823604	0.12392192464820699	2500.0	2550.0	2487.850506054989	2541.5968775511046	440.41447638610725	617.2713108072521
96	2700.793738546875	10k-30k	4411	18576.197711424324	8.216504194060304	16677.38863051797	0.30015869417365676	1600.0	1450.0	1614.7242882705634	1487.153591092501	1079.0769766467886	1348.4611122717868
96	2700.793738546875	30k-100k	3130	43693.45288273566	10.084984025559105	30692.66575875656	0.373482428115016	900.0	900.0	907.5967606997821	919.2841741264011	1095.5366061843827	1228.5162080441535
96	2700.793738546875	100k-300k	0										
96	2700.793738546875	300k-inf	0										
96	2700.793738546875	all	15364	16298.994684461184	6.31866701379849	13186.169371650009	0.20827909398594116	2200.0	2200.0	2211.6572660324873	2193.0427769485586	389.3190742666584	461.1929223053555
97	8828.256103209074	0k-3k	3333	1490.6639068353745	2.518751875187519	1811.6578681629494	0.0039003900390039005	9650.0	9650.0	9416.557063831922	9463.719544422514	1962.8943225662842	1962.1099326747299
97	8828.256103209074	3k-10k	4072	6052.510538014589	4.930746561886051	6255.404404566616	0.04199410609037328	8900.0	9100.0	8836.29417024153	9101.314291519948	559.1988568092765	1019.791682592595
97	8828.256103209074	10k-30k	4163	18040.08089294404	8.177996637040597	16241.050789851832	0.21066538553927455	9100.0	9550.0	9107.520421936413	9514.668680490959	555.5386724979635	1034.2396254896557
97	8828.256103209074	30k-100k	2807	43726.91614507627	10.310295689348058	30151.722530820396	0.3384396152475953	9150.0	12100.0	9062.658648633651	12078.402482359255	737.2781861347667	2858.717477112601
97	8828.256103209074	100k-300k	0										
97	8828.256103209074	300k-inf	0										
97	8828.256103209074	all	14375	15823.061988788371	6.362365217391305	12783.14031249728	0.13989565217391303	9000.0	9500.0	8982.763101040222	9490.337335494605	271.5750420728564	664.1831841577441
98	69.58406464310562	0k-3k	3605	1550.9984847897908	2.4854368932038833	1861.614552449319	0.06934812760055478	150.0	150.0	123.8724168400347	166.13631432577205	177.04594485015127	283.26222581765785
98	69.58406464310562	3k-10k	4334	5914.017650633128	4.730502999538532	6124.122899247254	0.1868943239501615	150.0	200.0	182.14272432184669	257.9060037463075	376.0517358963511	585.2258164853747
98	69.58406464310562	10k-30k	4184	18173.673151022816	8.064770554493307	16302.631217079888	0.2975621414913958	0.0	200.0	99.63106714966327	331.07433588738377	320.24123663886775	832.4855090485474
98	69.58406464310562	30k-100k	3075	43757.41679862647	10.004227642276422	30171.24615521611	0.38926829268292684	0.0	0.0	69.33791266698326	74.73416423148393	259.06379081340737	280.2497261557233
98	69.58406464310562	100k-300k	0										
98	69.58406464310562	300k-inf	0										
98	69.58406464310562	all	15198	15911.00191835551	6.182918805105935	12780.619821454742	0.23042505592841164	100.0	100.0	98.32283983250352	123.92659407473951	183.85649370594797	242.73479790986164
99	7470.10777183387	0k-3k	3396	1528.449068021026	2.653121319199058	1836.1635659649432	0.006772673733804476	7600.0	7450.0	7512.354417368073	7414.317067149669	1859.1135933639443	1930.886816265539
99	7470.10777183387	3k-10k	4004	6070.532225566527	4.813186813186813	6171.064597936207	0.055694305694305696	7550.0	7650.0	7505.592138461955	7680.535755088342	668.403726175201	896.0602390271824
99	7470.10777183387	10k-30k	4225	18400.62393970964	8.308165680473373	16606.18708292415	0.2442603550295858	7450.0	7600.0	7434.3137329316	7598.638329053807	648.4430608554248	1144.1732767269787
99	7470.10777183387	30k-100k	2901	43268.67203414417	10.060324026197863	30603.801561526838	0.3536711478800414	6550.0	8000.0	6475.567182728774	8029.1558670037375	1478.8211297189246	2871.66047644451
99	7470.10777183387	100k-300k	0										
99	7470.10777183387	300k-inf	0										
99	7470.10777183387	all	14526	16023.82471310018	6.372642158887512	13072.237565434214	0.15861214374225527	7350.0	7650.0	7376.221642474613	7647.575727371882	456.1028396635884	655.4498744383827
100	4471.00492970745	0k-3k	3235	1514.1491548033237	2.6834621329211745	1865.8723486598697	0.013601236476043277	4600.0	4650.0	4520.023841209397	4563.634409202497	766.7176570590318	797.2584327320355
100	4471.00492970745	3k-10k	4070	5859.6709387421	4.8813267813267815	6071.0670783002615	0.0977886977886978	4550.0	4600.0	4539.624091533433	4579.704364898227	489.2270808242929	686.7403382374068
100	4471.00492970745	10k-30k	4092	18438.66561798051	8.154936461388074	16023.287828640281	0.27590420332355814	4400.0	5450.0	4365.345685349074	5422.425656795343	653.6739633442248	1281.050561092653
100	4471.00492970745	30k-100k	2887	43233.62659883882	10.415656390717007	30355.900547883582	0.37305161066851406	4500.0	7750.0	4431.584733364505	7790.136916552213	810.661857785647	2640.7073096337963
100	4471.00492970745	100k-300k	0										
100	4471.00492970745	300k-inf	0										
100	4471.00492970745	all	14284	16032.87825091662	6.439932791935032	12878.053677760618	0.18538224586950433	4500.0	4800.0	4499.269994444487	4784.09025273953	344.2872062995675	376.84777628107804
